2024-11-13 15:27:57,572 [Worker-7: Loading available Gradle versions] INFO  o.e.b.c.i.u.g.PublishedGradleVersions - Gradle version information cache is not available. Remote download required.
2024-11-13 15:45:01,371 [Worker-21: Launching mavenrun-d6ec82de-8c83-4ed0-96e0-6de19e729ddc] INFO  o.eclipse.m2e.core.internal.Bundles - getClasspathEntries(Bundle=org.eclipse.m2e.maven.runtime_3.9.900.20240824-1409 [360])
2024-11-13 15:45:01,373 [Worker-21: Launching mavenrun-d6ec82de-8c83-4ed0-96e0-6de19e729ddc] INFO  o.eclipse.m2e.core.internal.Bundles - 	Entry: C:\STS\SpringTool\sts-4.26.0.RELEASE\plugins\org.eclipse.m2e.maven.runtime_3.9.900.20240824-1409
2024-11-13 15:45:01,373 [Worker-21: Launching mavenrun-d6ec82de-8c83-4ed0-96e0-6de19e729ddc] INFO  o.eclipse.m2e.core.internal.Bundles - 	Entry: C:\STS\SpringTool\sts-4.26.0.RELEASE\plugins\org.eclipse.m2e.maven.runtime_3.9.900.20240824-1409\jars\aopalliance-1.0.jar
2024-11-13 15:45:01,374 [Worker-21: Launching mavenrun-d6ec82de-8c83-4ed0-96e0-6de19e729ddc] INFO  o.eclipse.m2e.core.internal.Bundles - 	Entry: C:\STS\SpringTool\sts-4.26.0.RELEASE\plugins\org.eclipse.m2e.maven.runtime_3.9.900.20240824-1409\jars\guice-5.1.0.jar
2024-11-13 15:45:01,374 [Worker-21: Launching mavenrun-d6ec82de-8c83-4ed0-96e0-6de19e729ddc] INFO  o.eclipse.m2e.core.internal.Bundles - 	Entry: C:\STS\SpringTool\sts-4.26.0.RELEASE\plugins\org.eclipse.m2e.maven.runtime_3.9.900.20240824-1409\jars\httpclient-4.5.14.jar
2024-11-13 15:45:01,374 [Worker-21: Launching mavenrun-d6ec82de-8c83-4ed0-96e0-6de19e729ddc] INFO  o.eclipse.m2e.core.internal.Bundles - 	Entry: C:\STS\SpringTool\sts-4.26.0.RELEASE\plugins\org.eclipse.m2e.maven.runtime_3.9.900.20240824-1409\jars\httpcore-4.4.16.jar
2024-11-13 15:45:01,374 [Worker-21: Launching mavenrun-d6ec82de-8c83-4ed0-96e0-6de19e729ddc] INFO  o.eclipse.m2e.core.internal.Bundles - 	Entry: C:\STS\SpringTool\sts-4.26.0.RELEASE\plugins\org.eclipse.m2e.maven.runtime_3.9.900.20240824-1409\jars\jansi-2.4.1.jar
2024-11-13 15:45:01,374 [Worker-21: Launching mavenrun-d6ec82de-8c83-4ed0-96e0-6de19e729ddc] INFO  o.eclipse.m2e.core.internal.Bundles - 	Entry: C:\STS\SpringTool\sts-4.26.0.RELEASE\plugins\org.eclipse.m2e.maven.runtime_3.9.900.20240824-1409\jars\jcl-over-slf4j-1.7.36.jar
2024-11-13 15:45:01,374 [Worker-21: Launching mavenrun-d6ec82de-8c83-4ed0-96e0-6de19e729ddc] INFO  o.eclipse.m2e.core.internal.Bundles - 	Entry: C:\STS\SpringTool\sts-4.26.0.RELEASE\plugins\org.eclipse.m2e.maven.runtime_3.9.900.20240824-1409\jars\maven-artifact-3.9.9.jar
2024-11-13 15:45:01,374 [Worker-21: Launching mavenrun-d6ec82de-8c83-4ed0-96e0-6de19e729ddc] INFO  o.eclipse.m2e.core.internal.Bundles - 	Entry: C:\STS\SpringTool\sts-4.26.0.RELEASE\plugins\org.eclipse.m2e.maven.runtime_3.9.900.20240824-1409\jars\maven-builder-support-3.9.9.jar
2024-11-13 15:45:01,374 [Worker-21: Launching mavenrun-d6ec82de-8c83-4ed0-96e0-6de19e729ddc] INFO  o.eclipse.m2e.core.internal.Bundles - 	Entry: C:\STS\SpringTool\sts-4.26.0.RELEASE\plugins\org.eclipse.m2e.maven.runtime_3.9.900.20240824-1409\jars\maven-compat-3.9.9.jar
2024-11-13 15:45:01,374 [Worker-21: Launching mavenrun-d6ec82de-8c83-4ed0-96e0-6de19e729ddc] INFO  o.eclipse.m2e.core.internal.Bundles - 	Entry: C:\STS\SpringTool\sts-4.26.0.RELEASE\plugins\org.eclipse.m2e.maven.runtime_3.9.900.20240824-1409\jars\maven-core-3.9.9.jar
2024-11-13 15:45:01,374 [Worker-21: Launching mavenrun-d6ec82de-8c83-4ed0-96e0-6de19e729ddc] INFO  o.eclipse.m2e.core.internal.Bundles - 	Entry: C:\STS\SpringTool\sts-4.26.0.RELEASE\plugins\org.eclipse.m2e.maven.runtime_3.9.900.20240824-1409\jars\maven-embedder-3.9.9.jar
2024-11-13 15:45:01,375 [Worker-21: Launching mavenrun-d6ec82de-8c83-4ed0-96e0-6de19e729ddc] INFO  o.eclipse.m2e.core.internal.Bundles - 	Entry: C:\STS\SpringTool\sts-4.26.0.RELEASE\plugins\org.eclipse.m2e.maven.runtime_3.9.900.20240824-1409\jars\maven-model-3.9.9.jar
2024-11-13 15:45:01,375 [Worker-21: Launching mavenrun-d6ec82de-8c83-4ed0-96e0-6de19e729ddc] INFO  o.eclipse.m2e.core.internal.Bundles - 	Entry: C:\STS\SpringTool\sts-4.26.0.RELEASE\plugins\org.eclipse.m2e.maven.runtime_3.9.900.20240824-1409\jars\maven-model-builder-3.9.9.jar
2024-11-13 15:45:01,375 [Worker-21: Launching mavenrun-d6ec82de-8c83-4ed0-96e0-6de19e729ddc] INFO  o.eclipse.m2e.core.internal.Bundles - 	Entry: C:\STS\SpringTool\sts-4.26.0.RELEASE\plugins\org.eclipse.m2e.maven.runtime_3.9.900.20240824-1409\jars\maven-plugin-api-3.9.9.jar
2024-11-13 15:45:01,375 [Worker-21: Launching mavenrun-d6ec82de-8c83-4ed0-96e0-6de19e729ddc] INFO  o.eclipse.m2e.core.internal.Bundles - 	Entry: C:\STS\SpringTool\sts-4.26.0.RELEASE\plugins\org.eclipse.m2e.maven.runtime_3.9.900.20240824-1409\jars\maven-repository-metadata-3.9.9.jar
2024-11-13 15:45:01,375 [Worker-21: Launching mavenrun-d6ec82de-8c83-4ed0-96e0-6de19e729ddc] INFO  o.eclipse.m2e.core.internal.Bundles - 	Entry: C:\STS\SpringTool\sts-4.26.0.RELEASE\plugins\org.eclipse.m2e.maven.runtime_3.9.900.20240824-1409\jars\maven-resolver-api-1.9.22.jar
2024-11-13 15:45:01,375 [Worker-21: Launching mavenrun-d6ec82de-8c83-4ed0-96e0-6de19e729ddc] INFO  o.eclipse.m2e.core.internal.Bundles - 	Entry: C:\STS\SpringTool\sts-4.26.0.RELEASE\plugins\org.eclipse.m2e.maven.runtime_3.9.900.20240824-1409\jars\maven-resolver-connector-basic-1.9.22.jar
2024-11-13 15:45:01,375 [Worker-21: Launching mavenrun-d6ec82de-8c83-4ed0-96e0-6de19e729ddc] INFO  o.eclipse.m2e.core.internal.Bundles - 	Entry: C:\STS\SpringTool\sts-4.26.0.RELEASE\plugins\org.eclipse.m2e.maven.runtime_3.9.900.20240824-1409\jars\maven-resolver-impl-1.9.22.jar
2024-11-13 15:45:01,375 [Worker-21: Launching mavenrun-d6ec82de-8c83-4ed0-96e0-6de19e729ddc] INFO  o.eclipse.m2e.core.internal.Bundles - 	Entry: C:\STS\SpringTool\sts-4.26.0.RELEASE\plugins\org.eclipse.m2e.maven.runtime_3.9.900.20240824-1409\jars\maven-resolver-named-locks-1.9.22.jar
2024-11-13 15:45:01,375 [Worker-21: Launching mavenrun-d6ec82de-8c83-4ed0-96e0-6de19e729ddc] INFO  o.eclipse.m2e.core.internal.Bundles - 	Entry: C:\STS\SpringTool\sts-4.26.0.RELEASE\plugins\org.eclipse.m2e.maven.runtime_3.9.900.20240824-1409\jars\maven-resolver-provider-3.9.9.jar
2024-11-13 15:45:01,375 [Worker-21: Launching mavenrun-d6ec82de-8c83-4ed0-96e0-6de19e729ddc] INFO  o.eclipse.m2e.core.internal.Bundles - 	Entry: C:\STS\SpringTool\sts-4.26.0.RELEASE\plugins\org.eclipse.m2e.maven.runtime_3.9.900.20240824-1409\jars\maven-resolver-spi-1.9.22.jar
2024-11-13 15:45:01,375 [Worker-21: Launching mavenrun-d6ec82de-8c83-4ed0-96e0-6de19e729ddc] INFO  o.eclipse.m2e.core.internal.Bundles - 	Entry: C:\STS\SpringTool\sts-4.26.0.RELEASE\plugins\org.eclipse.m2e.maven.runtime_3.9.900.20240824-1409\jars\maven-resolver-transport-file-1.9.22.jar
2024-11-13 15:45:01,375 [Worker-21: Launching mavenrun-d6ec82de-8c83-4ed0-96e0-6de19e729ddc] INFO  o.eclipse.m2e.core.internal.Bundles - 	Entry: C:\STS\SpringTool\sts-4.26.0.RELEASE\plugins\org.eclipse.m2e.maven.runtime_3.9.900.20240824-1409\jars\maven-resolver-transport-http-1.9.22.jar
2024-11-13 15:45:01,375 [Worker-21: Launching mavenrun-d6ec82de-8c83-4ed0-96e0-6de19e729ddc] INFO  o.eclipse.m2e.core.internal.Bundles - 	Entry: C:\STS\SpringTool\sts-4.26.0.RELEASE\plugins\org.eclipse.m2e.maven.runtime_3.9.900.20240824-1409\jars\maven-resolver-transport-wagon-1.9.22.jar
2024-11-13 15:45:01,375 [Worker-21: Launching mavenrun-d6ec82de-8c83-4ed0-96e0-6de19e729ddc] INFO  o.eclipse.m2e.core.internal.Bundles - 	Entry: C:\STS\SpringTool\sts-4.26.0.RELEASE\plugins\org.eclipse.m2e.maven.runtime_3.9.900.20240824-1409\jars\maven-resolver-util-1.9.22.jar
2024-11-13 15:45:01,376 [Worker-21: Launching mavenrun-d6ec82de-8c83-4ed0-96e0-6de19e729ddc] INFO  o.eclipse.m2e.core.internal.Bundles - 	Entry: C:\STS\SpringTool\sts-4.26.0.RELEASE\plugins\org.eclipse.m2e.maven.runtime_3.9.900.20240824-1409\jars\maven-settings-3.9.9.jar
2024-11-13 15:45:01,376 [Worker-21: Launching mavenrun-d6ec82de-8c83-4ed0-96e0-6de19e729ddc] INFO  o.eclipse.m2e.core.internal.Bundles - 	Entry: C:\STS\SpringTool\sts-4.26.0.RELEASE\plugins\org.eclipse.m2e.maven.runtime_3.9.900.20240824-1409\jars\maven-settings-builder-3.9.9.jar
2024-11-13 15:45:01,376 [Worker-21: Launching mavenrun-d6ec82de-8c83-4ed0-96e0-6de19e729ddc] INFO  o.eclipse.m2e.core.internal.Bundles - 	Entry: C:\STS\SpringTool\sts-4.26.0.RELEASE\plugins\org.eclipse.m2e.maven.runtime_3.9.900.20240824-1409\jars\maven-shared-utils-3.4.2.jar
2024-11-13 15:45:01,376 [Worker-21: Launching mavenrun-d6ec82de-8c83-4ed0-96e0-6de19e729ddc] INFO  o.eclipse.m2e.core.internal.Bundles - 	Entry: C:\STS\SpringTool\sts-4.26.0.RELEASE\plugins\org.eclipse.m2e.maven.runtime_3.9.900.20240824-1409\jars\org.eclipse.sisu.inject-0.9.0.M3.jar
2024-11-13 15:45:01,376 [Worker-21: Launching mavenrun-d6ec82de-8c83-4ed0-96e0-6de19e729ddc] INFO  o.eclipse.m2e.core.internal.Bundles - 	Entry: C:\STS\SpringTool\sts-4.26.0.RELEASE\plugins\org.eclipse.m2e.maven.runtime_3.9.900.20240824-1409\jars\org.eclipse.sisu.plexus-0.9.0.M3.jar
2024-11-13 15:45:01,376 [Worker-21: Launching mavenrun-d6ec82de-8c83-4ed0-96e0-6de19e729ddc] INFO  o.eclipse.m2e.core.internal.Bundles - 	Entry: C:\STS\SpringTool\sts-4.26.0.RELEASE\plugins\org.eclipse.m2e.maven.runtime_3.9.900.20240824-1409\jars\plexus-build-api-0.0.7.jar
2024-11-13 15:45:01,376 [Worker-21: Launching mavenrun-d6ec82de-8c83-4ed0-96e0-6de19e729ddc] INFO  o.eclipse.m2e.core.internal.Bundles - 	Entry: C:\STS\SpringTool\sts-4.26.0.RELEASE\plugins\org.eclipse.m2e.maven.runtime_3.9.900.20240824-1409\jars\plexus-build-api-1.2.0.jar
2024-11-13 15:45:01,376 [Worker-21: Launching mavenrun-d6ec82de-8c83-4ed0-96e0-6de19e729ddc] INFO  o.eclipse.m2e.core.internal.Bundles - 	Entry: C:\STS\SpringTool\sts-4.26.0.RELEASE\plugins\org.eclipse.m2e.maven.runtime_3.9.900.20240824-1409\jars\plexus-cipher-2.0.jar
2024-11-13 15:45:01,376 [Worker-21: Launching mavenrun-d6ec82de-8c83-4ed0-96e0-6de19e729ddc] INFO  o.eclipse.m2e.core.internal.Bundles - 	Entry: C:\STS\SpringTool\sts-4.26.0.RELEASE\plugins\org.eclipse.m2e.maven.runtime_3.9.900.20240824-1409\jars\plexus-classworlds-2.8.0.jar
2024-11-13 15:45:01,376 [Worker-21: Launching mavenrun-d6ec82de-8c83-4ed0-96e0-6de19e729ddc] INFO  o.eclipse.m2e.core.internal.Bundles - 	Entry: C:\STS\SpringTool\sts-4.26.0.RELEASE\plugins\org.eclipse.m2e.maven.runtime_3.9.900.20240824-1409\jars\plexus-component-annotations-2.1.0.jar
2024-11-13 15:45:01,376 [Worker-21: Launching mavenrun-d6ec82de-8c83-4ed0-96e0-6de19e729ddc] INFO  o.eclipse.m2e.core.internal.Bundles - 	Entry: C:\STS\SpringTool\sts-4.26.0.RELEASE\plugins\org.eclipse.m2e.maven.runtime_3.9.900.20240824-1409\jars\plexus-interpolation-1.27.jar
2024-11-13 15:45:01,376 [Worker-21: Launching mavenrun-d6ec82de-8c83-4ed0-96e0-6de19e729ddc] INFO  o.eclipse.m2e.core.internal.Bundles - 	Entry: C:\STS\SpringTool\sts-4.26.0.RELEASE\plugins\org.eclipse.m2e.maven.runtime_3.9.900.20240824-1409\jars\plexus-sec-dispatcher-2.0.jar
2024-11-13 15:45:01,376 [Worker-21: Launching mavenrun-d6ec82de-8c83-4ed0-96e0-6de19e729ddc] INFO  o.eclipse.m2e.core.internal.Bundles - 	Entry: C:\STS\SpringTool\sts-4.26.0.RELEASE\plugins\org.eclipse.m2e.maven.runtime_3.9.900.20240824-1409\jars\plexus-utils-3.5.1.jar
2024-11-13 15:45:01,376 [Worker-21: Launching mavenrun-d6ec82de-8c83-4ed0-96e0-6de19e729ddc] INFO  o.eclipse.m2e.core.internal.Bundles - 	Entry: C:\STS\SpringTool\sts-4.26.0.RELEASE\plugins\org.eclipse.m2e.maven.runtime_3.9.900.20240824-1409\jars\plexus-xml-3.0.1.jar
2024-11-13 15:45:01,377 [Worker-21: Launching mavenrun-d6ec82de-8c83-4ed0-96e0-6de19e729ddc] INFO  o.eclipse.m2e.core.internal.Bundles - 	Entry: C:\STS\SpringTool\sts-4.26.0.RELEASE\plugins\org.eclipse.m2e.maven.runtime_3.9.900.20240824-1409\jars\wagon-file-3.5.3.jar
2024-11-13 15:45:01,377 [Worker-21: Launching mavenrun-d6ec82de-8c83-4ed0-96e0-6de19e729ddc] INFO  o.eclipse.m2e.core.internal.Bundles - 	Entry: C:\STS\SpringTool\sts-4.26.0.RELEASE\plugins\org.eclipse.m2e.maven.runtime_3.9.900.20240824-1409\jars\wagon-http-3.5.3.jar
2024-11-13 15:45:01,377 [Worker-21: Launching mavenrun-d6ec82de-8c83-4ed0-96e0-6de19e729ddc] INFO  o.eclipse.m2e.core.internal.Bundles - 	Entry: C:\STS\SpringTool\sts-4.26.0.RELEASE\plugins\org.eclipse.m2e.maven.runtime_3.9.900.20240824-1409\jars\wagon-http-shared-3.5.3.jar
2024-11-13 15:45:01,377 [Worker-21: Launching mavenrun-d6ec82de-8c83-4ed0-96e0-6de19e729ddc] INFO  o.eclipse.m2e.core.internal.Bundles - 	Entry: C:\STS\SpringTool\sts-4.26.0.RELEASE\plugins\org.eclipse.m2e.maven.runtime_3.9.900.20240824-1409\jars\wagon-provider-api-3.5.3.jar
2024-11-13 15:45:01,378 [Worker-21: Launching mavenrun-d6ec82de-8c83-4ed0-96e0-6de19e729ddc] INFO  o.eclipse.m2e.core.internal.Bundles - getClasspathEntries(Bundle=com.google.guava_33.3.0.jre [29])
2024-11-13 15:45:01,379 [Worker-21: Launching mavenrun-d6ec82de-8c83-4ed0-96e0-6de19e729ddc] INFO  o.eclipse.m2e.core.internal.Bundles - 	Entry: C:\STS\SpringTool\sts-4.26.0.RELEASE\plugins\com.google.guava_33.3.0.jre.jar
2024-11-13 15:45:01,379 [Worker-21: Launching mavenrun-d6ec82de-8c83-4ed0-96e0-6de19e729ddc] INFO  o.eclipse.m2e.core.internal.Bundles - getClasspathEntries(Bundle=slf4j.api_2.0.16 [593])
2024-11-13 15:45:01,379 [Worker-21: Launching mavenrun-d6ec82de-8c83-4ed0-96e0-6de19e729ddc] INFO  o.eclipse.m2e.core.internal.Bundles - 	Entry: C:\STS\SpringTool\sts-4.26.0.RELEASE\plugins\slf4j.api_2.0.16.jar
2024-11-13 15:45:01,379 [Worker-21: Launching mavenrun-d6ec82de-8c83-4ed0-96e0-6de19e729ddc] INFO  o.eclipse.m2e.core.internal.Bundles - getClasspathEntries(Bundle=javax.inject_1.0.0.v20091030 [604])
2024-11-13 15:45:01,379 [Worker-21: Launching mavenrun-d6ec82de-8c83-4ed0-96e0-6de19e729ddc] INFO  o.eclipse.m2e.core.internal.Bundles - 	Entry: C:\STS\SpringTool\sts-4.26.0.RELEASE\plugins\javax.inject_1.0.0.v20091030.jar
2024-11-13 15:45:01,379 [Worker-21: Launching mavenrun-d6ec82de-8c83-4ed0-96e0-6de19e729ddc] INFO  o.eclipse.m2e.core.internal.Bundles - getClasspathEntries(Bundle=javax.annotation_1.3.5.v20200909-1856 [603])
2024-11-13 15:45:01,379 [Worker-21: Launching mavenrun-d6ec82de-8c83-4ed0-96e0-6de19e729ddc] INFO  o.eclipse.m2e.core.internal.Bundles - 	Entry: C:\STS\SpringTool\sts-4.26.0.RELEASE\plugins\javax.annotation_1.3.5.v20200909-1856.jar
2024-11-13 15:45:01,379 [Worker-21: Launching mavenrun-d6ec82de-8c83-4ed0-96e0-6de19e729ddc] INFO  o.eclipse.m2e.core.internal.Bundles - getClasspathEntries(Bundle=org.apache.commons.cli_1.9.0 [77])
2024-11-13 15:45:01,380 [Worker-21: Launching mavenrun-d6ec82de-8c83-4ed0-96e0-6de19e729ddc] INFO  o.eclipse.m2e.core.internal.Bundles - 	Entry: C:\STS\SpringTool\sts-4.26.0.RELEASE\plugins\org.apache.commons.cli_1.9.0.jar
2024-11-13 15:45:01,380 [Worker-21: Launching mavenrun-d6ec82de-8c83-4ed0-96e0-6de19e729ddc] INFO  o.eclipse.m2e.core.internal.Bundles - getClasspathEntries(Bundle=org.apache.commons.commons-codec_1.16.0 [80])
2024-11-13 15:45:01,380 [Worker-21: Launching mavenrun-d6ec82de-8c83-4ed0-96e0-6de19e729ddc] INFO  o.eclipse.m2e.core.internal.Bundles - 	Entry: C:\STS\SpringTool\sts-4.26.0.RELEASE\plugins\org.apache.commons.commons-codec_1.16.0.jar
2024-11-13 15:45:01,380 [Worker-21: Launching mavenrun-d6ec82de-8c83-4ed0-96e0-6de19e729ddc] INFO  o.eclipse.m2e.core.internal.Bundles - getClasspathEntries(Bundle=com.google.guava.failureaccess_1.0.2 [30])
2024-11-13 15:45:01,380 [Worker-21: Launching mavenrun-d6ec82de-8c83-4ed0-96e0-6de19e729ddc] INFO  o.eclipse.m2e.core.internal.Bundles - 	Entry: C:\STS\SpringTool\sts-4.26.0.RELEASE\plugins\com.google.guava.failureaccess_1.0.2.jar
2024-11-13 15:45:01,383 [Worker-21: Launching mavenrun-d6ec82de-8c83-4ed0-96e0-6de19e729ddc] INFO  o.e.m.i.launch.MavenLaunchDelegate - Run build in "C:\Users\JOSEPI~1\AppData\Local\Temp\m2e-archetypeGenerator15802287526599047193":
2024-11-13 15:45:01,387 [Worker-21: Launching mavenrun-d6ec82de-8c83-4ed0-96e0-6de19e729ddc] INFO  o.e.m.i.launch.MavenLaunchDelegate -  mvn  -DarchetypeGroupId=org.apache.maven.archetypes -DarchetypeArtifactId=maven-archetype-quickstart -DarchetypeVersion=1.1 -DgroupId=com.jose -DartifactId=biblioteca1 -Dversion=0.0.1-SNAPSHOT -Dpackage=com.jose.biblioteca1 -DoutputDirectory=C:\STS\springProjects -Dstyle.color=always -U archetype:generate
2024-11-13 15:45:30,615 [Worker-0: Creating maven-archetype-quickstart] INFO  o.e.m.c.i.p.ProjectConfigurationManager - Collecting project info '/pom.xml' C:\STS\springProjects\biblioteca1\pom.xml
2024-11-13 15:45:31,498 [Worker-0: Creating maven-archetype-quickstart] INFO  o.e.m.c.i.l.LifecycleMappingFactory - Using org.eclipse.m2e.jdt.JarLifecycleMapping lifecycle mapping for MavenProject: com.jose:biblioteca1:0.0.1-SNAPSHOT @ C:\STS\springProjects\biblioteca1\pom.xml.
2024-11-13 15:45:31,989 [Worker-0: Creating maven-archetype-quickstart] INFO  o.e.m.j.i.AbstractJavaProjectConfigurator - Adding source folder /biblioteca1/src/main/java
2024-11-13 15:45:31,990 [Worker-0: Creating maven-archetype-quickstart] INFO  o.e.m.j.i.AbstractJavaProjectConfigurator - Adding resource folder /biblioteca1/src/main/resources
2024-11-13 15:45:31,993 [Worker-0: Creating maven-archetype-quickstart] INFO  o.e.m.j.i.AbstractJavaProjectConfigurator - Adding source folder /biblioteca1/src/test/java
2024-11-13 15:45:31,994 [Worker-0: Creating maven-archetype-quickstart] INFO  o.e.m.j.i.AbstractJavaProjectConfigurator - Adding resource folder /biblioteca1/src/test/resources
2024-11-13 15:45:32,336 [Worker-0: Creating maven-archetype-quickstart] INFO  o.e.m.c.i.p.ProjectConfigurationManager - Imported and configured 1 project(s) in 1 sec
2024-11-13 15:45:33,674 [Worker-27: Building] INFO  o.a.m.s.f.DefaultMavenResourcesFiltering - skip non existing resourceDirectory C:\STS\springProjects\biblioteca1\src\main\resources
2024-11-13 15:45:33,680 [Worker-27: Building] INFO  o.a.m.s.f.DefaultMavenResourcesFiltering - skip non existing resourceDirectory C:\STS\springProjects\biblioteca1\src\test\resources
2024-11-13 15:47:54,038 [Worker-28: Building] INFO  o.a.m.s.f.DefaultMavenResourcesFiltering - skip non existing resourceDirectory C:\STS\springProjects\biblioteca1\src\main\resources
2024-11-13 15:47:54,040 [Worker-28: Building] INFO  o.a.m.s.f.DefaultMavenResourcesFiltering - skip non existing resourceDirectory C:\STS\springProjects\biblioteca1\src\test\resources
2024-11-13 15:48:55,124 [Worker-29: Building] INFO  o.a.m.s.f.DefaultMavenResourcesFiltering - skip non existing resourceDirectory C:\STS\springProjects\biblioteca1\src\main\resources
2024-11-13 15:48:55,128 [Worker-29: Building] INFO  o.a.m.s.f.DefaultMavenResourcesFiltering - skip non existing resourceDirectory C:\STS\springProjects\biblioteca1\src\test\resources
2024-11-13 15:54:38,262 [Worker-30: Building] INFO  o.e.m.c.i.l.LifecycleMappingFactory - Using org.eclipse.m2e.jdt.JarLifecycleMapping lifecycle mapping for MavenProject: com.jose:biblioteca1:0.0.1-SNAPSHOT @ C:\STS\springProjects\biblioteca1\pom.xml.
2024-11-13 15:54:38,475 [Worker-30: Building] INFO  o.e.m.c.i.e.AbstractTransferListenerAdapter - Downloading https://repo.maven.apache.org/maven2/org/junit/jupiter/junit-jupiter-api/5.11.3/junit-jupiter-api-5.11.3.pom
2024-11-13 15:54:38,493 [Worker-30: Building] INFO  o.e.m.c.i.e.AbstractTransferListenerAdapter - Downloaded https://repo.maven.apache.org/maven2/org/junit/jupiter/junit-jupiter-api/5.11.3/junit-jupiter-api-5.11.3.pom
2024-11-13 15:54:38,522 [Worker-30: Building] INFO  o.e.m.c.i.e.AbstractTransferListenerAdapter - Downloading https://repo.maven.apache.org/maven2/org/junit/junit-bom/5.11.3/junit-bom-5.11.3.pom
2024-11-13 15:54:38,527 [Worker-30: Building] INFO  o.e.m.c.i.e.AbstractTransferListenerAdapter - Downloaded https://repo.maven.apache.org/maven2/org/junit/junit-bom/5.11.3/junit-bom-5.11.3.pom
2024-11-13 15:54:38,561 [Worker-30: Building] INFO  o.e.m.c.i.e.AbstractTransferListenerAdapter - Downloading https://repo.maven.apache.org/maven2/org/junit/platform/junit-platform-commons/1.11.3/junit-platform-commons-1.11.3.pom
2024-11-13 15:54:38,566 [Worker-30: Building] INFO  o.e.m.c.i.e.AbstractTransferListenerAdapter - Downloaded https://repo.maven.apache.org/maven2/org/junit/platform/junit-platform-commons/1.11.3/junit-platform-commons-1.11.3.pom
2024-11-13 15:54:38,685 [Worker-30: Building] INFO  o.e.m.c.i.e.AbstractTransferListenerAdapter - Downloading https://repo.maven.apache.org/maven2/org/junit/jupiter/junit-jupiter-api/5.11.3/junit-jupiter-api-5.11.3.jar
2024-11-13 15:54:38,734 [Worker-30: Building] INFO  o.e.m.c.i.e.AbstractTransferListenerAdapter - Downloaded https://repo.maven.apache.org/maven2/org/junit/jupiter/junit-jupiter-api/5.11.3/junit-jupiter-api-5.11.3.jar
2024-11-13 15:54:38,761 [BasicRepositoryConnector-repo.maven.apache.org-0-0] INFO  o.e.m.c.i.e.AbstractTransferListenerAdapter - Downloading https://repo.maven.apache.org/maven2/org/junit/platform/junit-platform-commons/1.11.3/junit-platform-commons-1.11.3.jar
2024-11-13 15:54:38,766 [BasicRepositoryConnector-repo.maven.apache.org-0-0] INFO  o.e.m.c.i.e.AbstractTransferListenerAdapter - Downloaded https://repo.maven.apache.org/maven2/org/junit/platform/junit-platform-commons/1.11.3/junit-platform-commons-1.11.3.jar
2024-11-13 15:54:38,897 [Worker-30: Building] INFO  o.a.m.s.f.DefaultMavenResourcesFiltering - skip non existing resourceDirectory C:\STS\springProjects\biblioteca1\src\main\resources
2024-11-13 15:54:38,901 [Worker-30: Building] INFO  o.a.m.s.f.DefaultMavenResourcesFiltering - skip non existing resourceDirectory C:\STS\springProjects\biblioteca1\src\test\resources
2024-11-13 15:54:39,502 [Worker-30: Building] INFO  o.a.m.s.f.DefaultMavenResourcesFiltering - skip non existing resourceDirectory C:\STS\springProjects\biblioteca1\src\main\resources
2024-11-13 15:54:39,504 [Worker-30: Building] INFO  o.a.m.s.f.DefaultMavenResourcesFiltering - skip non existing resourceDirectory C:\STS\springProjects\biblioteca1\src\test\resources
2024-11-13 15:54:39,861 [Worker-37: Download sources and javadoc] INFO  o.e.m.c.i.e.AbstractTransferListenerAdapter - Downloading https://repo.maven.apache.org/maven2/org/junit/jupiter/junit-jupiter-api/5.11.3/junit-jupiter-api-5.11.3-sources.jar
2024-11-13 15:54:39,909 [Worker-37: Download sources and javadoc] INFO  o.e.m.c.i.e.AbstractTransferListenerAdapter - Downloaded https://repo.maven.apache.org/maven2/org/junit/jupiter/junit-jupiter-api/5.11.3/junit-jupiter-api-5.11.3-sources.jar
2024-11-13 15:54:39,914 [Worker-37: Download sources and javadoc] INFO  o.e.m.j.internal.DownloadSourcesJob - Downloaded sources for org.junit.jupiter:junit-jupiter-api:5.11.3
2024-11-13 15:54:39,976 [Worker-37: Download sources and javadoc] INFO  o.e.m.c.i.e.AbstractTransferListenerAdapter - Downloading https://repo.maven.apache.org/maven2/org/junit/platform/junit-platform-commons/1.11.3/junit-platform-commons-1.11.3-sources.jar
2024-11-13 15:54:40,006 [Worker-37: Download sources and javadoc] INFO  o.e.m.c.i.e.AbstractTransferListenerAdapter - Downloaded https://repo.maven.apache.org/maven2/org/junit/platform/junit-platform-commons/1.11.3/junit-platform-commons-1.11.3-sources.jar
2024-11-13 15:54:40,009 [Worker-37: Download sources and javadoc] INFO  o.e.m.j.internal.DownloadSourcesJob - Downloaded sources for org.junit.platform:junit-platform-commons:1.11.3
2024-11-13 15:57:17,501 [Worker-36: Building] INFO  o.e.m.c.i.l.LifecycleMappingFactory - Using org.eclipse.m2e.jdt.JarLifecycleMapping lifecycle mapping for MavenProject: com.jose:biblioteca1:0.0.1-SNAPSHOT @ C:\STS\springProjects\biblioteca1\pom.xml.
2024-11-13 15:57:17,563 [Worker-36: Building] INFO  o.e.m.c.i.e.AbstractTransferListenerAdapter - Downloading https://repo.maven.apache.org/maven2/junit/junit/4.13.2/junit-4.13.2.pom
2024-11-13 15:57:17,572 [Worker-36: Building] INFO  o.e.m.c.i.e.AbstractTransferListenerAdapter - Downloaded https://repo.maven.apache.org/maven2/junit/junit/4.13.2/junit-4.13.2.pom
2024-11-13 15:57:17,597 [Worker-36: Building] INFO  o.e.m.c.i.e.AbstractTransferListenerAdapter - Downloading https://repo.maven.apache.org/maven2/junit/junit/4.13.2/junit-4.13.2.jar
2024-11-13 15:57:17,637 [Worker-36: Building] INFO  o.e.m.c.i.e.AbstractTransferListenerAdapter - Downloaded https://repo.maven.apache.org/maven2/junit/junit/4.13.2/junit-4.13.2.jar
2024-11-13 15:57:17,701 [Worker-36: Building] INFO  o.a.m.s.f.DefaultMavenResourcesFiltering - skip non existing resourceDirectory C:\STS\springProjects\biblioteca1\src\main\resources
2024-11-13 15:57:17,704 [Worker-36: Building] INFO  o.a.m.s.f.DefaultMavenResourcesFiltering - skip non existing resourceDirectory C:\STS\springProjects\biblioteca1\src\test\resources
2024-11-13 15:57:18,083 [Worker-44: Building] INFO  o.a.m.s.f.DefaultMavenResourcesFiltering - skip non existing resourceDirectory C:\STS\springProjects\biblioteca1\src\main\resources
2024-11-13 15:57:18,085 [Worker-44: Building] INFO  o.a.m.s.f.DefaultMavenResourcesFiltering - skip non existing resourceDirectory C:\STS\springProjects\biblioteca1\src\test\resources
2024-11-13 15:57:18,751 [Worker-40: Download sources and javadoc] INFO  o.e.m.c.i.e.AbstractTransferListenerAdapter - Downloading https://repo.maven.apache.org/maven2/junit/junit/4.13.2/junit-4.13.2-sources.jar
2024-11-13 15:57:18,788 [Worker-40: Download sources and javadoc] INFO  o.e.m.c.i.e.AbstractTransferListenerAdapter - Downloaded https://repo.maven.apache.org/maven2/junit/junit/4.13.2/junit-4.13.2-sources.jar
2024-11-13 15:57:18,790 [Worker-40: Download sources and javadoc] INFO  o.e.m.j.internal.DownloadSourcesJob - Downloaded sources for junit:junit:4.13.2
2024-11-13 15:57:18,845 [Worker-40: Download sources and javadoc] INFO  o.e.m.c.i.e.AbstractTransferListenerAdapter - Downloading https://repo.maven.apache.org/maven2/org/hamcrest/hamcrest-core/1.3/hamcrest-core-1.3-sources.jar
2024-11-13 15:57:18,853 [Worker-40: Download sources and javadoc] INFO  o.e.m.c.i.e.AbstractTransferListenerAdapter - Downloaded https://repo.maven.apache.org/maven2/org/hamcrest/hamcrest-core/1.3/hamcrest-core-1.3-sources.jar
2024-11-13 15:57:18,857 [Worker-40: Download sources and javadoc] INFO  o.e.m.j.internal.DownloadSourcesJob - Downloaded sources for org.hamcrest:hamcrest-core:1.3
2024-11-13 16:02:21,804 [Worker-45: Building] INFO  o.e.m.c.i.l.LifecycleMappingFactory - Using org.eclipse.m2e.jdt.JarLifecycleMapping lifecycle mapping for MavenProject: com.jose:biblioteca1:0.0.1-SNAPSHOT @ C:\STS\springProjects\biblioteca1\pom.xml.
2024-11-13 16:02:21,901 [Worker-45: Building] INFO  o.e.m.c.i.e.AbstractTransferListenerAdapter - Downloading https://repo.maven.apache.org/maven2/org/hibernate/orm/hibernate-core/6.6.2.Final/hibernate-core-6.6.2.Final.pom
2024-11-13 16:02:21,905 [Worker-45: Building] INFO  o.e.m.c.i.e.AbstractTransferListenerAdapter - Downloaded https://repo.maven.apache.org/maven2/org/hibernate/orm/hibernate-core/6.6.2.Final/hibernate-core-6.6.2.Final.pom
2024-11-13 16:02:21,933 [Worker-45: Building] INFO  o.e.m.c.i.e.AbstractTransferListenerAdapter - Downloading https://repo.maven.apache.org/maven2/jakarta/persistence/jakarta.persistence-api/3.1.0/jakarta.persistence-api-3.1.0.pom
2024-11-13 16:02:21,937 [Worker-45: Building] INFO  o.e.m.c.i.e.AbstractTransferListenerAdapter - Downloaded https://repo.maven.apache.org/maven2/jakarta/persistence/jakarta.persistence-api/3.1.0/jakarta.persistence-api-3.1.0.pom
2024-11-13 16:02:21,971 [Worker-45: Building] INFO  o.e.m.c.i.e.AbstractTransferListenerAdapter - Downloading https://repo.maven.apache.org/maven2/org/eclipse/ee4j/project/1.0.7/project-1.0.7.pom
2024-11-13 16:02:21,976 [Worker-45: Building] INFO  o.e.m.c.i.e.AbstractTransferListenerAdapter - Downloaded https://repo.maven.apache.org/maven2/org/eclipse/ee4j/project/1.0.7/project-1.0.7.pom
2024-11-13 16:02:22,010 [Worker-45: Building] INFO  o.e.m.c.i.e.AbstractTransferListenerAdapter - Downloading https://repo.maven.apache.org/maven2/jakarta/transaction/jakarta.transaction-api/2.0.1/jakarta.transaction-api-2.0.1.pom
2024-11-13 16:02:22,014 [Worker-45: Building] INFO  o.e.m.c.i.e.AbstractTransferListenerAdapter - Downloaded https://repo.maven.apache.org/maven2/jakarta/transaction/jakarta.transaction-api/2.0.1/jakarta.transaction-api-2.0.1.pom
2024-11-13 16:02:22,046 [Worker-45: Building] INFO  o.e.m.c.i.e.AbstractTransferListenerAdapter - Downloading https://repo.maven.apache.org/maven2/org/jboss/logging/jboss-logging/3.5.0.Final/jboss-logging-3.5.0.Final.pom
2024-11-13 16:02:22,060 [Worker-45: Building] INFO  o.e.m.c.i.e.AbstractTransferListenerAdapter - Downloaded https://repo.maven.apache.org/maven2/org/jboss/logging/jboss-logging/3.5.0.Final/jboss-logging-3.5.0.Final.pom
2024-11-13 16:02:22,094 [Worker-45: Building] INFO  o.e.m.c.i.e.AbstractTransferListenerAdapter - Downloading https://repo.maven.apache.org/maven2/org/jboss/jboss-parent/39/jboss-parent-39.pom
2024-11-13 16:02:22,131 [Worker-45: Building] INFO  o.e.m.c.i.e.AbstractTransferListenerAdapter - Downloaded https://repo.maven.apache.org/maven2/org/jboss/jboss-parent/39/jboss-parent-39.pom
2024-11-13 16:02:22,165 [Worker-45: Building] INFO  o.e.m.c.i.e.AbstractTransferListenerAdapter - Downloading https://repo.maven.apache.org/maven2/org/hibernate/common/hibernate-commons-annotations/7.0.3.Final/hibernate-commons-annotations-7.0.3.Final.pom
2024-11-13 16:02:22,173 [Worker-45: Building] INFO  o.e.m.c.i.e.AbstractTransferListenerAdapter - Downloaded https://repo.maven.apache.org/maven2/org/hibernate/common/hibernate-commons-annotations/7.0.3.Final/hibernate-commons-annotations-7.0.3.Final.pom
2024-11-13 16:02:22,214 [Worker-45: Building] INFO  o.e.m.c.i.e.AbstractTransferListenerAdapter - Downloading https://repo.maven.apache.org/maven2/io/smallrye/jandex/3.2.0/jandex-3.2.0.pom
2024-11-13 16:02:22,222 [Worker-45: Building] INFO  o.e.m.c.i.e.AbstractTransferListenerAdapter - Downloaded https://repo.maven.apache.org/maven2/io/smallrye/jandex/3.2.0/jandex-3.2.0.pom
2024-11-13 16:02:22,250 [Worker-45: Building] INFO  o.e.m.c.i.e.AbstractTransferListenerAdapter - Downloading https://repo.maven.apache.org/maven2/io/smallrye/jandex-parent/3.2.0/jandex-parent-3.2.0.pom
2024-11-13 16:02:22,257 [Worker-45: Building] INFO  o.e.m.c.i.e.AbstractTransferListenerAdapter - Downloaded https://repo.maven.apache.org/maven2/io/smallrye/jandex-parent/3.2.0/jandex-parent-3.2.0.pom
2024-11-13 16:02:22,329 [Worker-45: Building] INFO  o.e.m.c.i.e.AbstractTransferListenerAdapter - Downloading https://repo.maven.apache.org/maven2/io/smallrye/smallrye-build-parent/42/smallrye-build-parent-42.pom
2024-11-13 16:02:22,346 [Worker-45: Building] INFO  o.e.m.c.i.e.AbstractTransferListenerAdapter - Downloaded https://repo.maven.apache.org/maven2/io/smallrye/smallrye-build-parent/42/smallrye-build-parent-42.pom
2024-11-13 16:02:22,424 [Worker-45: Building] INFO  o.e.m.c.i.e.AbstractTransferListenerAdapter - Downloading https://repo.maven.apache.org/maven2/com/fasterxml/classmate/1.5.1/classmate-1.5.1.pom
2024-11-13 16:02:22,434 [Worker-45: Building] INFO  o.e.m.c.i.e.AbstractTransferListenerAdapter - Downloaded https://repo.maven.apache.org/maven2/com/fasterxml/classmate/1.5.1/classmate-1.5.1.pom
2024-11-13 16:02:22,499 [Worker-45: Building] INFO  o.e.m.c.i.e.AbstractTransferListenerAdapter - Downloading https://repo.maven.apache.org/maven2/com/fasterxml/oss-parent/35/oss-parent-35.pom
2024-11-13 16:02:22,512 [Worker-45: Building] INFO  o.e.m.c.i.e.AbstractTransferListenerAdapter - Downloaded https://repo.maven.apache.org/maven2/com/fasterxml/oss-parent/35/oss-parent-35.pom
2024-11-13 16:02:22,559 [Worker-45: Building] INFO  o.e.m.c.i.e.AbstractTransferListenerAdapter - Downloading https://repo.maven.apache.org/maven2/net/bytebuddy/byte-buddy/1.14.18/byte-buddy-1.14.18.pom
2024-11-13 16:02:22,572 [Worker-45: Building] INFO  o.e.m.c.i.e.AbstractTransferListenerAdapter - Downloaded https://repo.maven.apache.org/maven2/net/bytebuddy/byte-buddy/1.14.18/byte-buddy-1.14.18.pom
2024-11-13 16:02:22,603 [Worker-45: Building] INFO  o.e.m.c.i.e.AbstractTransferListenerAdapter - Downloading https://repo.maven.apache.org/maven2/net/bytebuddy/byte-buddy-parent/1.14.18/byte-buddy-parent-1.14.18.pom
2024-11-13 16:02:22,621 [Worker-45: Building] INFO  o.e.m.c.i.e.AbstractTransferListenerAdapter - Downloaded https://repo.maven.apache.org/maven2/net/bytebuddy/byte-buddy-parent/1.14.18/byte-buddy-parent-1.14.18.pom
2024-11-13 16:02:22,654 [Worker-45: Building] INFO  o.e.m.c.i.e.AbstractTransferListenerAdapter - Downloading https://repo.maven.apache.org/maven2/jakarta/xml/bind/jakarta.xml.bind-api/4.0.0/jakarta.xml.bind-api-4.0.0.pom
2024-11-13 16:02:22,661 [Worker-45: Building] INFO  o.e.m.c.i.e.AbstractTransferListenerAdapter - Downloaded https://repo.maven.apache.org/maven2/jakarta/xml/bind/jakarta.xml.bind-api/4.0.0/jakarta.xml.bind-api-4.0.0.pom
2024-11-13 16:02:22,685 [Worker-45: Building] INFO  o.e.m.c.i.e.AbstractTransferListenerAdapter - Downloading https://repo.maven.apache.org/maven2/jakarta/xml/bind/jakarta.xml.bind-api-parent/4.0.0/jakarta.xml.bind-api-parent-4.0.0.pom
2024-11-13 16:02:22,698 [Worker-45: Building] INFO  o.e.m.c.i.e.AbstractTransferListenerAdapter - Downloaded https://repo.maven.apache.org/maven2/jakarta/xml/bind/jakarta.xml.bind-api-parent/4.0.0/jakarta.xml.bind-api-parent-4.0.0.pom
2024-11-13 16:02:22,731 [Worker-45: Building] INFO  o.e.m.c.i.e.AbstractTransferListenerAdapter - Downloading https://repo.maven.apache.org/maven2/jakarta/activation/jakarta.activation-api/2.1.0/jakarta.activation-api-2.1.0.pom
2024-11-13 16:02:22,756 [Worker-45: Building] INFO  o.e.m.c.i.e.AbstractTransferListenerAdapter - Downloaded https://repo.maven.apache.org/maven2/jakarta/activation/jakarta.activation-api/2.1.0/jakarta.activation-api-2.1.0.pom
2024-11-13 16:02:22,783 [Worker-45: Building] INFO  o.e.m.c.i.e.AbstractTransferListenerAdapter - Downloading https://repo.maven.apache.org/maven2/org/glassfish/jaxb/jaxb-runtime/4.0.2/jaxb-runtime-4.0.2.pom
2024-11-13 16:02:22,789 [Worker-45: Building] INFO  o.e.m.c.i.e.AbstractTransferListenerAdapter - Downloaded https://repo.maven.apache.org/maven2/org/glassfish/jaxb/jaxb-runtime/4.0.2/jaxb-runtime-4.0.2.pom
2024-11-13 16:02:22,810 [Worker-45: Building] INFO  o.e.m.c.i.e.AbstractTransferListenerAdapter - Downloading https://repo.maven.apache.org/maven2/com/sun/xml/bind/mvn/jaxb-runtime-parent/4.0.2/jaxb-runtime-parent-4.0.2.pom
2024-11-13 16:02:22,817 [Worker-45: Building] INFO  o.e.m.c.i.e.AbstractTransferListenerAdapter - Downloaded https://repo.maven.apache.org/maven2/com/sun/xml/bind/mvn/jaxb-runtime-parent/4.0.2/jaxb-runtime-parent-4.0.2.pom
2024-11-13 16:02:22,848 [Worker-45: Building] INFO  o.e.m.c.i.e.AbstractTransferListenerAdapter - Downloading https://repo.maven.apache.org/maven2/com/sun/xml/bind/mvn/jaxb-parent/4.0.2/jaxb-parent-4.0.2.pom
2024-11-13 16:02:22,857 [Worker-45: Building] INFO  o.e.m.c.i.e.AbstractTransferListenerAdapter - Downloaded https://repo.maven.apache.org/maven2/com/sun/xml/bind/mvn/jaxb-parent/4.0.2/jaxb-parent-4.0.2.pom
2024-11-13 16:02:22,888 [Worker-45: Building] INFO  o.e.m.c.i.e.AbstractTransferListenerAdapter - Downloading https://repo.maven.apache.org/maven2/com/sun/xml/bind/jaxb-bom-ext/4.0.2/jaxb-bom-ext-4.0.2.pom
2024-11-13 16:02:22,897 [Worker-45: Building] INFO  o.e.m.c.i.e.AbstractTransferListenerAdapter - Downloaded https://repo.maven.apache.org/maven2/com/sun/xml/bind/jaxb-bom-ext/4.0.2/jaxb-bom-ext-4.0.2.pom
2024-11-13 16:02:22,923 [Worker-45: Building] INFO  o.e.m.c.i.e.AbstractTransferListenerAdapter - Downloading https://repo.maven.apache.org/maven2/org/glassfish/jaxb/jaxb-bom/4.0.2/jaxb-bom-4.0.2.pom
2024-11-13 16:02:22,927 [Worker-45: Building] INFO  o.e.m.c.i.e.AbstractTransferListenerAdapter - Downloaded https://repo.maven.apache.org/maven2/org/glassfish/jaxb/jaxb-bom/4.0.2/jaxb-bom-4.0.2.pom
2024-11-13 16:02:22,955 [Worker-45: Building] INFO  o.e.m.c.i.e.AbstractTransferListenerAdapter - Downloading https://repo.maven.apache.org/maven2/org/eclipse/ee4j/project/1.0.8/project-1.0.8.pom
2024-11-13 16:02:22,967 [Worker-45: Building] INFO  o.e.m.c.i.e.AbstractTransferListenerAdapter - Downloaded https://repo.maven.apache.org/maven2/org/eclipse/ee4j/project/1.0.8/project-1.0.8.pom
2024-11-13 16:02:22,993 [Worker-45: Building] INFO  o.e.m.c.i.e.AbstractTransferListenerAdapter - Downloading https://repo.maven.apache.org/maven2/org/glassfish/jaxb/jaxb-core/4.0.2/jaxb-core-4.0.2.pom
2024-11-13 16:02:23,001 [Worker-45: Building] INFO  o.e.m.c.i.e.AbstractTransferListenerAdapter - Downloaded https://repo.maven.apache.org/maven2/org/glassfish/jaxb/jaxb-core/4.0.2/jaxb-core-4.0.2.pom
2024-11-13 16:02:23,026 [Worker-45: Building] INFO  o.e.m.c.i.e.AbstractTransferListenerAdapter - Downloading https://repo.maven.apache.org/maven2/jakarta/activation/jakarta.activation-api/2.1.1/jakarta.activation-api-2.1.1.pom
2024-11-13 16:02:23,038 [Worker-45: Building] INFO  o.e.m.c.i.e.AbstractTransferListenerAdapter - Downloaded https://repo.maven.apache.org/maven2/jakarta/activation/jakarta.activation-api/2.1.1/jakarta.activation-api-2.1.1.pom
2024-11-13 16:02:23,066 [Worker-45: Building] INFO  o.e.m.c.i.e.AbstractTransferListenerAdapter - Downloading https://repo.maven.apache.org/maven2/org/eclipse/angus/angus-activation/2.0.0/angus-activation-2.0.0.pom
2024-11-13 16:02:23,074 [Worker-45: Building] INFO  o.e.m.c.i.e.AbstractTransferListenerAdapter - Downloaded https://repo.maven.apache.org/maven2/org/eclipse/angus/angus-activation/2.0.0/angus-activation-2.0.0.pom
2024-11-13 16:02:23,106 [Worker-45: Building] INFO  o.e.m.c.i.e.AbstractTransferListenerAdapter - Downloading https://repo.maven.apache.org/maven2/org/eclipse/angus/angus-activation-project/2.0.0/angus-activation-project-2.0.0.pom
2024-11-13 16:02:23,113 [Worker-45: Building] INFO  o.e.m.c.i.e.AbstractTransferListenerAdapter - Downloaded https://repo.maven.apache.org/maven2/org/eclipse/angus/angus-activation-project/2.0.0/angus-activation-project-2.0.0.pom
2024-11-13 16:02:23,142 [Worker-45: Building] INFO  o.e.m.c.i.e.AbstractTransferListenerAdapter - Downloading https://repo.maven.apache.org/maven2/org/glassfish/jaxb/txw2/4.0.2/txw2-4.0.2.pom
2024-11-13 16:02:23,150 [Worker-45: Building] INFO  o.e.m.c.i.e.AbstractTransferListenerAdapter - Downloaded https://repo.maven.apache.org/maven2/org/glassfish/jaxb/txw2/4.0.2/txw2-4.0.2.pom
2024-11-13 16:02:23,181 [Worker-45: Building] INFO  o.e.m.c.i.e.AbstractTransferListenerAdapter - Downloading https://repo.maven.apache.org/maven2/com/sun/xml/bind/mvn/jaxb-txw-parent/4.0.2/jaxb-txw-parent-4.0.2.pom
2024-11-13 16:02:23,187 [Worker-45: Building] INFO  o.e.m.c.i.e.AbstractTransferListenerAdapter - Downloaded https://repo.maven.apache.org/maven2/com/sun/xml/bind/mvn/jaxb-txw-parent/4.0.2/jaxb-txw-parent-4.0.2.pom
2024-11-13 16:02:23,221 [Worker-45: Building] INFO  o.e.m.c.i.e.AbstractTransferListenerAdapter - Downloading https://repo.maven.apache.org/maven2/com/sun/istack/istack-commons-runtime/4.1.1/istack-commons-runtime-4.1.1.pom
2024-11-13 16:02:23,223 [Worker-45: Building] INFO  o.e.m.c.i.e.AbstractTransferListenerAdapter - Downloaded https://repo.maven.apache.org/maven2/com/sun/istack/istack-commons-runtime/4.1.1/istack-commons-runtime-4.1.1.pom
2024-11-13 16:02:23,246 [Worker-45: Building] INFO  o.e.m.c.i.e.AbstractTransferListenerAdapter - Downloading https://repo.maven.apache.org/maven2/com/sun/istack/istack-commons/4.1.1/istack-commons-4.1.1.pom
2024-11-13 16:02:23,252 [Worker-45: Building] INFO  o.e.m.c.i.e.AbstractTransferListenerAdapter - Downloaded https://repo.maven.apache.org/maven2/com/sun/istack/istack-commons/4.1.1/istack-commons-4.1.1.pom
2024-11-13 16:02:23,281 [Worker-45: Building] INFO  o.e.m.c.i.e.AbstractTransferListenerAdapter - Downloading https://repo.maven.apache.org/maven2/jakarta/inject/jakarta.inject-api/2.0.1/jakarta.inject-api-2.0.1.pom
2024-11-13 16:02:23,283 [Worker-45: Building] INFO  o.e.m.c.i.e.AbstractTransferListenerAdapter - Downloaded https://repo.maven.apache.org/maven2/jakarta/inject/jakarta.inject-api/2.0.1/jakarta.inject-api-2.0.1.pom
2024-11-13 16:02:23,303 [Worker-45: Building] INFO  o.e.m.c.i.e.AbstractTransferListenerAdapter - Downloading https://repo.maven.apache.org/maven2/org/antlr/antlr4-runtime/4.13.0/antlr4-runtime-4.13.0.pom
2024-11-13 16:02:23,305 [Worker-45: Building] INFO  o.e.m.c.i.e.AbstractTransferListenerAdapter - Downloaded https://repo.maven.apache.org/maven2/org/antlr/antlr4-runtime/4.13.0/antlr4-runtime-4.13.0.pom
2024-11-13 16:02:23,325 [Worker-45: Building] INFO  o.e.m.c.i.e.AbstractTransferListenerAdapter - Downloading https://repo.maven.apache.org/maven2/org/antlr/antlr4-master/4.13.0/antlr4-master-4.13.0.pom
2024-11-13 16:02:23,327 [Worker-45: Building] INFO  o.e.m.c.i.e.AbstractTransferListenerAdapter - Downloaded https://repo.maven.apache.org/maven2/org/antlr/antlr4-master/4.13.0/antlr4-master-4.13.0.pom
2024-11-13 16:02:23,356 [Worker-45: Building] INFO  o.e.m.c.i.e.AbstractTransferListenerAdapter - Downloading https://repo.maven.apache.org/maven2/org/hibernate/orm/hibernate-core/6.6.2.Final/hibernate-core-6.6.2.Final.jar
2024-11-13 16:02:23,747 [Worker-45: Building] INFO  o.e.m.c.i.e.AbstractTransferListenerAdapter - Downloaded https://repo.maven.apache.org/maven2/org/hibernate/orm/hibernate-core/6.6.2.Final/hibernate-core-6.6.2.Final.jar
2024-11-13 16:02:23,764 [BasicRepositoryConnector-repo.maven.apache.org-1-0] INFO  o.e.m.c.i.e.AbstractTransferListenerAdapter - Downloading https://repo.maven.apache.org/maven2/jakarta/persistence/jakarta.persistence-api/3.1.0/jakarta.persistence-api-3.1.0.jar
2024-11-13 16:02:23,780 [BasicRepositoryConnector-repo.maven.apache.org-1-0] INFO  o.e.m.c.i.e.AbstractTransferListenerAdapter - Downloaded https://repo.maven.apache.org/maven2/jakarta/persistence/jakarta.persistence-api/3.1.0/jakarta.persistence-api-3.1.0.jar
2024-11-13 16:02:23,795 [BasicRepositoryConnector-repo.maven.apache.org-1-0] INFO  o.e.m.c.i.e.AbstractTransferListenerAdapter - Downloading https://repo.maven.apache.org/maven2/com/fasterxml/classmate/1.5.1/classmate-1.5.1.jar
2024-11-13 16:02:23,801 [BasicRepositoryConnector-repo.maven.apache.org-1-0] INFO  o.e.m.c.i.e.AbstractTransferListenerAdapter - Downloaded https://repo.maven.apache.org/maven2/com/fasterxml/classmate/1.5.1/classmate-1.5.1.jar
2024-11-13 16:02:23,806 [BasicRepositoryConnector-repo.maven.apache.org-1-2] INFO  o.e.m.c.i.e.AbstractTransferListenerAdapter - Downloading https://repo.maven.apache.org/maven2/org/jboss/logging/jboss-logging/3.5.0.Final/jboss-logging-3.5.0.Final.jar
2024-11-13 16:02:23,811 [BasicRepositoryConnector-repo.maven.apache.org-1-3] INFO  o.e.m.c.i.e.AbstractTransferListenerAdapter - Downloading https://repo.maven.apache.org/maven2/org/hibernate/common/hibernate-commons-annotations/7.0.3.Final/hibernate-commons-annotations-7.0.3.Final.jar
2024-11-13 16:02:23,821 [BasicRepositoryConnector-repo.maven.apache.org-1-1] INFO  o.e.m.c.i.e.AbstractTransferListenerAdapter - Downloading https://repo.maven.apache.org/maven2/jakarta/transaction/jakarta.transaction-api/2.0.1/jakarta.transaction-api-2.0.1.jar
2024-11-13 16:02:23,821 [BasicRepositoryConnector-repo.maven.apache.org-1-4] INFO  o.e.m.c.i.e.AbstractTransferListenerAdapter - Downloading https://repo.maven.apache.org/maven2/io/smallrye/jandex/3.2.0/jandex-3.2.0.jar
2024-11-13 16:02:23,826 [BasicRepositoryConnector-repo.maven.apache.org-1-0] INFO  o.e.m.c.i.e.AbstractTransferListenerAdapter - Downloading https://repo.maven.apache.org/maven2/net/bytebuddy/byte-buddy/1.14.18/byte-buddy-1.14.18.jar
2024-11-13 16:02:23,827 [BasicRepositoryConnector-repo.maven.apache.org-1-1] INFO  o.e.m.c.i.e.AbstractTransferListenerAdapter - Downloaded https://repo.maven.apache.org/maven2/jakarta/transaction/jakarta.transaction-api/2.0.1/jakarta.transaction-api-2.0.1.jar
2024-11-13 16:02:23,833 [BasicRepositoryConnector-repo.maven.apache.org-1-2] INFO  o.e.m.c.i.e.AbstractTransferListenerAdapter - Downloaded https://repo.maven.apache.org/maven2/org/jboss/logging/jboss-logging/3.5.0.Final/jboss-logging-3.5.0.Final.jar
2024-11-13 16:02:23,863 [BasicRepositoryConnector-repo.maven.apache.org-1-3] INFO  o.e.m.c.i.e.AbstractTransferListenerAdapter - Downloaded https://repo.maven.apache.org/maven2/org/hibernate/common/hibernate-commons-annotations/7.0.3.Final/hibernate-commons-annotations-7.0.3.Final.jar
2024-11-13 16:02:23,885 [BasicRepositoryConnector-repo.maven.apache.org-1-1] INFO  o.e.m.c.i.e.AbstractTransferListenerAdapter - Downloading https://repo.maven.apache.org/maven2/jakarta/xml/bind/jakarta.xml.bind-api/4.0.0/jakarta.xml.bind-api-4.0.0.jar
2024-11-13 16:02:23,894 [BasicRepositoryConnector-repo.maven.apache.org-1-2] INFO  o.e.m.c.i.e.AbstractTransferListenerAdapter - Downloading https://repo.maven.apache.org/maven2/jakarta/activation/jakarta.activation-api/2.1.0/jakarta.activation-api-2.1.0.jar
2024-11-13 16:02:23,907 [BasicRepositoryConnector-repo.maven.apache.org-1-2] INFO  o.e.m.c.i.e.AbstractTransferListenerAdapter - Downloaded https://repo.maven.apache.org/maven2/jakarta/activation/jakarta.activation-api/2.1.0/jakarta.activation-api-2.1.0.jar
2024-11-13 16:02:23,928 [BasicRepositoryConnector-repo.maven.apache.org-1-3] INFO  o.e.m.c.i.e.AbstractTransferListenerAdapter - Downloading https://repo.maven.apache.org/maven2/org/glassfish/jaxb/jaxb-runtime/4.0.2/jaxb-runtime-4.0.2.jar
2024-11-13 16:02:23,963 [BasicRepositoryConnector-repo.maven.apache.org-1-1] INFO  o.e.m.c.i.e.AbstractTransferListenerAdapter - Downloaded https://repo.maven.apache.org/maven2/jakarta/xml/bind/jakarta.xml.bind-api/4.0.0/jakarta.xml.bind-api-4.0.0.jar
2024-11-13 16:02:23,966 [BasicRepositoryConnector-repo.maven.apache.org-1-2] INFO  o.e.m.c.i.e.AbstractTransferListenerAdapter - Downloading https://repo.maven.apache.org/maven2/org/glassfish/jaxb/jaxb-core/4.0.2/jaxb-core-4.0.2.jar
2024-11-13 16:02:23,972 [BasicRepositoryConnector-repo.maven.apache.org-1-0] INFO  o.e.m.c.i.e.AbstractTransferListenerAdapter - Downloaded https://repo.maven.apache.org/maven2/net/bytebuddy/byte-buddy/1.14.18/byte-buddy-1.14.18.jar
2024-11-13 16:02:23,989 [BasicRepositoryConnector-repo.maven.apache.org-1-1] INFO  o.e.m.c.i.e.AbstractTransferListenerAdapter - Downloading https://repo.maven.apache.org/maven2/org/eclipse/angus/angus-activation/2.0.0/angus-activation-2.0.0.jar
2024-11-13 16:02:23,993 [BasicRepositoryConnector-repo.maven.apache.org-1-1] INFO  o.e.m.c.i.e.AbstractTransferListenerAdapter - Downloaded https://repo.maven.apache.org/maven2/org/eclipse/angus/angus-activation/2.0.0/angus-activation-2.0.0.jar
2024-11-13 16:02:23,993 [BasicRepositoryConnector-repo.maven.apache.org-1-2] INFO  o.e.m.c.i.e.AbstractTransferListenerAdapter - Downloaded https://repo.maven.apache.org/maven2/org/glassfish/jaxb/jaxb-core/4.0.2/jaxb-core-4.0.2.jar
2024-11-13 16:02:23,993 [BasicRepositoryConnector-repo.maven.apache.org-1-0] INFO  o.e.m.c.i.e.AbstractTransferListenerAdapter - Downloading https://repo.maven.apache.org/maven2/org/glassfish/jaxb/txw2/4.0.2/txw2-4.0.2.jar
2024-11-13 16:02:24,007 [BasicRepositoryConnector-repo.maven.apache.org-1-0] INFO  o.e.m.c.i.e.AbstractTransferListenerAdapter - Downloaded https://repo.maven.apache.org/maven2/org/glassfish/jaxb/txw2/4.0.2/txw2-4.0.2.jar
2024-11-13 16:02:24,011 [BasicRepositoryConnector-repo.maven.apache.org-1-4] INFO  o.e.m.c.i.e.AbstractTransferListenerAdapter - Downloaded https://repo.maven.apache.org/maven2/io/smallrye/jandex/3.2.0/jandex-3.2.0.jar
2024-11-13 16:02:24,013 [BasicRepositoryConnector-repo.maven.apache.org-1-2] INFO  o.e.m.c.i.e.AbstractTransferListenerAdapter - Downloading https://repo.maven.apache.org/maven2/jakarta/inject/jakarta.inject-api/2.0.1/jakarta.inject-api-2.0.1.jar
2024-11-13 16:02:24,014 [BasicRepositoryConnector-repo.maven.apache.org-1-1] INFO  o.e.m.c.i.e.AbstractTransferListenerAdapter - Downloading https://repo.maven.apache.org/maven2/com/sun/istack/istack-commons-runtime/4.1.1/istack-commons-runtime-4.1.1.jar
2024-11-13 16:02:24,016 [BasicRepositoryConnector-repo.maven.apache.org-1-2] INFO  o.e.m.c.i.e.AbstractTransferListenerAdapter - Downloaded https://repo.maven.apache.org/maven2/jakarta/inject/jakarta.inject-api/2.0.1/jakarta.inject-api-2.0.1.jar
2024-11-13 16:02:24,016 [BasicRepositoryConnector-repo.maven.apache.org-1-1] INFO  o.e.m.c.i.e.AbstractTransferListenerAdapter - Downloaded https://repo.maven.apache.org/maven2/com/sun/istack/istack-commons-runtime/4.1.1/istack-commons-runtime-4.1.1.jar
2024-11-13 16:02:24,031 [BasicRepositoryConnector-repo.maven.apache.org-1-3] INFO  o.e.m.c.i.e.AbstractTransferListenerAdapter - Downloaded https://repo.maven.apache.org/maven2/org/glassfish/jaxb/jaxb-runtime/4.0.2/jaxb-runtime-4.0.2.jar
2024-11-13 16:02:24,032 [BasicRepositoryConnector-repo.maven.apache.org-1-0] INFO  o.e.m.c.i.e.AbstractTransferListenerAdapter - Downloading https://repo.maven.apache.org/maven2/org/antlr/antlr4-runtime/4.13.0/antlr4-runtime-4.13.0.jar
2024-11-13 16:02:24,070 [BasicRepositoryConnector-repo.maven.apache.org-1-0] INFO  o.e.m.c.i.e.AbstractTransferListenerAdapter - Downloaded https://repo.maven.apache.org/maven2/org/antlr/antlr4-runtime/4.13.0/antlr4-runtime-4.13.0.jar
2024-11-13 16:02:24,180 [Worker-45: Building] INFO  o.a.m.s.f.DefaultMavenResourcesFiltering - skip non existing resourceDirectory C:\STS\springProjects\biblioteca1\src\main\resources
2024-11-13 16:02:24,211 [Worker-45: Building] INFO  o.a.m.s.f.DefaultMavenResourcesFiltering - skip non existing resourceDirectory C:\STS\springProjects\biblioteca1\src\test\resources
2024-11-13 16:02:24,567 [Worker-50: Building] INFO  o.a.m.s.f.DefaultMavenResourcesFiltering - skip non existing resourceDirectory C:\STS\springProjects\biblioteca1\src\main\resources
2024-11-13 16:02:24,569 [Worker-50: Building] INFO  o.a.m.s.f.DefaultMavenResourcesFiltering - skip non existing resourceDirectory C:\STS\springProjects\biblioteca1\src\test\resources
2024-11-13 16:02:25,159 [Worker-43: Download sources and javadoc] INFO  o.e.m.c.i.e.AbstractTransferListenerAdapter - Downloading https://repo.maven.apache.org/maven2/org/hibernate/orm/hibernate-core/6.6.2.Final/hibernate-core-6.6.2.Final-sources.jar
2024-11-13 16:02:25,489 [Worker-43: Download sources and javadoc] INFO  o.e.m.c.i.e.AbstractTransferListenerAdapter - Downloaded https://repo.maven.apache.org/maven2/org/hibernate/orm/hibernate-core/6.6.2.Final/hibernate-core-6.6.2.Final-sources.jar
2024-11-13 16:02:25,492 [Worker-43: Download sources and javadoc] INFO  o.e.m.j.internal.DownloadSourcesJob - Downloaded sources for org.hibernate.orm:hibernate-core:6.6.2.Final
2024-11-13 16:02:25,550 [Worker-43: Download sources and javadoc] INFO  o.e.m.c.i.e.AbstractTransferListenerAdapter - Downloading https://repo.maven.apache.org/maven2/jakarta/persistence/jakarta.persistence-api/3.1.0/jakarta.persistence-api-3.1.0-sources.jar
2024-11-13 16:02:25,614 [Worker-43: Download sources and javadoc] INFO  o.e.m.c.i.e.AbstractTransferListenerAdapter - Downloaded https://repo.maven.apache.org/maven2/jakarta/persistence/jakarta.persistence-api/3.1.0/jakarta.persistence-api-3.1.0-sources.jar
2024-11-13 16:02:25,617 [Worker-43: Download sources and javadoc] INFO  o.e.m.j.internal.DownloadSourcesJob - Downloaded sources for jakarta.persistence:jakarta.persistence-api:3.1.0
2024-11-13 16:02:25,682 [Worker-43: Download sources and javadoc] INFO  o.e.m.c.i.e.AbstractTransferListenerAdapter - Downloading https://repo.maven.apache.org/maven2/jakarta/transaction/jakarta.transaction-api/2.0.1/jakarta.transaction-api-2.0.1-sources.jar
2024-11-13 16:02:25,707 [Worker-43: Download sources and javadoc] INFO  o.e.m.c.i.e.AbstractTransferListenerAdapter - Downloaded https://repo.maven.apache.org/maven2/jakarta/transaction/jakarta.transaction-api/2.0.1/jakarta.transaction-api-2.0.1-sources.jar
2024-11-13 16:02:25,710 [Worker-43: Download sources and javadoc] INFO  o.e.m.j.internal.DownloadSourcesJob - Downloaded sources for jakarta.transaction:jakarta.transaction-api:2.0.1
2024-11-13 16:02:25,834 [Worker-43: Download sources and javadoc] INFO  o.e.m.c.i.e.AbstractTransferListenerAdapter - Downloading https://repo.maven.apache.org/maven2/org/jboss/logging/jboss-logging/3.5.0.Final/jboss-logging-3.5.0.Final-sources.jar
2024-11-13 16:02:25,852 [Worker-43: Download sources and javadoc] INFO  o.e.m.c.i.e.AbstractTransferListenerAdapter - Downloaded https://repo.maven.apache.org/maven2/org/jboss/logging/jboss-logging/3.5.0.Final/jboss-logging-3.5.0.Final-sources.jar
2024-11-13 16:02:25,855 [Worker-43: Download sources and javadoc] INFO  o.e.m.j.internal.DownloadSourcesJob - Downloaded sources for org.jboss.logging:jboss-logging:3.5.0.Final
2024-11-13 16:02:25,935 [Worker-43: Download sources and javadoc] INFO  o.e.m.c.i.e.AbstractTransferListenerAdapter - Downloading https://repo.maven.apache.org/maven2/org/hibernate/common/hibernate-commons-annotations/7.0.3.Final/hibernate-commons-annotations-7.0.3.Final-sources.jar
2024-11-13 16:02:25,949 [Worker-43: Download sources and javadoc] INFO  o.e.m.c.i.e.AbstractTransferListenerAdapter - Downloaded https://repo.maven.apache.org/maven2/org/hibernate/common/hibernate-commons-annotations/7.0.3.Final/hibernate-commons-annotations-7.0.3.Final-sources.jar
2024-11-13 16:02:25,951 [Worker-43: Download sources and javadoc] INFO  o.e.m.j.internal.DownloadSourcesJob - Downloaded sources for org.hibernate.common:hibernate-commons-annotations:7.0.3.Final
2024-11-13 16:02:26,236 [Worker-43: Download sources and javadoc] INFO  o.e.m.c.i.e.AbstractTransferListenerAdapter - Downloading https://repo.maven.apache.org/maven2/io/smallrye/jandex/3.2.0/jandex-3.2.0-sources.jar
2024-11-13 16:02:26,288 [Worker-43: Download sources and javadoc] INFO  o.e.m.c.i.e.AbstractTransferListenerAdapter - Downloaded https://repo.maven.apache.org/maven2/io/smallrye/jandex/3.2.0/jandex-3.2.0-sources.jar
2024-11-13 16:02:26,291 [Worker-43: Download sources and javadoc] INFO  o.e.m.j.internal.DownloadSourcesJob - Downloaded sources for io.smallrye:jandex:3.2.0
2024-11-13 16:02:26,346 [Worker-43: Download sources and javadoc] INFO  o.e.m.c.i.e.AbstractTransferListenerAdapter - Downloading https://repo.maven.apache.org/maven2/com/fasterxml/classmate/1.5.1/classmate-1.5.1-sources.jar
2024-11-13 16:02:26,375 [Worker-43: Download sources and javadoc] INFO  o.e.m.c.i.e.AbstractTransferListenerAdapter - Downloaded https://repo.maven.apache.org/maven2/com/fasterxml/classmate/1.5.1/classmate-1.5.1-sources.jar
2024-11-13 16:02:26,379 [Worker-43: Download sources and javadoc] INFO  o.e.m.j.internal.DownloadSourcesJob - Downloaded sources for com.fasterxml:classmate:1.5.1
2024-11-13 16:02:26,516 [Worker-43: Download sources and javadoc] INFO  o.e.m.c.i.e.AbstractTransferListenerAdapter - Downloading https://repo.maven.apache.org/maven2/net/bytebuddy/byte-buddy/1.14.18/byte-buddy-1.14.18-sources.jar
2024-11-13 16:02:26,615 [Worker-43: Download sources and javadoc] INFO  o.e.m.c.i.e.AbstractTransferListenerAdapter - Downloaded https://repo.maven.apache.org/maven2/net/bytebuddy/byte-buddy/1.14.18/byte-buddy-1.14.18-sources.jar
2024-11-13 16:02:26,617 [Worker-43: Download sources and javadoc] INFO  o.e.m.j.internal.DownloadSourcesJob - Downloaded sources for net.bytebuddy:byte-buddy:1.14.18
2024-11-13 16:02:26,684 [Worker-43: Download sources and javadoc] INFO  o.e.m.c.i.e.AbstractTransferListenerAdapter - Downloading https://repo.maven.apache.org/maven2/jakarta/xml/bind/jakarta.xml.bind-api/4.0.0/jakarta.xml.bind-api-4.0.0-sources.jar
2024-11-13 16:02:26,736 [Worker-43: Download sources and javadoc] INFO  o.e.m.c.i.e.AbstractTransferListenerAdapter - Downloaded https://repo.maven.apache.org/maven2/jakarta/xml/bind/jakarta.xml.bind-api/4.0.0/jakarta.xml.bind-api-4.0.0-sources.jar
2024-11-13 16:02:26,742 [Worker-43: Download sources and javadoc] INFO  o.e.m.j.internal.DownloadSourcesJob - Downloaded sources for jakarta.xml.bind:jakarta.xml.bind-api:4.0.0
2024-11-13 16:02:26,801 [Worker-43: Download sources and javadoc] INFO  o.e.m.c.i.e.AbstractTransferListenerAdapter - Downloading https://repo.maven.apache.org/maven2/jakarta/activation/jakarta.activation-api/2.1.0/jakarta.activation-api-2.1.0-sources.jar
2024-11-13 16:02:26,824 [Worker-43: Download sources and javadoc] INFO  o.e.m.c.i.e.AbstractTransferListenerAdapter - Downloaded https://repo.maven.apache.org/maven2/jakarta/activation/jakarta.activation-api/2.1.0/jakarta.activation-api-2.1.0-sources.jar
2024-11-13 16:02:26,827 [Worker-43: Download sources and javadoc] INFO  o.e.m.j.internal.DownloadSourcesJob - Downloaded sources for jakarta.activation:jakarta.activation-api:2.1.0
2024-11-13 16:02:26,888 [Worker-43: Download sources and javadoc] INFO  o.e.m.c.i.e.AbstractTransferListenerAdapter - Downloading https://repo.maven.apache.org/maven2/org/glassfish/jaxb/jaxb-runtime/4.0.2/jaxb-runtime-4.0.2-sources.jar
2024-11-13 16:02:26,967 [Worker-43: Download sources and javadoc] INFO  o.e.m.c.i.e.AbstractTransferListenerAdapter - Downloaded https://repo.maven.apache.org/maven2/org/glassfish/jaxb/jaxb-runtime/4.0.2/jaxb-runtime-4.0.2-sources.jar
2024-11-13 16:02:26,974 [Worker-43: Download sources and javadoc] INFO  o.e.m.j.internal.DownloadSourcesJob - Downloaded sources for org.glassfish.jaxb:jaxb-runtime:4.0.2
2024-11-13 16:02:27,035 [Worker-43: Download sources and javadoc] INFO  o.e.m.c.i.e.AbstractTransferListenerAdapter - Downloading https://repo.maven.apache.org/maven2/org/glassfish/jaxb/jaxb-core/4.0.2/jaxb-core-4.0.2-sources.jar
2024-11-13 16:02:27,067 [Worker-43: Download sources and javadoc] INFO  o.e.m.c.i.e.AbstractTransferListenerAdapter - Downloaded https://repo.maven.apache.org/maven2/org/glassfish/jaxb/jaxb-core/4.0.2/jaxb-core-4.0.2-sources.jar
2024-11-13 16:02:27,068 [Worker-43: Download sources and javadoc] INFO  o.e.m.j.internal.DownloadSourcesJob - Downloaded sources for org.glassfish.jaxb:jaxb-core:4.0.2
2024-11-13 16:02:27,116 [Worker-43: Download sources and javadoc] INFO  o.e.m.c.i.e.AbstractTransferListenerAdapter - Downloading https://repo.maven.apache.org/maven2/org/eclipse/angus/angus-activation/2.0.0/angus-activation-2.0.0-sources.jar
2024-11-13 16:02:27,120 [Worker-43: Download sources and javadoc] INFO  o.e.m.c.i.e.AbstractTransferListenerAdapter - Downloaded https://repo.maven.apache.org/maven2/org/eclipse/angus/angus-activation/2.0.0/angus-activation-2.0.0-sources.jar
2024-11-13 16:02:27,121 [Worker-43: Download sources and javadoc] INFO  o.e.m.j.internal.DownloadSourcesJob - Downloaded sources for org.eclipse.angus:angus-activation:2.0.0
2024-11-13 16:02:27,174 [Worker-43: Download sources and javadoc] INFO  o.e.m.c.i.e.AbstractTransferListenerAdapter - Downloading https://repo.maven.apache.org/maven2/org/glassfish/jaxb/txw2/4.0.2/txw2-4.0.2-sources.jar
2024-11-13 16:02:27,191 [Worker-43: Download sources and javadoc] INFO  o.e.m.c.i.e.AbstractTransferListenerAdapter - Downloaded https://repo.maven.apache.org/maven2/org/glassfish/jaxb/txw2/4.0.2/txw2-4.0.2-sources.jar
2024-11-13 16:02:27,192 [Worker-43: Download sources and javadoc] INFO  o.e.m.j.internal.DownloadSourcesJob - Downloaded sources for org.glassfish.jaxb:txw2:4.0.2
2024-11-13 16:02:27,250 [Worker-43: Download sources and javadoc] INFO  o.e.m.c.i.e.AbstractTransferListenerAdapter - Downloading https://repo.maven.apache.org/maven2/com/sun/istack/istack-commons-runtime/4.1.1/istack-commons-runtime-4.1.1-sources.jar
2024-11-13 16:02:27,256 [Worker-43: Download sources and javadoc] INFO  o.e.m.c.i.e.AbstractTransferListenerAdapter - Downloaded https://repo.maven.apache.org/maven2/com/sun/istack/istack-commons-runtime/4.1.1/istack-commons-runtime-4.1.1-sources.jar
2024-11-13 16:02:27,259 [Worker-43: Download sources and javadoc] INFO  o.e.m.j.internal.DownloadSourcesJob - Downloaded sources for com.sun.istack:istack-commons-runtime:4.1.1
2024-11-13 16:02:27,326 [Worker-43: Download sources and javadoc] INFO  o.e.m.c.i.e.AbstractTransferListenerAdapter - Downloading https://repo.maven.apache.org/maven2/jakarta/inject/jakarta.inject-api/2.0.1/jakarta.inject-api-2.0.1-sources.jar
2024-11-13 16:02:27,334 [Worker-43: Download sources and javadoc] INFO  o.e.m.c.i.e.AbstractTransferListenerAdapter - Downloaded https://repo.maven.apache.org/maven2/jakarta/inject/jakarta.inject-api/2.0.1/jakarta.inject-api-2.0.1-sources.jar
2024-11-13 16:02:27,338 [Worker-43: Download sources and javadoc] INFO  o.e.m.j.internal.DownloadSourcesJob - Downloaded sources for jakarta.inject:jakarta.inject-api:2.0.1
2024-11-13 16:02:27,397 [Worker-43: Download sources and javadoc] INFO  o.e.m.c.i.e.AbstractTransferListenerAdapter - Downloading https://repo.maven.apache.org/maven2/org/antlr/antlr4-runtime/4.13.0/antlr4-runtime-4.13.0-sources.jar
2024-11-13 16:02:27,469 [Worker-43: Download sources and javadoc] INFO  o.e.m.c.i.e.AbstractTransferListenerAdapter - Downloaded https://repo.maven.apache.org/maven2/org/antlr/antlr4-runtime/4.13.0/antlr4-runtime-4.13.0-sources.jar
2024-11-13 16:02:27,475 [Worker-43: Download sources and javadoc] INFO  o.e.m.j.internal.DownloadSourcesJob - Downloaded sources for org.antlr:antlr4-runtime:4.13.0
2024-11-13 16:06:45,402 [Worker-51: Building] INFO  o.e.m.c.i.l.LifecycleMappingFactory - Using org.eclipse.m2e.jdt.JarLifecycleMapping lifecycle mapping for MavenProject: com.jose:biblioteca1:0.0.1-SNAPSHOT @ C:\STS\springProjects\biblioteca1\pom.xml.
2024-11-13 16:06:45,519 [Worker-51: Building] INFO  o.a.m.s.f.DefaultMavenResourcesFiltering - skip non existing resourceDirectory C:\STS\springProjects\biblioteca1\src\main\resources
2024-11-13 16:06:45,521 [Worker-51: Building] INFO  o.a.m.s.f.DefaultMavenResourcesFiltering - skip non existing resourceDirectory C:\STS\springProjects\biblioteca1\src\test\resources
2024-11-13 16:06:45,910 [Worker-53: Building] INFO  o.a.m.s.f.DefaultMavenResourcesFiltering - skip non existing resourceDirectory C:\STS\springProjects\biblioteca1\src\main\resources
2024-11-13 16:06:45,911 [Worker-53: Building] INFO  o.a.m.s.f.DefaultMavenResourcesFiltering - skip non existing resourceDirectory C:\STS\springProjects\biblioteca1\src\test\resources
2024-11-13 16:08:46,806 [main] INFO  org.hibernate.cfg.Environment - Hibernate 3.5.6-Final
2024-11-13 16:08:46,811 [main] INFO  org.hibernate.cfg.Environment - hibernate.properties not found
2024-11-13 16:08:46,813 [main] INFO  org.hibernate.cfg.Environment - Bytecode provider name : javassist
2024-11-13 16:08:46,818 [main] INFO  org.hibernate.cfg.Environment - using JDK 1.4 java.sql.Timestamp handling
2024-11-13 16:14:55,132 [Worker-48: Building] INFO  o.a.m.s.f.DefaultMavenResourcesFiltering - skip non existing resourceDirectory C:\STS\springProjects\biblioteca1\src\main\resources
2024-11-13 16:14:55,133 [Worker-48: Building] INFO  o.a.m.s.f.DefaultMavenResourcesFiltering - skip non existing resourceDirectory C:\STS\springProjects\biblioteca1\src\test\resources
2024-11-13 16:22:39,079 [Worker-58: Building] INFO  o.a.m.s.f.DefaultMavenResourcesFiltering - skip non existing resourceDirectory C:\STS\springProjects\biblioteca1\src\main\resources
2024-11-13 16:22:39,080 [Worker-58: Building] INFO  o.a.m.s.f.DefaultMavenResourcesFiltering - skip non existing resourceDirectory C:\STS\springProjects\biblioteca1\src\test\resources
2024-11-13 16:25:32,303 [Worker-58: Building] INFO  o.a.m.s.f.DefaultMavenResourcesFiltering - skip non existing resourceDirectory C:\STS\springProjects\biblioteca1\src\main\resources
2024-11-13 16:25:32,305 [Worker-58: Building] INFO  o.a.m.s.f.DefaultMavenResourcesFiltering - skip non existing resourceDirectory C:\STS\springProjects\biblioteca1\src\test\resources
2024-11-13 16:48:30,447 [Worker-68: Launching App] INFO  o.a.m.s.f.DefaultMavenResourcesFiltering - skip non existing resourceDirectory C:\STS\springProjects\biblioteca1\src\main\resources
2024-11-13 16:48:30,448 [Worker-68: Launching App] INFO  o.a.m.s.f.DefaultMavenResourcesFiltering - skip non existing resourceDirectory C:\STS\springProjects\biblioteca1\src\test\resources
2024-11-15 15:16:18,402 [Worker-4: Loading available Gradle versions] INFO  o.e.b.c.i.u.g.PublishedGradleVersions - Gradle version information cache is out-of-date. Trying to update.
2024-11-15 15:26:53,814 [Worker-22: Launching mavenrun-2fea2ccc-e040-40cb-816d-44ac1292c87a] INFO  o.eclipse.m2e.core.internal.Bundles - getClasspathEntries(Bundle=org.eclipse.m2e.maven.runtime_3.9.900.20240824-1409 [360])
2024-11-15 15:26:53,815 [Worker-22: Launching mavenrun-2fea2ccc-e040-40cb-816d-44ac1292c87a] INFO  o.eclipse.m2e.core.internal.Bundles - 	Entry: C:\STS\SpringTool\sts-4.26.0.RELEASE\plugins\org.eclipse.m2e.maven.runtime_3.9.900.20240824-1409
2024-11-15 15:26:53,816 [Worker-22: Launching mavenrun-2fea2ccc-e040-40cb-816d-44ac1292c87a] INFO  o.eclipse.m2e.core.internal.Bundles - 	Entry: C:\STS\SpringTool\sts-4.26.0.RELEASE\plugins\org.eclipse.m2e.maven.runtime_3.9.900.20240824-1409\jars\aopalliance-1.0.jar
2024-11-15 15:26:53,816 [Worker-22: Launching mavenrun-2fea2ccc-e040-40cb-816d-44ac1292c87a] INFO  o.eclipse.m2e.core.internal.Bundles - 	Entry: C:\STS\SpringTool\sts-4.26.0.RELEASE\plugins\org.eclipse.m2e.maven.runtime_3.9.900.20240824-1409\jars\guice-5.1.0.jar
2024-11-15 15:26:53,816 [Worker-22: Launching mavenrun-2fea2ccc-e040-40cb-816d-44ac1292c87a] INFO  o.eclipse.m2e.core.internal.Bundles - 	Entry: C:\STS\SpringTool\sts-4.26.0.RELEASE\plugins\org.eclipse.m2e.maven.runtime_3.9.900.20240824-1409\jars\httpclient-4.5.14.jar
2024-11-15 15:26:53,816 [Worker-22: Launching mavenrun-2fea2ccc-e040-40cb-816d-44ac1292c87a] INFO  o.eclipse.m2e.core.internal.Bundles - 	Entry: C:\STS\SpringTool\sts-4.26.0.RELEASE\plugins\org.eclipse.m2e.maven.runtime_3.9.900.20240824-1409\jars\httpcore-4.4.16.jar
2024-11-15 15:26:53,816 [Worker-22: Launching mavenrun-2fea2ccc-e040-40cb-816d-44ac1292c87a] INFO  o.eclipse.m2e.core.internal.Bundles - 	Entry: C:\STS\SpringTool\sts-4.26.0.RELEASE\plugins\org.eclipse.m2e.maven.runtime_3.9.900.20240824-1409\jars\jansi-2.4.1.jar
2024-11-15 15:26:53,816 [Worker-22: Launching mavenrun-2fea2ccc-e040-40cb-816d-44ac1292c87a] INFO  o.eclipse.m2e.core.internal.Bundles - 	Entry: C:\STS\SpringTool\sts-4.26.0.RELEASE\plugins\org.eclipse.m2e.maven.runtime_3.9.900.20240824-1409\jars\jcl-over-slf4j-1.7.36.jar
2024-11-15 15:26:53,816 [Worker-22: Launching mavenrun-2fea2ccc-e040-40cb-816d-44ac1292c87a] INFO  o.eclipse.m2e.core.internal.Bundles - 	Entry: C:\STS\SpringTool\sts-4.26.0.RELEASE\plugins\org.eclipse.m2e.maven.runtime_3.9.900.20240824-1409\jars\maven-artifact-3.9.9.jar
2024-11-15 15:26:53,816 [Worker-22: Launching mavenrun-2fea2ccc-e040-40cb-816d-44ac1292c87a] INFO  o.eclipse.m2e.core.internal.Bundles - 	Entry: C:\STS\SpringTool\sts-4.26.0.RELEASE\plugins\org.eclipse.m2e.maven.runtime_3.9.900.20240824-1409\jars\maven-builder-support-3.9.9.jar
2024-11-15 15:26:53,816 [Worker-22: Launching mavenrun-2fea2ccc-e040-40cb-816d-44ac1292c87a] INFO  o.eclipse.m2e.core.internal.Bundles - 	Entry: C:\STS\SpringTool\sts-4.26.0.RELEASE\plugins\org.eclipse.m2e.maven.runtime_3.9.900.20240824-1409\jars\maven-compat-3.9.9.jar
2024-11-15 15:26:53,816 [Worker-22: Launching mavenrun-2fea2ccc-e040-40cb-816d-44ac1292c87a] INFO  o.eclipse.m2e.core.internal.Bundles - 	Entry: C:\STS\SpringTool\sts-4.26.0.RELEASE\plugins\org.eclipse.m2e.maven.runtime_3.9.900.20240824-1409\jars\maven-core-3.9.9.jar
2024-11-15 15:26:53,816 [Worker-22: Launching mavenrun-2fea2ccc-e040-40cb-816d-44ac1292c87a] INFO  o.eclipse.m2e.core.internal.Bundles - 	Entry: C:\STS\SpringTool\sts-4.26.0.RELEASE\plugins\org.eclipse.m2e.maven.runtime_3.9.900.20240824-1409\jars\maven-embedder-3.9.9.jar
2024-11-15 15:26:53,816 [Worker-22: Launching mavenrun-2fea2ccc-e040-40cb-816d-44ac1292c87a] INFO  o.eclipse.m2e.core.internal.Bundles - 	Entry: C:\STS\SpringTool\sts-4.26.0.RELEASE\plugins\org.eclipse.m2e.maven.runtime_3.9.900.20240824-1409\jars\maven-model-3.9.9.jar
2024-11-15 15:26:53,816 [Worker-22: Launching mavenrun-2fea2ccc-e040-40cb-816d-44ac1292c87a] INFO  o.eclipse.m2e.core.internal.Bundles - 	Entry: C:\STS\SpringTool\sts-4.26.0.RELEASE\plugins\org.eclipse.m2e.maven.runtime_3.9.900.20240824-1409\jars\maven-model-builder-3.9.9.jar
2024-11-15 15:26:53,816 [Worker-22: Launching mavenrun-2fea2ccc-e040-40cb-816d-44ac1292c87a] INFO  o.eclipse.m2e.core.internal.Bundles - 	Entry: C:\STS\SpringTool\sts-4.26.0.RELEASE\plugins\org.eclipse.m2e.maven.runtime_3.9.900.20240824-1409\jars\maven-plugin-api-3.9.9.jar
2024-11-15 15:26:53,817 [Worker-22: Launching mavenrun-2fea2ccc-e040-40cb-816d-44ac1292c87a] INFO  o.eclipse.m2e.core.internal.Bundles - 	Entry: C:\STS\SpringTool\sts-4.26.0.RELEASE\plugins\org.eclipse.m2e.maven.runtime_3.9.900.20240824-1409\jars\maven-repository-metadata-3.9.9.jar
2024-11-15 15:26:53,817 [Worker-22: Launching mavenrun-2fea2ccc-e040-40cb-816d-44ac1292c87a] INFO  o.eclipse.m2e.core.internal.Bundles - 	Entry: C:\STS\SpringTool\sts-4.26.0.RELEASE\plugins\org.eclipse.m2e.maven.runtime_3.9.900.20240824-1409\jars\maven-resolver-api-1.9.22.jar
2024-11-15 15:26:53,817 [Worker-22: Launching mavenrun-2fea2ccc-e040-40cb-816d-44ac1292c87a] INFO  o.eclipse.m2e.core.internal.Bundles - 	Entry: C:\STS\SpringTool\sts-4.26.0.RELEASE\plugins\org.eclipse.m2e.maven.runtime_3.9.900.20240824-1409\jars\maven-resolver-connector-basic-1.9.22.jar
2024-11-15 15:26:53,817 [Worker-22: Launching mavenrun-2fea2ccc-e040-40cb-816d-44ac1292c87a] INFO  o.eclipse.m2e.core.internal.Bundles - 	Entry: C:\STS\SpringTool\sts-4.26.0.RELEASE\plugins\org.eclipse.m2e.maven.runtime_3.9.900.20240824-1409\jars\maven-resolver-impl-1.9.22.jar
2024-11-15 15:26:53,817 [Worker-22: Launching mavenrun-2fea2ccc-e040-40cb-816d-44ac1292c87a] INFO  o.eclipse.m2e.core.internal.Bundles - 	Entry: C:\STS\SpringTool\sts-4.26.0.RELEASE\plugins\org.eclipse.m2e.maven.runtime_3.9.900.20240824-1409\jars\maven-resolver-named-locks-1.9.22.jar
2024-11-15 15:26:53,817 [Worker-22: Launching mavenrun-2fea2ccc-e040-40cb-816d-44ac1292c87a] INFO  o.eclipse.m2e.core.internal.Bundles - 	Entry: C:\STS\SpringTool\sts-4.26.0.RELEASE\plugins\org.eclipse.m2e.maven.runtime_3.9.900.20240824-1409\jars\maven-resolver-provider-3.9.9.jar
2024-11-15 15:26:53,817 [Worker-22: Launching mavenrun-2fea2ccc-e040-40cb-816d-44ac1292c87a] INFO  o.eclipse.m2e.core.internal.Bundles - 	Entry: C:\STS\SpringTool\sts-4.26.0.RELEASE\plugins\org.eclipse.m2e.maven.runtime_3.9.900.20240824-1409\jars\maven-resolver-spi-1.9.22.jar
2024-11-15 15:26:53,817 [Worker-22: Launching mavenrun-2fea2ccc-e040-40cb-816d-44ac1292c87a] INFO  o.eclipse.m2e.core.internal.Bundles - 	Entry: C:\STS\SpringTool\sts-4.26.0.RELEASE\plugins\org.eclipse.m2e.maven.runtime_3.9.900.20240824-1409\jars\maven-resolver-transport-file-1.9.22.jar
2024-11-15 15:26:53,817 [Worker-22: Launching mavenrun-2fea2ccc-e040-40cb-816d-44ac1292c87a] INFO  o.eclipse.m2e.core.internal.Bundles - 	Entry: C:\STS\SpringTool\sts-4.26.0.RELEASE\plugins\org.eclipse.m2e.maven.runtime_3.9.900.20240824-1409\jars\maven-resolver-transport-http-1.9.22.jar
2024-11-15 15:26:53,817 [Worker-22: Launching mavenrun-2fea2ccc-e040-40cb-816d-44ac1292c87a] INFO  o.eclipse.m2e.core.internal.Bundles - 	Entry: C:\STS\SpringTool\sts-4.26.0.RELEASE\plugins\org.eclipse.m2e.maven.runtime_3.9.900.20240824-1409\jars\maven-resolver-transport-wagon-1.9.22.jar
2024-11-15 15:26:53,817 [Worker-22: Launching mavenrun-2fea2ccc-e040-40cb-816d-44ac1292c87a] INFO  o.eclipse.m2e.core.internal.Bundles - 	Entry: C:\STS\SpringTool\sts-4.26.0.RELEASE\plugins\org.eclipse.m2e.maven.runtime_3.9.900.20240824-1409\jars\maven-resolver-util-1.9.22.jar
2024-11-15 15:26:53,817 [Worker-22: Launching mavenrun-2fea2ccc-e040-40cb-816d-44ac1292c87a] INFO  o.eclipse.m2e.core.internal.Bundles - 	Entry: C:\STS\SpringTool\sts-4.26.0.RELEASE\plugins\org.eclipse.m2e.maven.runtime_3.9.900.20240824-1409\jars\maven-settings-3.9.9.jar
2024-11-15 15:26:53,817 [Worker-22: Launching mavenrun-2fea2ccc-e040-40cb-816d-44ac1292c87a] INFO  o.eclipse.m2e.core.internal.Bundles - 	Entry: C:\STS\SpringTool\sts-4.26.0.RELEASE\plugins\org.eclipse.m2e.maven.runtime_3.9.900.20240824-1409\jars\maven-settings-builder-3.9.9.jar
2024-11-15 15:26:53,817 [Worker-22: Launching mavenrun-2fea2ccc-e040-40cb-816d-44ac1292c87a] INFO  o.eclipse.m2e.core.internal.Bundles - 	Entry: C:\STS\SpringTool\sts-4.26.0.RELEASE\plugins\org.eclipse.m2e.maven.runtime_3.9.900.20240824-1409\jars\maven-shared-utils-3.4.2.jar
2024-11-15 15:26:53,817 [Worker-22: Launching mavenrun-2fea2ccc-e040-40cb-816d-44ac1292c87a] INFO  o.eclipse.m2e.core.internal.Bundles - 	Entry: C:\STS\SpringTool\sts-4.26.0.RELEASE\plugins\org.eclipse.m2e.maven.runtime_3.9.900.20240824-1409\jars\org.eclipse.sisu.inject-0.9.0.M3.jar
2024-11-15 15:26:53,817 [Worker-22: Launching mavenrun-2fea2ccc-e040-40cb-816d-44ac1292c87a] INFO  o.eclipse.m2e.core.internal.Bundles - 	Entry: C:\STS\SpringTool\sts-4.26.0.RELEASE\plugins\org.eclipse.m2e.maven.runtime_3.9.900.20240824-1409\jars\org.eclipse.sisu.plexus-0.9.0.M3.jar
2024-11-15 15:26:53,817 [Worker-22: Launching mavenrun-2fea2ccc-e040-40cb-816d-44ac1292c87a] INFO  o.eclipse.m2e.core.internal.Bundles - 	Entry: C:\STS\SpringTool\sts-4.26.0.RELEASE\plugins\org.eclipse.m2e.maven.runtime_3.9.900.20240824-1409\jars\plexus-build-api-0.0.7.jar
2024-11-15 15:26:53,817 [Worker-22: Launching mavenrun-2fea2ccc-e040-40cb-816d-44ac1292c87a] INFO  o.eclipse.m2e.core.internal.Bundles - 	Entry: C:\STS\SpringTool\sts-4.26.0.RELEASE\plugins\org.eclipse.m2e.maven.runtime_3.9.900.20240824-1409\jars\plexus-build-api-1.2.0.jar
2024-11-15 15:26:53,818 [Worker-22: Launching mavenrun-2fea2ccc-e040-40cb-816d-44ac1292c87a] INFO  o.eclipse.m2e.core.internal.Bundles - 	Entry: C:\STS\SpringTool\sts-4.26.0.RELEASE\plugins\org.eclipse.m2e.maven.runtime_3.9.900.20240824-1409\jars\plexus-cipher-2.0.jar
2024-11-15 15:26:53,818 [Worker-22: Launching mavenrun-2fea2ccc-e040-40cb-816d-44ac1292c87a] INFO  o.eclipse.m2e.core.internal.Bundles - 	Entry: C:\STS\SpringTool\sts-4.26.0.RELEASE\plugins\org.eclipse.m2e.maven.runtime_3.9.900.20240824-1409\jars\plexus-classworlds-2.8.0.jar
2024-11-15 15:26:53,818 [Worker-22: Launching mavenrun-2fea2ccc-e040-40cb-816d-44ac1292c87a] INFO  o.eclipse.m2e.core.internal.Bundles - 	Entry: C:\STS\SpringTool\sts-4.26.0.RELEASE\plugins\org.eclipse.m2e.maven.runtime_3.9.900.20240824-1409\jars\plexus-component-annotations-2.1.0.jar
2024-11-15 15:26:53,818 [Worker-22: Launching mavenrun-2fea2ccc-e040-40cb-816d-44ac1292c87a] INFO  o.eclipse.m2e.core.internal.Bundles - 	Entry: C:\STS\SpringTool\sts-4.26.0.RELEASE\plugins\org.eclipse.m2e.maven.runtime_3.9.900.20240824-1409\jars\plexus-interpolation-1.27.jar
2024-11-15 15:26:53,818 [Worker-22: Launching mavenrun-2fea2ccc-e040-40cb-816d-44ac1292c87a] INFO  o.eclipse.m2e.core.internal.Bundles - 	Entry: C:\STS\SpringTool\sts-4.26.0.RELEASE\plugins\org.eclipse.m2e.maven.runtime_3.9.900.20240824-1409\jars\plexus-sec-dispatcher-2.0.jar
2024-11-15 15:26:53,818 [Worker-22: Launching mavenrun-2fea2ccc-e040-40cb-816d-44ac1292c87a] INFO  o.eclipse.m2e.core.internal.Bundles - 	Entry: C:\STS\SpringTool\sts-4.26.0.RELEASE\plugins\org.eclipse.m2e.maven.runtime_3.9.900.20240824-1409\jars\plexus-utils-3.5.1.jar
2024-11-15 15:26:53,818 [Worker-22: Launching mavenrun-2fea2ccc-e040-40cb-816d-44ac1292c87a] INFO  o.eclipse.m2e.core.internal.Bundles - 	Entry: C:\STS\SpringTool\sts-4.26.0.RELEASE\plugins\org.eclipse.m2e.maven.runtime_3.9.900.20240824-1409\jars\plexus-xml-3.0.1.jar
2024-11-15 15:26:53,818 [Worker-22: Launching mavenrun-2fea2ccc-e040-40cb-816d-44ac1292c87a] INFO  o.eclipse.m2e.core.internal.Bundles - 	Entry: C:\STS\SpringTool\sts-4.26.0.RELEASE\plugins\org.eclipse.m2e.maven.runtime_3.9.900.20240824-1409\jars\wagon-file-3.5.3.jar
2024-11-15 15:26:53,818 [Worker-22: Launching mavenrun-2fea2ccc-e040-40cb-816d-44ac1292c87a] INFO  o.eclipse.m2e.core.internal.Bundles - 	Entry: C:\STS\SpringTool\sts-4.26.0.RELEASE\plugins\org.eclipse.m2e.maven.runtime_3.9.900.20240824-1409\jars\wagon-http-3.5.3.jar
2024-11-15 15:26:53,818 [Worker-22: Launching mavenrun-2fea2ccc-e040-40cb-816d-44ac1292c87a] INFO  o.eclipse.m2e.core.internal.Bundles - 	Entry: C:\STS\SpringTool\sts-4.26.0.RELEASE\plugins\org.eclipse.m2e.maven.runtime_3.9.900.20240824-1409\jars\wagon-http-shared-3.5.3.jar
2024-11-15 15:26:53,818 [Worker-22: Launching mavenrun-2fea2ccc-e040-40cb-816d-44ac1292c87a] INFO  o.eclipse.m2e.core.internal.Bundles - 	Entry: C:\STS\SpringTool\sts-4.26.0.RELEASE\plugins\org.eclipse.m2e.maven.runtime_3.9.900.20240824-1409\jars\wagon-provider-api-3.5.3.jar
2024-11-15 15:26:53,820 [Worker-22: Launching mavenrun-2fea2ccc-e040-40cb-816d-44ac1292c87a] INFO  o.eclipse.m2e.core.internal.Bundles - getClasspathEntries(Bundle=com.google.guava_33.3.0.jre [29])
2024-11-15 15:26:53,820 [Worker-22: Launching mavenrun-2fea2ccc-e040-40cb-816d-44ac1292c87a] INFO  o.eclipse.m2e.core.internal.Bundles - 	Entry: C:\STS\SpringTool\sts-4.26.0.RELEASE\plugins\com.google.guava_33.3.0.jre.jar
2024-11-15 15:26:53,820 [Worker-22: Launching mavenrun-2fea2ccc-e040-40cb-816d-44ac1292c87a] INFO  o.eclipse.m2e.core.internal.Bundles - getClasspathEntries(Bundle=slf4j.api_2.0.16 [593])
2024-11-15 15:26:53,820 [Worker-22: Launching mavenrun-2fea2ccc-e040-40cb-816d-44ac1292c87a] INFO  o.eclipse.m2e.core.internal.Bundles - 	Entry: C:\STS\SpringTool\sts-4.26.0.RELEASE\plugins\slf4j.api_2.0.16.jar
2024-11-15 15:26:53,820 [Worker-22: Launching mavenrun-2fea2ccc-e040-40cb-816d-44ac1292c87a] INFO  o.eclipse.m2e.core.internal.Bundles - getClasspathEntries(Bundle=javax.inject_1.0.0.v20091030 [604])
2024-11-15 15:26:53,820 [Worker-22: Launching mavenrun-2fea2ccc-e040-40cb-816d-44ac1292c87a] INFO  o.eclipse.m2e.core.internal.Bundles - 	Entry: C:\STS\SpringTool\sts-4.26.0.RELEASE\plugins\javax.inject_1.0.0.v20091030.jar
2024-11-15 15:26:53,820 [Worker-22: Launching mavenrun-2fea2ccc-e040-40cb-816d-44ac1292c87a] INFO  o.eclipse.m2e.core.internal.Bundles - getClasspathEntries(Bundle=javax.annotation_1.3.5.v20200909-1856 [603])
2024-11-15 15:26:53,820 [Worker-22: Launching mavenrun-2fea2ccc-e040-40cb-816d-44ac1292c87a] INFO  o.eclipse.m2e.core.internal.Bundles - 	Entry: C:\STS\SpringTool\sts-4.26.0.RELEASE\plugins\javax.annotation_1.3.5.v20200909-1856.jar
2024-11-15 15:26:53,820 [Worker-22: Launching mavenrun-2fea2ccc-e040-40cb-816d-44ac1292c87a] INFO  o.eclipse.m2e.core.internal.Bundles - getClasspathEntries(Bundle=org.apache.commons.cli_1.9.0 [77])
2024-11-15 15:26:53,821 [Worker-22: Launching mavenrun-2fea2ccc-e040-40cb-816d-44ac1292c87a] INFO  o.eclipse.m2e.core.internal.Bundles - 	Entry: C:\STS\SpringTool\sts-4.26.0.RELEASE\plugins\org.apache.commons.cli_1.9.0.jar
2024-11-15 15:26:53,821 [Worker-22: Launching mavenrun-2fea2ccc-e040-40cb-816d-44ac1292c87a] INFO  o.eclipse.m2e.core.internal.Bundles - getClasspathEntries(Bundle=org.apache.commons.commons-codec_1.16.0 [80])
2024-11-15 15:26:53,821 [Worker-22: Launching mavenrun-2fea2ccc-e040-40cb-816d-44ac1292c87a] INFO  o.eclipse.m2e.core.internal.Bundles - 	Entry: C:\STS\SpringTool\sts-4.26.0.RELEASE\plugins\org.apache.commons.commons-codec_1.16.0.jar
2024-11-15 15:26:53,821 [Worker-22: Launching mavenrun-2fea2ccc-e040-40cb-816d-44ac1292c87a] INFO  o.eclipse.m2e.core.internal.Bundles - getClasspathEntries(Bundle=com.google.guava.failureaccess_1.0.2 [30])
2024-11-15 15:26:53,821 [Worker-22: Launching mavenrun-2fea2ccc-e040-40cb-816d-44ac1292c87a] INFO  o.eclipse.m2e.core.internal.Bundles - 	Entry: C:\STS\SpringTool\sts-4.26.0.RELEASE\plugins\com.google.guava.failureaccess_1.0.2.jar
2024-11-15 15:26:53,823 [Worker-22: Launching mavenrun-2fea2ccc-e040-40cb-816d-44ac1292c87a] INFO  o.e.m.i.launch.MavenLaunchDelegate - Run build in "C:\Users\JOSEPI~1\AppData\Local\Temp\m2e-archetypeGenerator2868250367099472362":
2024-11-15 15:26:53,828 [Worker-22: Launching mavenrun-2fea2ccc-e040-40cb-816d-44ac1292c87a] INFO  o.e.m.i.launch.MavenLaunchDelegate -  mvn  -DjavaCompilerVersion=17 -DjunitVersion=5.11.0 -DarchetypeGroupId=org.apache.maven.archetypes -DarchetypeArtifactId=maven-archetype-quickstart -DarchetypeVersion=1.5 -DgroupId=com.jose -DartifactId=bibliotecah2 -Dversion=0.0.1-SNAPSHOT -Dpackage=com.jose.bibliotecah2 -DoutputDirectory=C:\STS\springProjects -Dstyle.color=always -U archetype:generate
2024-11-15 15:27:37,491 [Worker-21: Creating maven-archetype-quickstart] INFO  o.e.m.c.i.p.ProjectConfigurationManager - Collecting project info '/pom.xml' C:\STS\springProjects\bibliotecah2\pom.xml
2024-11-15 15:27:38,319 [Worker-21: Creating maven-archetype-quickstart] INFO  o.e.m.c.i.l.LifecycleMappingFactory - Using org.eclipse.m2e.jdt.JarLifecycleMapping lifecycle mapping for MavenProject: com.jose:bibliotecah2:0.0.1-SNAPSHOT @ C:\STS\springProjects\bibliotecah2\pom.xml.
2024-11-15 15:27:38,806 [Worker-21: Creating maven-archetype-quickstart] INFO  o.e.m.j.i.AbstractJavaProjectConfigurator - Adding source folder /bibliotecah2/src/main/java
2024-11-15 15:27:38,808 [Worker-21: Creating maven-archetype-quickstart] INFO  o.e.m.j.i.AbstractJavaProjectConfigurator - Adding resource folder /bibliotecah2/src/main/resources
2024-11-15 15:27:38,810 [Worker-21: Creating maven-archetype-quickstart] INFO  o.e.m.j.i.AbstractJavaProjectConfigurator - Adding source folder /bibliotecah2/src/test/java
2024-11-15 15:27:38,810 [Worker-21: Creating maven-archetype-quickstart] INFO  o.e.m.j.i.AbstractJavaProjectConfigurator - Adding resource folder /bibliotecah2/src/test/resources
2024-11-15 15:27:38,914 [Worker-21: Creating maven-archetype-quickstart] INFO  o.e.m.c.i.p.ProjectConfigurationManager - Imported and configured 1 project(s) in 1 sec
2024-11-15 15:27:39,663 [Worker-1: Building] INFO  o.a.m.s.f.DefaultMavenResourcesFiltering - skip non existing resourceDirectory C:\STS\springProjects\bibliotecah2\src\main\resources
2024-11-15 15:27:39,668 [Worker-1: Building] INFO  o.a.m.s.f.DefaultMavenResourcesFiltering - skip non existing resourceDirectory C:\STS\springProjects\bibliotecah2\src\test\resources
2024-11-15 15:27:51,545 [Worker-9: Building] INFO  o.a.m.s.f.DefaultMavenResourcesFiltering - skip non existing resourceDirectory C:\STS\springProjects\bibliotecah2\src\main\resources
2024-11-15 15:27:51,547 [Worker-9: Building] INFO  o.a.m.s.f.DefaultMavenResourcesFiltering - skip non existing resourceDirectory C:\STS\springProjects\bibliotecah2\src\test\resources
2024-11-15 15:29:45,522 [Worker-22: Building] INFO  o.e.m.c.i.l.LifecycleMappingFactory - Using org.eclipse.m2e.jdt.JarLifecycleMapping lifecycle mapping for MavenProject: com.jose:bibliotecah2:0.0.1-SNAPSHOT @ C:\STS\springProjects\bibliotecah2\pom.xml.
2024-11-15 15:29:45,739 [Worker-22: Building] INFO  o.a.m.s.f.DefaultMavenResourcesFiltering - skip non existing resourceDirectory C:\STS\springProjects\bibliotecah2\src\main\resources
2024-11-15 15:29:45,743 [Worker-22: Building] INFO  o.a.m.s.f.DefaultMavenResourcesFiltering - skip non existing resourceDirectory C:\STS\springProjects\bibliotecah2\src\test\resources
2024-11-15 15:29:46,836 [Worker-23: Building] INFO  o.a.m.s.f.DefaultMavenResourcesFiltering - skip non existing resourceDirectory C:\STS\springProjects\bibliotecah2\src\main\resources
2024-11-15 15:29:46,840 [Worker-23: Building] INFO  o.a.m.s.f.DefaultMavenResourcesFiltering - skip non existing resourceDirectory C:\STS\springProjects\bibliotecah2\src\test\resources
2024-11-15 15:30:12,721 [Worker-24: Building] INFO  o.a.m.s.f.DefaultMavenResourcesFiltering - skip non existing resourceDirectory C:\STS\springProjects\bibliotecah2\src\main\resources
2024-11-15 15:30:12,723 [Worker-24: Building] INFO  o.a.m.s.f.DefaultMavenResourcesFiltering - skip non existing resourceDirectory C:\STS\springProjects\bibliotecah2\src\test\resources
2024-11-15 15:31:00,335 [Worker-1: Building] INFO  o.a.m.s.f.DefaultMavenResourcesFiltering - skip non existing resourceDirectory C:\STS\springProjects\bibliotecah2\src\main\resources
2024-11-15 15:31:00,336 [Worker-1: Building] INFO  o.a.m.s.f.DefaultMavenResourcesFiltering - skip non existing resourceDirectory C:\STS\springProjects\bibliotecah2\src\test\resources
2024-11-15 15:34:33,924 [Worker-30: Building] INFO  o.a.m.s.f.DefaultMavenResourcesFiltering - skip non existing resourceDirectory C:\STS\springProjects\bibliotecah2\src\main\resources
2024-11-15 15:34:33,927 [Worker-30: Building] INFO  o.a.m.s.f.DefaultMavenResourcesFiltering - skip non existing resourceDirectory C:\STS\springProjects\bibliotecah2\src\test\resources
2024-11-15 15:42:35,675 [main] INFO  org.hibernate.cfg.Environment - Hibernate 3.5.6-Final
2024-11-15 15:42:35,681 [main] INFO  org.hibernate.cfg.Environment - hibernate.properties not found
2024-11-15 15:42:35,684 [main] INFO  org.hibernate.cfg.Environment - Bytecode provider name : javassist
2024-11-15 15:42:35,689 [main] INFO  org.hibernate.cfg.Environment - using JDK 1.4 java.sql.Timestamp handling
2024-11-15 15:42:35,757 [main] INFO  org.hibernate.cfg.Configuration - configuring from XML document
2024-11-15 15:42:35,758 [main] INFO  org.hibernate.cfg.Configuration - Configured SessionFactory: null
2024-11-15 15:44:51,087 [main] INFO  org.hibernate.cfg.Configuration - configuring from XML document
2024-11-15 15:44:51,087 [main] INFO  org.hibernate.cfg.Configuration - Configured SessionFactory: null
2024-11-15 15:44:51,098 [main] INFO  org.hibernate.cfg.Configuration - configuring from XML document
2024-11-15 15:44:51,098 [main] INFO  org.hibernate.cfg.Configuration - Configured SessionFactory: null
2024-11-15 15:44:51,109 [main] INFO  org.hibernate.cfg.Configuration - configuring from XML document
2024-11-15 15:44:51,110 [main] INFO  org.hibernate.cfg.Configuration - Configured SessionFactory: null
2024-11-15 15:44:51,256 [main] INFO  org.hibernate.cfg.Configuration - configuring from XML document
2024-11-15 15:44:51,257 [main] INFO  org.hibernate.cfg.Configuration - Configured SessionFactory: null
2024-11-15 15:44:51,517 [main] INFO  org.hibernate.cfg.Configuration - configuring from XML document
2024-11-15 15:44:51,517 [main] INFO  org.hibernate.cfg.Configuration - Configured SessionFactory: null
2024-11-15 15:44:51,686 [main] INFO  org.hibernate.cfg.Configuration - configuring from XML document
2024-11-15 15:44:51,686 [main] INFO  org.hibernate.cfg.Configuration - Configured SessionFactory: null
2024-11-15 15:44:51,735 [main] INFO  org.hibernate.cfg.Configuration - configuring from XML document
2024-11-15 15:44:51,735 [main] INFO  org.hibernate.cfg.Configuration - Configured SessionFactory: null
2024-11-15 15:44:52,984 [main] INFO  org.hibernate.cfg.Configuration - configuring from XML document
2024-11-15 15:44:52,984 [main] INFO  org.hibernate.cfg.Configuration - Configured SessionFactory: null
2024-11-15 15:44:57,576 [main] INFO  org.hibernate.cfg.Configuration - configuring from XML document
2024-11-15 15:44:57,576 [main] INFO  org.hibernate.cfg.Configuration - Configured SessionFactory: null
2024-11-15 15:52:47,049 [Worker-35: Building] INFO  o.a.m.s.f.DefaultMavenResourcesFiltering - skip non existing resourceDirectory C:\STS\springProjects\bibliotecah2\src\main\resources
2024-11-15 15:52:47,053 [Worker-35: Building] INFO  o.a.m.s.f.DefaultMavenResourcesFiltering - skip non existing resourceDirectory C:\STS\springProjects\bibliotecah2\src\test\resources
2024-11-15 16:03:36,399 [Worker-39: Building] INFO  o.a.m.s.f.DefaultMavenResourcesFiltering - skip non existing resourceDirectory C:\STS\springProjects\bibliotecah2\src\main\resources
2024-11-15 16:03:36,401 [Worker-39: Building] INFO  o.a.m.s.f.DefaultMavenResourcesFiltering - skip non existing resourceDirectory C:\STS\springProjects\bibliotecah2\src\test\resources
2024-11-15 16:08:53,065 [Worker-39: Building] INFO  o.a.m.s.f.DefaultMavenResourcesFiltering - skip non existing resourceDirectory C:\STS\springProjects\bibliotecah2\src\main\resources
2024-11-15 16:08:53,067 [Worker-39: Building] INFO  o.a.m.s.f.DefaultMavenResourcesFiltering - skip non existing resourceDirectory C:\STS\springProjects\bibliotecah2\src\test\resources
2024-11-15 16:16:24,104 [Worker-52: Building] INFO  o.a.m.s.f.DefaultMavenResourcesFiltering - skip non existing resourceDirectory C:\STS\springProjects\bibliotecah2\src\main\resources
2024-11-15 16:16:24,107 [Worker-52: Building] INFO  o.a.m.s.f.DefaultMavenResourcesFiltering - skip non existing resourceDirectory C:\STS\springProjects\bibliotecah2\src\test\resources
2024-11-15 16:31:00,682 [Worker-54: Launching App (1)] INFO  o.a.m.s.f.DefaultMavenResourcesFiltering - skip non existing resourceDirectory C:\STS\springProjects\bibliotecah2\src\main\resources
2024-11-15 16:31:00,684 [Worker-54: Launching App (1)] INFO  o.a.m.s.f.DefaultMavenResourcesFiltering - skip non existing resourceDirectory C:\STS\springProjects\bibliotecah2\src\test\resources
2024-11-15 16:32:10,719 [Worker-52: Building] INFO  o.a.m.s.f.DefaultMavenResourcesFiltering - skip non existing resourceDirectory C:\STS\springProjects\bibliotecah2\src\main\resources
2024-11-15 16:32:10,721 [Worker-52: Building] INFO  o.a.m.s.f.DefaultMavenResourcesFiltering - skip non existing resourceDirectory C:\STS\springProjects\bibliotecah2\src\test\resources
2024-11-15 16:34:11,230 [Worker-52: Building] INFO  o.a.m.s.f.DefaultMavenResourcesFiltering - skip non existing resourceDirectory C:\STS\springProjects\bibliotecah2\src\main\resources
2024-11-15 16:34:11,232 [Worker-52: Building] INFO  o.a.m.s.f.DefaultMavenResourcesFiltering - skip non existing resourceDirectory C:\STS\springProjects\bibliotecah2\src\test\resources
2024-11-15 16:42:52,804 [Worker-58: Launching App (1)] INFO  o.a.m.s.f.DefaultMavenResourcesFiltering - skip non existing resourceDirectory C:\STS\springProjects\bibliotecah2\src\main\resources
2024-11-15 16:42:52,807 [Worker-58: Launching App (1)] INFO  o.a.m.s.f.DefaultMavenResourcesFiltering - skip non existing resourceDirectory C:\STS\springProjects\bibliotecah2\src\test\resources
2024-11-15 16:44:08,276 [Worker-56: Launching App (1)] INFO  o.a.m.s.f.DefaultMavenResourcesFiltering - skip non existing resourceDirectory C:\STS\springProjects\bibliotecah2\src\main\resources
2024-11-15 16:44:08,277 [Worker-56: Launching App (1)] INFO  o.a.m.s.f.DefaultMavenResourcesFiltering - skip non existing resourceDirectory C:\STS\springProjects\bibliotecah2\src\test\resources
2024-11-19 19:21:50,243 [Worker-4: Loading available Gradle versions] INFO  o.e.b.c.i.u.g.PublishedGradleVersions - Gradle version information cache is out-of-date. Trying to update.
2024-11-20 15:15:40,559 [Worker-6: Loading available Gradle versions] INFO  o.e.b.c.i.u.g.PublishedGradleVersions - Gradle version information cache is up-to-date. Trying to read.
2024-11-20 15:21:51,928 [Worker-16: Launching App (1)] INFO  o.a.m.s.f.DefaultMavenResourcesFiltering - skip non existing resourceDirectory C:\STS\springProjects\bibliotecah2\src\main\resources
2024-11-20 15:21:51,933 [Worker-16: Launching App (1)] INFO  o.a.m.s.f.DefaultMavenResourcesFiltering - skip non existing resourceDirectory C:\STS\springProjects\bibliotecah2\src\test\resources
2024-11-20 15:21:52,863 [Worker-24: Building] INFO  o.a.m.s.f.DefaultMavenResourcesFiltering - skip non existing resourceDirectory C:\STS\springProjects\biblioteca1\src\main\resources
2024-11-20 15:21:52,867 [Worker-24: Building] INFO  o.a.m.s.f.DefaultMavenResourcesFiltering - skip non existing resourceDirectory C:\STS\springProjects\biblioteca1\src\test\resources
2024-11-20 15:33:39,484 [Worker-38: Building] INFO  o.a.m.s.f.DefaultMavenResourcesFiltering - skip non existing resourceDirectory C:\STS\springProjects\bibliotecah2\src\main\resources
2024-11-20 15:33:39,487 [Worker-38: Building] INFO  o.a.m.s.f.DefaultMavenResourcesFiltering - skip non existing resourceDirectory C:\STS\springProjects\bibliotecah2\src\test\resources
2024-11-20 15:34:01,550 [Worker-6: Loading available Gradle versions] INFO  o.e.b.c.i.u.g.PublishedGradleVersions - Gradle version information cache is up-to-date. Trying to read.
2024-11-20 15:35:00,854 [Worker-20: Building] INFO  o.a.m.s.f.DefaultMavenResourcesFiltering - skip non existing resourceDirectory C:\STS\springProjects\bibliotecah2\src\main\resources
2024-11-20 15:35:00,858 [Worker-20: Building] INFO  o.a.m.s.f.DefaultMavenResourcesFiltering - skip non existing resourceDirectory C:\STS\springProjects\bibliotecah2\src\test\resources
2024-11-20 15:35:30,871 [Worker-3: Building] INFO  o.a.m.s.f.DefaultMavenResourcesFiltering - skip non existing resourceDirectory C:\STS\springProjects\bibliotecah2\src\main\resources
2024-11-20 15:35:30,875 [Worker-3: Building] INFO  o.a.m.s.f.DefaultMavenResourcesFiltering - skip non existing resourceDirectory C:\STS\springProjects\bibliotecah2\src\test\resources
2024-11-20 16:03:33,971 [Worker-12: Launching App (1)] INFO  o.a.m.s.f.DefaultMavenResourcesFiltering - skip non existing resourceDirectory C:\STS\springProjects\bibliotecah2\src\main\resources
2024-11-20 16:03:33,975 [Worker-12: Launching App (1)] INFO  o.a.m.s.f.DefaultMavenResourcesFiltering - skip non existing resourceDirectory C:\STS\springProjects\bibliotecah2\src\test\resources
2024-11-20 16:04:34,009 [Worker-12: Launching App (1)] INFO  o.a.m.s.f.DefaultMavenResourcesFiltering - skip non existing resourceDirectory C:\STS\springProjects\bibliotecah2\src\main\resources
2024-11-20 16:04:34,014 [Worker-12: Launching App (1)] INFO  o.a.m.s.f.DefaultMavenResourcesFiltering - skip non existing resourceDirectory C:\STS\springProjects\bibliotecah2\src\test\resources
2024-11-20 16:16:07,164 [Worker-38: Launching App (1)] INFO  o.a.m.s.f.DefaultMavenResourcesFiltering - skip non existing resourceDirectory C:\STS\springProjects\bibliotecah2\src\main\resources
2024-11-20 16:16:07,167 [Worker-38: Launching App (1)] INFO  o.a.m.s.f.DefaultMavenResourcesFiltering - skip non existing resourceDirectory C:\STS\springProjects\bibliotecah2\src\test\resources
2024-11-20 16:23:28,175 [Worker-29: Launching App (1)] INFO  o.a.m.s.f.DefaultMavenResourcesFiltering - skip non existing resourceDirectory C:\STS\springProjects\bibliotecah2\src\main\resources
2024-11-20 16:23:28,176 [Worker-29: Launching App (1)] INFO  o.a.m.s.f.DefaultMavenResourcesFiltering - skip non existing resourceDirectory C:\STS\springProjects\bibliotecah2\src\test\resources
2024-11-20 16:30:42,125 [Worker-40: Launching App (1)] INFO  o.a.m.s.f.DefaultMavenResourcesFiltering - skip non existing resourceDirectory C:\STS\springProjects\bibliotecah2\src\main\resources
2024-11-20 16:30:42,127 [Worker-40: Launching App (1)] INFO  o.a.m.s.f.DefaultMavenResourcesFiltering - skip non existing resourceDirectory C:\STS\springProjects\bibliotecah2\src\test\resources
2024-11-20 16:48:42,730 [Worker-38: Building] INFO  o.a.m.s.f.DefaultMavenResourcesFiltering - skip non existing resourceDirectory C:\STS\springProjects\bibliotecah2\src\main\resources
2024-11-20 16:48:42,732 [Worker-38: Building] INFO  o.a.m.s.f.DefaultMavenResourcesFiltering - skip non existing resourceDirectory C:\STS\springProjects\bibliotecah2\src\test\resources
2024-11-20 16:49:29,752 [Worker-52: Building] INFO  o.a.m.s.f.DefaultMavenResourcesFiltering - skip non existing resourceDirectory C:\STS\springProjects\bibliotecah2\src\main\resources
2024-11-20 16:49:29,753 [Worker-52: Building] INFO  o.a.m.s.f.DefaultMavenResourcesFiltering - skip non existing resourceDirectory C:\STS\springProjects\bibliotecah2\src\test\resources
2024-11-22 15:29:21,583 [Worker-4: Loading available Gradle versions] INFO  o.e.b.c.i.u.g.PublishedGradleVersions - Gradle version information cache is out-of-date. Trying to update.
2024-11-22 15:35:45,804 [Worker-28: Building] INFO  o.a.m.s.f.DefaultMavenResourcesFiltering - skip non existing resourceDirectory C:\STS\springProjects\bibliotecah2\src\main\resources
2024-11-22 15:35:45,810 [Worker-28: Building] INFO  o.a.m.s.f.DefaultMavenResourcesFiltering - skip non existing resourceDirectory C:\STS\springProjects\bibliotecah2\src\test\resources
2024-11-22 15:38:47,872 [Worker-28: Building] INFO  o.a.m.s.f.DefaultMavenResourcesFiltering - skip non existing resourceDirectory C:\STS\springProjects\bibliotecah2\src\main\resources
2024-11-22 15:38:47,876 [Worker-28: Building] INFO  o.a.m.s.f.DefaultMavenResourcesFiltering - skip non existing resourceDirectory C:\STS\springProjects\bibliotecah2\src\test\resources
2024-11-22 15:56:23,919 [Worker-40: Launching AppHibernateUtils] INFO  o.a.m.s.f.DefaultMavenResourcesFiltering - skip non existing resourceDirectory C:\STS\springProjects\bibliotecah2\src\main\resources
2024-11-22 15:56:23,923 [Worker-40: Launching AppHibernateUtils] INFO  o.a.m.s.f.DefaultMavenResourcesFiltering - skip non existing resourceDirectory C:\STS\springProjects\bibliotecah2\src\test\resources
2024-11-22 15:57:57,731 [Worker-40: Building] INFO  o.a.m.s.f.DefaultMavenResourcesFiltering - skip non existing resourceDirectory C:\STS\springProjects\bibliotecah2\src\main\resources
2024-11-22 15:57:57,734 [Worker-40: Building] INFO  o.a.m.s.f.DefaultMavenResourcesFiltering - skip non existing resourceDirectory C:\STS\springProjects\bibliotecah2\src\test\resources
2024-11-22 16:18:14,282 [Worker-43: Building] INFO  o.a.m.s.f.DefaultMavenResourcesFiltering - skip non existing resourceDirectory C:\STS\springProjects\bibliotecah2\src\main\resources
2024-11-22 16:18:14,284 [Worker-43: Building] INFO  o.a.m.s.f.DefaultMavenResourcesFiltering - skip non existing resourceDirectory C:\STS\springProjects\bibliotecah2\src\test\resources
2024-11-22 16:49:37,213 [Worker-58: Building] INFO  o.a.m.s.f.DefaultMavenResourcesFiltering - skip non existing resourceDirectory C:\STS\springProjects\bibliotecah2\src\main\resources
2024-11-22 16:49:37,217 [Worker-58: Building] INFO  o.a.m.s.f.DefaultMavenResourcesFiltering - skip non existing resourceDirectory C:\STS\springProjects\bibliotecah2\src\test\resources
2024-12-03 20:15:09,158 [Worker-4: Loading available Gradle versions] INFO  o.e.b.c.i.u.g.PublishedGradleVersions - Gradle version information cache is out-of-date. Trying to update.
2024-12-03 20:45:36,862 [Worker-14: Launching mavenrun-0eee58f9-644f-4de1-ad4b-371b9f007749] INFO  o.eclipse.m2e.core.internal.Bundles - getClasspathEntries(Bundle=org.eclipse.m2e.maven.runtime_3.9.900.20240824-1409 [360])
2024-12-03 20:45:36,864 [Worker-14: Launching mavenrun-0eee58f9-644f-4de1-ad4b-371b9f007749] INFO  o.eclipse.m2e.core.internal.Bundles - 	Entry: C:\STS\SpringTool\sts-4.26.0.RELEASE\plugins\org.eclipse.m2e.maven.runtime_3.9.900.20240824-1409
2024-12-03 20:45:36,864 [Worker-14: Launching mavenrun-0eee58f9-644f-4de1-ad4b-371b9f007749] INFO  o.eclipse.m2e.core.internal.Bundles - 	Entry: C:\STS\SpringTool\sts-4.26.0.RELEASE\plugins\org.eclipse.m2e.maven.runtime_3.9.900.20240824-1409\jars\aopalliance-1.0.jar
2024-12-03 20:45:36,864 [Worker-14: Launching mavenrun-0eee58f9-644f-4de1-ad4b-371b9f007749] INFO  o.eclipse.m2e.core.internal.Bundles - 	Entry: C:\STS\SpringTool\sts-4.26.0.RELEASE\plugins\org.eclipse.m2e.maven.runtime_3.9.900.20240824-1409\jars\guice-5.1.0.jar
2024-12-03 20:45:36,864 [Worker-14: Launching mavenrun-0eee58f9-644f-4de1-ad4b-371b9f007749] INFO  o.eclipse.m2e.core.internal.Bundles - 	Entry: C:\STS\SpringTool\sts-4.26.0.RELEASE\plugins\org.eclipse.m2e.maven.runtime_3.9.900.20240824-1409\jars\httpclient-4.5.14.jar
2024-12-03 20:45:36,864 [Worker-14: Launching mavenrun-0eee58f9-644f-4de1-ad4b-371b9f007749] INFO  o.eclipse.m2e.core.internal.Bundles - 	Entry: C:\STS\SpringTool\sts-4.26.0.RELEASE\plugins\org.eclipse.m2e.maven.runtime_3.9.900.20240824-1409\jars\httpcore-4.4.16.jar
2024-12-03 20:45:36,864 [Worker-14: Launching mavenrun-0eee58f9-644f-4de1-ad4b-371b9f007749] INFO  o.eclipse.m2e.core.internal.Bundles - 	Entry: C:\STS\SpringTool\sts-4.26.0.RELEASE\plugins\org.eclipse.m2e.maven.runtime_3.9.900.20240824-1409\jars\jansi-2.4.1.jar
2024-12-03 20:45:36,864 [Worker-14: Launching mavenrun-0eee58f9-644f-4de1-ad4b-371b9f007749] INFO  o.eclipse.m2e.core.internal.Bundles - 	Entry: C:\STS\SpringTool\sts-4.26.0.RELEASE\plugins\org.eclipse.m2e.maven.runtime_3.9.900.20240824-1409\jars\jcl-over-slf4j-1.7.36.jar
2024-12-03 20:45:36,864 [Worker-14: Launching mavenrun-0eee58f9-644f-4de1-ad4b-371b9f007749] INFO  o.eclipse.m2e.core.internal.Bundles - 	Entry: C:\STS\SpringTool\sts-4.26.0.RELEASE\plugins\org.eclipse.m2e.maven.runtime_3.9.900.20240824-1409\jars\maven-artifact-3.9.9.jar
2024-12-03 20:45:36,864 [Worker-14: Launching mavenrun-0eee58f9-644f-4de1-ad4b-371b9f007749] INFO  o.eclipse.m2e.core.internal.Bundles - 	Entry: C:\STS\SpringTool\sts-4.26.0.RELEASE\plugins\org.eclipse.m2e.maven.runtime_3.9.900.20240824-1409\jars\maven-builder-support-3.9.9.jar
2024-12-03 20:45:36,864 [Worker-14: Launching mavenrun-0eee58f9-644f-4de1-ad4b-371b9f007749] INFO  o.eclipse.m2e.core.internal.Bundles - 	Entry: C:\STS\SpringTool\sts-4.26.0.RELEASE\plugins\org.eclipse.m2e.maven.runtime_3.9.900.20240824-1409\jars\maven-compat-3.9.9.jar
2024-12-03 20:45:36,864 [Worker-14: Launching mavenrun-0eee58f9-644f-4de1-ad4b-371b9f007749] INFO  o.eclipse.m2e.core.internal.Bundles - 	Entry: C:\STS\SpringTool\sts-4.26.0.RELEASE\plugins\org.eclipse.m2e.maven.runtime_3.9.900.20240824-1409\jars\maven-core-3.9.9.jar
2024-12-03 20:45:36,864 [Worker-14: Launching mavenrun-0eee58f9-644f-4de1-ad4b-371b9f007749] INFO  o.eclipse.m2e.core.internal.Bundles - 	Entry: C:\STS\SpringTool\sts-4.26.0.RELEASE\plugins\org.eclipse.m2e.maven.runtime_3.9.900.20240824-1409\jars\maven-embedder-3.9.9.jar
2024-12-03 20:45:36,865 [Worker-14: Launching mavenrun-0eee58f9-644f-4de1-ad4b-371b9f007749] INFO  o.eclipse.m2e.core.internal.Bundles - 	Entry: C:\STS\SpringTool\sts-4.26.0.RELEASE\plugins\org.eclipse.m2e.maven.runtime_3.9.900.20240824-1409\jars\maven-model-3.9.9.jar
2024-12-03 20:45:36,865 [Worker-14: Launching mavenrun-0eee58f9-644f-4de1-ad4b-371b9f007749] INFO  o.eclipse.m2e.core.internal.Bundles - 	Entry: C:\STS\SpringTool\sts-4.26.0.RELEASE\plugins\org.eclipse.m2e.maven.runtime_3.9.900.20240824-1409\jars\maven-model-builder-3.9.9.jar
2024-12-03 20:45:36,865 [Worker-14: Launching mavenrun-0eee58f9-644f-4de1-ad4b-371b9f007749] INFO  o.eclipse.m2e.core.internal.Bundles - 	Entry: C:\STS\SpringTool\sts-4.26.0.RELEASE\plugins\org.eclipse.m2e.maven.runtime_3.9.900.20240824-1409\jars\maven-plugin-api-3.9.9.jar
2024-12-03 20:45:36,865 [Worker-14: Launching mavenrun-0eee58f9-644f-4de1-ad4b-371b9f007749] INFO  o.eclipse.m2e.core.internal.Bundles - 	Entry: C:\STS\SpringTool\sts-4.26.0.RELEASE\plugins\org.eclipse.m2e.maven.runtime_3.9.900.20240824-1409\jars\maven-repository-metadata-3.9.9.jar
2024-12-03 20:45:36,865 [Worker-14: Launching mavenrun-0eee58f9-644f-4de1-ad4b-371b9f007749] INFO  o.eclipse.m2e.core.internal.Bundles - 	Entry: C:\STS\SpringTool\sts-4.26.0.RELEASE\plugins\org.eclipse.m2e.maven.runtime_3.9.900.20240824-1409\jars\maven-resolver-api-1.9.22.jar
2024-12-03 20:45:36,865 [Worker-14: Launching mavenrun-0eee58f9-644f-4de1-ad4b-371b9f007749] INFO  o.eclipse.m2e.core.internal.Bundles - 	Entry: C:\STS\SpringTool\sts-4.26.0.RELEASE\plugins\org.eclipse.m2e.maven.runtime_3.9.900.20240824-1409\jars\maven-resolver-connector-basic-1.9.22.jar
2024-12-03 20:45:36,865 [Worker-14: Launching mavenrun-0eee58f9-644f-4de1-ad4b-371b9f007749] INFO  o.eclipse.m2e.core.internal.Bundles - 	Entry: C:\STS\SpringTool\sts-4.26.0.RELEASE\plugins\org.eclipse.m2e.maven.runtime_3.9.900.20240824-1409\jars\maven-resolver-impl-1.9.22.jar
2024-12-03 20:45:36,865 [Worker-14: Launching mavenrun-0eee58f9-644f-4de1-ad4b-371b9f007749] INFO  o.eclipse.m2e.core.internal.Bundles - 	Entry: C:\STS\SpringTool\sts-4.26.0.RELEASE\plugins\org.eclipse.m2e.maven.runtime_3.9.900.20240824-1409\jars\maven-resolver-named-locks-1.9.22.jar
2024-12-03 20:45:36,865 [Worker-14: Launching mavenrun-0eee58f9-644f-4de1-ad4b-371b9f007749] INFO  o.eclipse.m2e.core.internal.Bundles - 	Entry: C:\STS\SpringTool\sts-4.26.0.RELEASE\plugins\org.eclipse.m2e.maven.runtime_3.9.900.20240824-1409\jars\maven-resolver-provider-3.9.9.jar
2024-12-03 20:45:36,865 [Worker-14: Launching mavenrun-0eee58f9-644f-4de1-ad4b-371b9f007749] INFO  o.eclipse.m2e.core.internal.Bundles - 	Entry: C:\STS\SpringTool\sts-4.26.0.RELEASE\plugins\org.eclipse.m2e.maven.runtime_3.9.900.20240824-1409\jars\maven-resolver-spi-1.9.22.jar
2024-12-03 20:45:36,865 [Worker-14: Launching mavenrun-0eee58f9-644f-4de1-ad4b-371b9f007749] INFO  o.eclipse.m2e.core.internal.Bundles - 	Entry: C:\STS\SpringTool\sts-4.26.0.RELEASE\plugins\org.eclipse.m2e.maven.runtime_3.9.900.20240824-1409\jars\maven-resolver-transport-file-1.9.22.jar
2024-12-03 20:45:36,865 [Worker-14: Launching mavenrun-0eee58f9-644f-4de1-ad4b-371b9f007749] INFO  o.eclipse.m2e.core.internal.Bundles - 	Entry: C:\STS\SpringTool\sts-4.26.0.RELEASE\plugins\org.eclipse.m2e.maven.runtime_3.9.900.20240824-1409\jars\maven-resolver-transport-http-1.9.22.jar
2024-12-03 20:45:36,865 [Worker-14: Launching mavenrun-0eee58f9-644f-4de1-ad4b-371b9f007749] INFO  o.eclipse.m2e.core.internal.Bundles - 	Entry: C:\STS\SpringTool\sts-4.26.0.RELEASE\plugins\org.eclipse.m2e.maven.runtime_3.9.900.20240824-1409\jars\maven-resolver-transport-wagon-1.9.22.jar
2024-12-03 20:45:36,865 [Worker-14: Launching mavenrun-0eee58f9-644f-4de1-ad4b-371b9f007749] INFO  o.eclipse.m2e.core.internal.Bundles - 	Entry: C:\STS\SpringTool\sts-4.26.0.RELEASE\plugins\org.eclipse.m2e.maven.runtime_3.9.900.20240824-1409\jars\maven-resolver-util-1.9.22.jar
2024-12-03 20:45:36,865 [Worker-14: Launching mavenrun-0eee58f9-644f-4de1-ad4b-371b9f007749] INFO  o.eclipse.m2e.core.internal.Bundles - 	Entry: C:\STS\SpringTool\sts-4.26.0.RELEASE\plugins\org.eclipse.m2e.maven.runtime_3.9.900.20240824-1409\jars\maven-settings-3.9.9.jar
2024-12-03 20:45:36,865 [Worker-14: Launching mavenrun-0eee58f9-644f-4de1-ad4b-371b9f007749] INFO  o.eclipse.m2e.core.internal.Bundles - 	Entry: C:\STS\SpringTool\sts-4.26.0.RELEASE\plugins\org.eclipse.m2e.maven.runtime_3.9.900.20240824-1409\jars\maven-settings-builder-3.9.9.jar
2024-12-03 20:45:36,865 [Worker-14: Launching mavenrun-0eee58f9-644f-4de1-ad4b-371b9f007749] INFO  o.eclipse.m2e.core.internal.Bundles - 	Entry: C:\STS\SpringTool\sts-4.26.0.RELEASE\plugins\org.eclipse.m2e.maven.runtime_3.9.900.20240824-1409\jars\maven-shared-utils-3.4.2.jar
2024-12-03 20:45:36,865 [Worker-14: Launching mavenrun-0eee58f9-644f-4de1-ad4b-371b9f007749] INFO  o.eclipse.m2e.core.internal.Bundles - 	Entry: C:\STS\SpringTool\sts-4.26.0.RELEASE\plugins\org.eclipse.m2e.maven.runtime_3.9.900.20240824-1409\jars\org.eclipse.sisu.inject-0.9.0.M3.jar
2024-12-03 20:45:36,866 [Worker-14: Launching mavenrun-0eee58f9-644f-4de1-ad4b-371b9f007749] INFO  o.eclipse.m2e.core.internal.Bundles - 	Entry: C:\STS\SpringTool\sts-4.26.0.RELEASE\plugins\org.eclipse.m2e.maven.runtime_3.9.900.20240824-1409\jars\org.eclipse.sisu.plexus-0.9.0.M3.jar
2024-12-03 20:45:36,866 [Worker-14: Launching mavenrun-0eee58f9-644f-4de1-ad4b-371b9f007749] INFO  o.eclipse.m2e.core.internal.Bundles - 	Entry: C:\STS\SpringTool\sts-4.26.0.RELEASE\plugins\org.eclipse.m2e.maven.runtime_3.9.900.20240824-1409\jars\plexus-build-api-0.0.7.jar
2024-12-03 20:45:36,866 [Worker-14: Launching mavenrun-0eee58f9-644f-4de1-ad4b-371b9f007749] INFO  o.eclipse.m2e.core.internal.Bundles - 	Entry: C:\STS\SpringTool\sts-4.26.0.RELEASE\plugins\org.eclipse.m2e.maven.runtime_3.9.900.20240824-1409\jars\plexus-build-api-1.2.0.jar
2024-12-03 20:45:36,866 [Worker-14: Launching mavenrun-0eee58f9-644f-4de1-ad4b-371b9f007749] INFO  o.eclipse.m2e.core.internal.Bundles - 	Entry: C:\STS\SpringTool\sts-4.26.0.RELEASE\plugins\org.eclipse.m2e.maven.runtime_3.9.900.20240824-1409\jars\plexus-cipher-2.0.jar
2024-12-03 20:45:36,866 [Worker-14: Launching mavenrun-0eee58f9-644f-4de1-ad4b-371b9f007749] INFO  o.eclipse.m2e.core.internal.Bundles - 	Entry: C:\STS\SpringTool\sts-4.26.0.RELEASE\plugins\org.eclipse.m2e.maven.runtime_3.9.900.20240824-1409\jars\plexus-classworlds-2.8.0.jar
2024-12-03 20:45:36,866 [Worker-14: Launching mavenrun-0eee58f9-644f-4de1-ad4b-371b9f007749] INFO  o.eclipse.m2e.core.internal.Bundles - 	Entry: C:\STS\SpringTool\sts-4.26.0.RELEASE\plugins\org.eclipse.m2e.maven.runtime_3.9.900.20240824-1409\jars\plexus-component-annotations-2.1.0.jar
2024-12-03 20:45:36,866 [Worker-14: Launching mavenrun-0eee58f9-644f-4de1-ad4b-371b9f007749] INFO  o.eclipse.m2e.core.internal.Bundles - 	Entry: C:\STS\SpringTool\sts-4.26.0.RELEASE\plugins\org.eclipse.m2e.maven.runtime_3.9.900.20240824-1409\jars\plexus-interpolation-1.27.jar
2024-12-03 20:45:36,866 [Worker-14: Launching mavenrun-0eee58f9-644f-4de1-ad4b-371b9f007749] INFO  o.eclipse.m2e.core.internal.Bundles - 	Entry: C:\STS\SpringTool\sts-4.26.0.RELEASE\plugins\org.eclipse.m2e.maven.runtime_3.9.900.20240824-1409\jars\plexus-sec-dispatcher-2.0.jar
2024-12-03 20:45:36,866 [Worker-14: Launching mavenrun-0eee58f9-644f-4de1-ad4b-371b9f007749] INFO  o.eclipse.m2e.core.internal.Bundles - 	Entry: C:\STS\SpringTool\sts-4.26.0.RELEASE\plugins\org.eclipse.m2e.maven.runtime_3.9.900.20240824-1409\jars\plexus-utils-3.5.1.jar
2024-12-03 20:45:36,866 [Worker-14: Launching mavenrun-0eee58f9-644f-4de1-ad4b-371b9f007749] INFO  o.eclipse.m2e.core.internal.Bundles - 	Entry: C:\STS\SpringTool\sts-4.26.0.RELEASE\plugins\org.eclipse.m2e.maven.runtime_3.9.900.20240824-1409\jars\plexus-xml-3.0.1.jar
2024-12-03 20:45:36,866 [Worker-14: Launching mavenrun-0eee58f9-644f-4de1-ad4b-371b9f007749] INFO  o.eclipse.m2e.core.internal.Bundles - 	Entry: C:\STS\SpringTool\sts-4.26.0.RELEASE\plugins\org.eclipse.m2e.maven.runtime_3.9.900.20240824-1409\jars\wagon-file-3.5.3.jar
2024-12-03 20:45:36,866 [Worker-14: Launching mavenrun-0eee58f9-644f-4de1-ad4b-371b9f007749] INFO  o.eclipse.m2e.core.internal.Bundles - 	Entry: C:\STS\SpringTool\sts-4.26.0.RELEASE\plugins\org.eclipse.m2e.maven.runtime_3.9.900.20240824-1409\jars\wagon-http-3.5.3.jar
2024-12-03 20:45:36,866 [Worker-14: Launching mavenrun-0eee58f9-644f-4de1-ad4b-371b9f007749] INFO  o.eclipse.m2e.core.internal.Bundles - 	Entry: C:\STS\SpringTool\sts-4.26.0.RELEASE\plugins\org.eclipse.m2e.maven.runtime_3.9.900.20240824-1409\jars\wagon-http-shared-3.5.3.jar
2024-12-03 20:45:36,866 [Worker-14: Launching mavenrun-0eee58f9-644f-4de1-ad4b-371b9f007749] INFO  o.eclipse.m2e.core.internal.Bundles - 	Entry: C:\STS\SpringTool\sts-4.26.0.RELEASE\plugins\org.eclipse.m2e.maven.runtime_3.9.900.20240824-1409\jars\wagon-provider-api-3.5.3.jar
2024-12-03 20:45:36,867 [Worker-14: Launching mavenrun-0eee58f9-644f-4de1-ad4b-371b9f007749] INFO  o.eclipse.m2e.core.internal.Bundles - getClasspathEntries(Bundle=com.google.guava_33.3.0.jre [29])
2024-12-03 20:45:36,867 [Worker-14: Launching mavenrun-0eee58f9-644f-4de1-ad4b-371b9f007749] INFO  o.eclipse.m2e.core.internal.Bundles - 	Entry: C:\STS\SpringTool\sts-4.26.0.RELEASE\plugins\com.google.guava_33.3.0.jre.jar
2024-12-03 20:45:36,867 [Worker-14: Launching mavenrun-0eee58f9-644f-4de1-ad4b-371b9f007749] INFO  o.eclipse.m2e.core.internal.Bundles - getClasspathEntries(Bundle=slf4j.api_2.0.16 [593])
2024-12-03 20:45:36,867 [Worker-14: Launching mavenrun-0eee58f9-644f-4de1-ad4b-371b9f007749] INFO  o.eclipse.m2e.core.internal.Bundles - 	Entry: C:\STS\SpringTool\sts-4.26.0.RELEASE\plugins\slf4j.api_2.0.16.jar
2024-12-03 20:45:36,867 [Worker-14: Launching mavenrun-0eee58f9-644f-4de1-ad4b-371b9f007749] INFO  o.eclipse.m2e.core.internal.Bundles - getClasspathEntries(Bundle=javax.inject_1.0.0.v20091030 [604])
2024-12-03 20:45:36,868 [Worker-14: Launching mavenrun-0eee58f9-644f-4de1-ad4b-371b9f007749] INFO  o.eclipse.m2e.core.internal.Bundles - 	Entry: C:\STS\SpringTool\sts-4.26.0.RELEASE\plugins\javax.inject_1.0.0.v20091030.jar
2024-12-03 20:45:36,868 [Worker-14: Launching mavenrun-0eee58f9-644f-4de1-ad4b-371b9f007749] INFO  o.eclipse.m2e.core.internal.Bundles - getClasspathEntries(Bundle=javax.annotation_1.3.5.v20200909-1856 [603])
2024-12-03 20:45:36,868 [Worker-14: Launching mavenrun-0eee58f9-644f-4de1-ad4b-371b9f007749] INFO  o.eclipse.m2e.core.internal.Bundles - 	Entry: C:\STS\SpringTool\sts-4.26.0.RELEASE\plugins\javax.annotation_1.3.5.v20200909-1856.jar
2024-12-03 20:45:36,868 [Worker-14: Launching mavenrun-0eee58f9-644f-4de1-ad4b-371b9f007749] INFO  o.eclipse.m2e.core.internal.Bundles - getClasspathEntries(Bundle=org.apache.commons.cli_1.9.0 [77])
2024-12-03 20:45:36,868 [Worker-14: Launching mavenrun-0eee58f9-644f-4de1-ad4b-371b9f007749] INFO  o.eclipse.m2e.core.internal.Bundles - 	Entry: C:\STS\SpringTool\sts-4.26.0.RELEASE\plugins\org.apache.commons.cli_1.9.0.jar
2024-12-03 20:45:36,868 [Worker-14: Launching mavenrun-0eee58f9-644f-4de1-ad4b-371b9f007749] INFO  o.eclipse.m2e.core.internal.Bundles - getClasspathEntries(Bundle=org.apache.commons.commons-codec_1.16.0 [80])
2024-12-03 20:45:36,868 [Worker-14: Launching mavenrun-0eee58f9-644f-4de1-ad4b-371b9f007749] INFO  o.eclipse.m2e.core.internal.Bundles - 	Entry: C:\STS\SpringTool\sts-4.26.0.RELEASE\plugins\org.apache.commons.commons-codec_1.16.0.jar
2024-12-03 20:45:36,868 [Worker-14: Launching mavenrun-0eee58f9-644f-4de1-ad4b-371b9f007749] INFO  o.eclipse.m2e.core.internal.Bundles - getClasspathEntries(Bundle=com.google.guava.failureaccess_1.0.2 [30])
2024-12-03 20:45:36,868 [Worker-14: Launching mavenrun-0eee58f9-644f-4de1-ad4b-371b9f007749] INFO  o.eclipse.m2e.core.internal.Bundles - 	Entry: C:\STS\SpringTool\sts-4.26.0.RELEASE\plugins\com.google.guava.failureaccess_1.0.2.jar
2024-12-03 20:45:36,870 [Worker-14: Launching mavenrun-0eee58f9-644f-4de1-ad4b-371b9f007749] INFO  o.e.m.i.launch.MavenLaunchDelegate - Run build in "C:\Users\JOSEPI~1\AppData\Local\Temp\m2e-archetypeGenerator18188820872738017323":
2024-12-03 20:45:36,873 [Worker-14: Launching mavenrun-0eee58f9-644f-4de1-ad4b-371b9f007749] INFO  o.e.m.i.launch.MavenLaunchDelegate -  mvn  -DjavaCompilerVersion=17 -DjunitVersion=5.11.0 -DarchetypeGroupId=org.apache.maven.archetypes -DarchetypeArtifactId=maven-archetype-quickstart -DarchetypeVersion=1.5 -DgroupId=com.jose -DartifactId=hibernateanotaciones1 -Dversion=0.0.1-SNAPSHOT -Dpackage=com.jose.hibernateanotaciones1 -DoutputDirectory=C:\STS\springProjects -Dstyle.color=always -U archetype:generate
2024-12-03 20:45:59,868 [Worker-25: Creating maven-archetype-quickstart] INFO  o.e.m.c.i.p.ProjectConfigurationManager - Collecting project info '/pom.xml' C:\STS\springProjects\hibernateanotaciones1\pom.xml
2024-12-03 20:46:00,225 [Worker-25: Creating maven-archetype-quickstart] INFO  o.e.m.c.i.l.LifecycleMappingFactory - Using org.eclipse.m2e.jdt.JarLifecycleMapping lifecycle mapping for MavenProject: com.jose:hibernateanotaciones1:0.0.1-SNAPSHOT @ C:\STS\springProjects\hibernateanotaciones1\pom.xml.
2024-12-03 20:46:00,603 [Worker-25: Creating maven-archetype-quickstart] INFO  o.e.m.j.i.AbstractJavaProjectConfigurator - Adding source folder /hibernateanotaciones1/src/main/java
2024-12-03 20:46:00,604 [Worker-25: Creating maven-archetype-quickstart] INFO  o.e.m.j.i.AbstractJavaProjectConfigurator - Adding resource folder /hibernateanotaciones1/src/main/resources
2024-12-03 20:46:00,606 [Worker-25: Creating maven-archetype-quickstart] INFO  o.e.m.j.i.AbstractJavaProjectConfigurator - Adding source folder /hibernateanotaciones1/src/test/java
2024-12-03 20:46:00,607 [Worker-25: Creating maven-archetype-quickstart] INFO  o.e.m.j.i.AbstractJavaProjectConfigurator - Adding resource folder /hibernateanotaciones1/src/test/resources
2024-12-03 20:46:00,797 [Worker-25: Creating maven-archetype-quickstart] INFO  o.e.m.c.i.p.ProjectConfigurationManager - Imported and configured 1 project(s) in 0 sec
2024-12-03 20:46:01,585 [Worker-28: Building] INFO  o.a.m.s.f.DefaultMavenResourcesFiltering - skip non existing resourceDirectory C:\STS\springProjects\hibernateanotaciones1\src\main\resources
2024-12-03 20:46:01,591 [Worker-28: Building] INFO  o.a.m.s.f.DefaultMavenResourcesFiltering - skip non existing resourceDirectory C:\STS\springProjects\hibernateanotaciones1\src\test\resources
2024-12-03 20:47:09,041 [Worker-27: Building] INFO  o.a.m.s.f.DefaultMavenResourcesFiltering - skip non existing resourceDirectory C:\STS\springProjects\bibliotecah2\src\main\resources
2024-12-03 20:47:09,044 [Worker-27: Building] INFO  o.a.m.s.f.DefaultMavenResourcesFiltering - skip non existing resourceDirectory C:\STS\springProjects\bibliotecah2\src\test\resources
2024-12-03 20:47:46,614 [Worker-14: Building] ERROR o.e.m.c.i.p.r.ProjectRegistryManager - Could not read pom.xml
org.eclipse.core.runtime.CoreException: Could not read pom.xml
	at org.eclipse.m2e.core.internal.IMavenToolbox.readModel(IMavenToolbox.java:245)
	at org.eclipse.m2e.core.internal.project.registry.ProjectRegistryManager.refreshPhase2(ProjectRegistryManager.java:591)
	at org.eclipse.m2e.core.internal.project.registry.ProjectRegistryManager.refresh(ProjectRegistryManager.java:491)
	at org.eclipse.m2e.core.internal.project.registry.ProjectRegistryManager.refresh(ProjectRegistryManager.java:370)
	at org.eclipse.m2e.core.internal.project.registry.ProjectRegistryManager.refresh(ProjectRegistryManager.java:322)
	at org.eclipse.m2e.core.internal.builder.MavenBuilder$BuildMethod.getProjectFacade(MavenBuilder.java:146)
	at org.eclipse.m2e.core.internal.builder.MavenBuilder$BuildMethod.lambda$0(MavenBuilder.java:84)
	at org.eclipse.m2e.core.internal.embedder.MavenExecutionContext.executeBare(MavenExecutionContext.java:458)
	at org.eclipse.m2e.core.internal.embedder.MavenExecutionContext.execute(MavenExecutionContext.java:339)
	at org.eclipse.m2e.core.internal.embedder.MavenExecutionContext.execute(MavenExecutionContext.java:278)
	at org.eclipse.m2e.core.internal.builder.MavenBuilder$BuildMethod.execute(MavenBuilder.java:83)
	at org.eclipse.m2e.core.internal.builder.MavenBuilder.build(MavenBuilder.java:192)
	at org.eclipse.core.internal.events.BuildManager$2.run(BuildManager.java:1077)
	at org.eclipse.core.runtime.SafeRunner.run(SafeRunner.java:47)
	at org.eclipse.core.internal.events.BuildManager.basicBuild(BuildManager.java:296)
	at org.eclipse.core.internal.events.BuildManager.basicBuild(BuildManager.java:352)
	at org.eclipse.core.internal.events.BuildManager$1.run(BuildManager.java:441)
	at org.eclipse.core.runtime.SafeRunner.run(SafeRunner.java:47)
	at org.eclipse.core.internal.events.BuildManager.basicBuild(BuildManager.java:444)
	at org.eclipse.core.internal.events.BuildManager.basicBuildLoop(BuildManager.java:555)
	at org.eclipse.core.internal.events.BuildManager.basicBuildLoop(BuildManager.java:503)
	at org.eclipse.core.internal.events.BuildManager.build(BuildManager.java:585)
	at org.eclipse.core.internal.events.AutoBuildJob.doBuild(AutoBuildJob.java:207)
	at org.eclipse.core.internal.events.AutoBuildJob.run(AutoBuildJob.java:300)
	at org.eclipse.core.internal.jobs.Worker.run(Worker.java:63)
Caused by: org.apache.maven.model.io.ModelParseException: expected > to finsh end tag not < from line 52 (position: TEXT seen ...</version>\r\n</dependency\r\n  <... @57:4) 
	at org.apache.maven.model.io.DefaultModelReader.read(DefaultModelReader.java:96)
	at org.apache.maven.model.io.DefaultModelReader.read(DefaultModelReader.java:74)
	at org.eclipse.m2e.core.internal.IMavenToolbox.readModel(IMavenToolbox.java:243)
	... 24 common frames omitted
Caused by: org.codehaus.plexus.util.xml.pull.XmlPullParserException: expected > to finsh end tag not < from line 52 (position: TEXT seen ...</version>\r\n</dependency\r\n  <... @57:4) 
	at org.codehaus.plexus.util.xml.pull.MXParser.parseEndTag(MXParser.java:2172)
	at org.codehaus.plexus.util.xml.pull.MXParser.nextImpl(MXParser.java:1418)
	at org.codehaus.plexus.util.xml.pull.MXParser.next(MXParser.java:1375)
	at org.codehaus.plexus.util.xml.pull.MXParser.nextTag(MXParser.java:1360)
	at org.apache.maven.model.io.xpp3.MavenXpp3Reader.parseDependency(MavenXpp3Reader.java:1422)
	at org.apache.maven.model.io.xpp3.MavenXpp3Reader.parseModel(MavenXpp3Reader.java:2321)
	at org.apache.maven.model.io.xpp3.MavenXpp3Reader.read(MavenXpp3Reader.java:623)
	at org.apache.maven.model.io.xpp3.MavenXpp3Reader.read(MavenXpp3Reader.java:654)
	at org.apache.maven.model.io.DefaultModelReader.read(DefaultModelReader.java:93)
	... 26 common frames omitted
2024-12-03 20:47:47,855 [Worker-30: Building] ERROR o.e.m.c.i.p.r.ProjectRegistryManager - Could not read pom.xml
org.eclipse.core.runtime.CoreException: Could not read pom.xml
	at org.eclipse.m2e.core.internal.IMavenToolbox.readModel(IMavenToolbox.java:245)
	at org.eclipse.m2e.core.internal.project.registry.ProjectRegistryManager.refreshPhase2(ProjectRegistryManager.java:591)
	at org.eclipse.m2e.core.internal.project.registry.ProjectRegistryManager.refresh(ProjectRegistryManager.java:491)
	at org.eclipse.m2e.core.internal.project.registry.ProjectRegistryManager.refresh(ProjectRegistryManager.java:370)
	at org.eclipse.m2e.core.internal.project.registry.ProjectRegistryManager.refresh(ProjectRegistryManager.java:322)
	at org.eclipse.m2e.core.internal.builder.MavenBuilder$BuildMethod.getProjectFacade(MavenBuilder.java:146)
	at org.eclipse.m2e.core.internal.builder.MavenBuilder$BuildMethod.lambda$0(MavenBuilder.java:84)
	at org.eclipse.m2e.core.internal.embedder.MavenExecutionContext.executeBare(MavenExecutionContext.java:458)
	at org.eclipse.m2e.core.internal.embedder.MavenExecutionContext.execute(MavenExecutionContext.java:339)
	at org.eclipse.m2e.core.internal.embedder.MavenExecutionContext.execute(MavenExecutionContext.java:278)
	at org.eclipse.m2e.core.internal.builder.MavenBuilder$BuildMethod.execute(MavenBuilder.java:83)
	at org.eclipse.m2e.core.internal.builder.MavenBuilder.build(MavenBuilder.java:192)
	at org.eclipse.core.internal.events.BuildManager$2.run(BuildManager.java:1077)
	at org.eclipse.core.runtime.SafeRunner.run(SafeRunner.java:47)
	at org.eclipse.core.internal.events.BuildManager.basicBuild(BuildManager.java:296)
	at org.eclipse.core.internal.events.BuildManager.basicBuild(BuildManager.java:352)
	at org.eclipse.core.internal.events.BuildManager$1.run(BuildManager.java:441)
	at org.eclipse.core.runtime.SafeRunner.run(SafeRunner.java:47)
	at org.eclipse.core.internal.events.BuildManager.basicBuild(BuildManager.java:444)
	at org.eclipse.core.internal.events.BuildManager.basicBuildLoop(BuildManager.java:555)
	at org.eclipse.core.internal.events.BuildManager.basicBuildLoop(BuildManager.java:503)
	at org.eclipse.core.internal.events.BuildManager.build(BuildManager.java:585)
	at org.eclipse.core.internal.events.AutoBuildJob.doBuild(AutoBuildJob.java:207)
	at org.eclipse.core.internal.events.AutoBuildJob.run(AutoBuildJob.java:300)
	at org.eclipse.core.internal.jobs.Worker.run(Worker.java:63)
Caused by: org.apache.maven.model.io.ModelParseException: expected > to finsh end tag not < from line 52 (position: TEXT seen ...</version>\r\n</dependency\r\n  <... @57:4) 
	at org.apache.maven.model.io.DefaultModelReader.read(DefaultModelReader.java:96)
	at org.apache.maven.model.io.DefaultModelReader.read(DefaultModelReader.java:74)
	at org.eclipse.m2e.core.internal.IMavenToolbox.readModel(IMavenToolbox.java:243)
	... 24 common frames omitted
Caused by: org.codehaus.plexus.util.xml.pull.XmlPullParserException: expected > to finsh end tag not < from line 52 (position: TEXT seen ...</version>\r\n</dependency\r\n  <... @57:4) 
	at org.codehaus.plexus.util.xml.pull.MXParser.parseEndTag(MXParser.java:2172)
	at org.codehaus.plexus.util.xml.pull.MXParser.nextImpl(MXParser.java:1418)
	at org.codehaus.plexus.util.xml.pull.MXParser.next(MXParser.java:1375)
	at org.codehaus.plexus.util.xml.pull.MXParser.nextTag(MXParser.java:1360)
	at org.apache.maven.model.io.xpp3.MavenXpp3Reader.parseDependency(MavenXpp3Reader.java:1422)
	at org.apache.maven.model.io.xpp3.MavenXpp3Reader.parseModel(MavenXpp3Reader.java:2321)
	at org.apache.maven.model.io.xpp3.MavenXpp3Reader.read(MavenXpp3Reader.java:623)
	at org.apache.maven.model.io.xpp3.MavenXpp3Reader.read(MavenXpp3Reader.java:654)
	at org.apache.maven.model.io.DefaultModelReader.read(DefaultModelReader.java:93)
	... 26 common frames omitted
2024-12-03 20:49:25,175 [Worker-30: Building] INFO  o.e.m.c.i.l.LifecycleMappingFactory - Using org.eclipse.m2e.jdt.JarLifecycleMapping lifecycle mapping for MavenProject: com.jose:hibernateanotaciones1:0.0.1-SNAPSHOT @ C:\STS\springProjects\hibernateanotaciones1\pom.xml.
2024-12-03 20:49:25,289 [Worker-30: Building] INFO  o.a.m.s.f.DefaultMavenResourcesFiltering - skip non existing resourceDirectory C:\STS\springProjects\hibernateanotaciones1\src\main\resources
2024-12-03 20:49:25,293 [Worker-30: Building] INFO  o.a.m.s.f.DefaultMavenResourcesFiltering - skip non existing resourceDirectory C:\STS\springProjects\hibernateanotaciones1\src\test\resources
2024-12-03 20:49:26,384 [Worker-27: Building] INFO  o.a.m.s.f.DefaultMavenResourcesFiltering - skip non existing resourceDirectory C:\STS\springProjects\hibernateanotaciones1\src\main\resources
2024-12-03 20:49:26,386 [Worker-27: Building] INFO  o.a.m.s.f.DefaultMavenResourcesFiltering - skip non existing resourceDirectory C:\STS\springProjects\hibernateanotaciones1\src\test\resources
2024-12-03 20:49:49,352 [Worker-28: Building] INFO  o.e.m.c.i.l.LifecycleMappingFactory - Using org.eclipse.m2e.jdt.JarLifecycleMapping lifecycle mapping for MavenProject: com.jose:hibernateanotaciones1:0.0.1-SNAPSHOT @ C:\STS\springProjects\hibernateanotaciones1\pom.xml.
2024-12-03 20:49:49,542 [Worker-28: Building] INFO  o.a.m.s.f.DefaultMavenResourcesFiltering - skip non existing resourceDirectory C:\STS\springProjects\hibernateanotaciones1\src\main\resources
2024-12-03 20:49:49,544 [Worker-28: Building] INFO  o.a.m.s.f.DefaultMavenResourcesFiltering - skip non existing resourceDirectory C:\STS\springProjects\hibernateanotaciones1\src\test\resources
2024-12-03 20:49:50,651 [Worker-25: Building] INFO  o.a.m.s.f.DefaultMavenResourcesFiltering - skip non existing resourceDirectory C:\STS\springProjects\hibernateanotaciones1\src\main\resources
2024-12-03 20:49:50,652 [Worker-25: Building] INFO  o.a.m.s.f.DefaultMavenResourcesFiltering - skip non existing resourceDirectory C:\STS\springProjects\hibernateanotaciones1\src\test\resources
2024-12-03 20:50:44,093 [Worker-29: Building] INFO  o.a.m.s.f.DefaultMavenResourcesFiltering - skip non existing resourceDirectory C:\STS\springProjects\hibernateanotaciones1\src\main\resources
2024-12-03 20:50:44,097 [Worker-29: Building] INFO  o.a.m.s.f.DefaultMavenResourcesFiltering - skip non existing resourceDirectory C:\STS\springProjects\hibernateanotaciones1\src\test\resources
2024-12-03 20:53:06,599 [Worker-32: Building] INFO  o.a.m.s.f.DefaultMavenResourcesFiltering - skip non existing resourceDirectory C:\STS\springProjects\hibernateanotaciones1\src\main\resources
2024-12-03 20:53:06,601 [Worker-32: Building] INFO  o.a.m.s.f.DefaultMavenResourcesFiltering - skip non existing resourceDirectory C:\STS\springProjects\hibernateanotaciones1\src\test\resources
2024-12-03 20:53:44,855 [main] INFO  org.hibernate.cfg.Environment - Hibernate 3.5.6-Final
2024-12-03 20:53:44,859 [main] INFO  org.hibernate.cfg.Environment - hibernate.properties not found
2024-12-03 20:53:44,860 [main] INFO  org.hibernate.cfg.Environment - Bytecode provider name : javassist
2024-12-03 20:53:44,867 [main] INFO  org.hibernate.cfg.Environment - using JDK 1.4 java.sql.Timestamp handling
2024-12-03 20:53:44,928 [main] INFO  org.hibernate.cfg.Configuration - configuring from XML document
2024-12-03 20:53:44,929 [main] INFO  org.hibernate.cfg.Configuration - Configured SessionFactory: null
2024-12-03 20:53:53,698 [main] INFO  o.hibernate.cfg.annotations.Version - Hibernate Annotations 3.5.6-Final
2024-12-03 20:53:53,726 [main] INFO  org.hibernate.cfg.Configuration - configuring from XML document
2024-12-03 20:53:53,726 [main] INFO  org.hibernate.cfg.Configuration - Configured SessionFactory: null
2024-12-03 20:53:53,749 [main] INFO  o.h.cfg.AnnotationConfiguration - Hibernate Validator not found: ignoring
2024-12-03 20:54:26,434 [main] INFO  org.hibernate.cfg.Configuration - configuring from XML document
2024-12-03 20:54:26,434 [main] INFO  org.hibernate.cfg.Configuration - Configured SessionFactory: null
2024-12-03 20:54:26,434 [main] INFO  o.h.cfg.AnnotationConfiguration - Hibernate Validator not found: ignoring
2024-12-03 20:56:09,969 [main] INFO  org.hibernate.cfg.Configuration - configuring from XML document
2024-12-03 20:56:09,969 [main] INFO  org.hibernate.cfg.Configuration - Configured SessionFactory: null
2024-12-03 20:56:09,970 [main] INFO  o.h.cfg.AnnotationConfiguration - Hibernate Validator not found: ignoring
2024-12-03 20:56:10,022 [main] INFO  org.hibernate.cfg.Configuration - configuring from XML document
2024-12-03 20:56:10,022 [main] INFO  org.hibernate.cfg.Configuration - Configured SessionFactory: null
2024-12-03 20:56:10,022 [main] INFO  o.h.cfg.AnnotationConfiguration - Hibernate Validator not found: ignoring
2024-12-03 20:56:10,368 [main] INFO  org.hibernate.cfg.Configuration - configuring from XML document
2024-12-03 20:56:10,369 [main] INFO  org.hibernate.cfg.Configuration - Configured SessionFactory: null
2024-12-03 20:56:10,370 [main] INFO  o.h.cfg.AnnotationConfiguration - Hibernate Validator not found: ignoring
2024-12-03 20:56:10,531 [main] INFO  org.hibernate.cfg.Configuration - configuring from XML document
2024-12-03 20:56:10,532 [main] INFO  org.hibernate.cfg.Configuration - Configured SessionFactory: null
2024-12-03 20:56:10,532 [main] INFO  o.h.cfg.AnnotationConfiguration - Hibernate Validator not found: ignoring
2024-12-03 20:56:10,726 [main] INFO  org.hibernate.cfg.Configuration - configuring from XML document
2024-12-03 20:56:10,727 [main] INFO  org.hibernate.cfg.Configuration - Configured SessionFactory: null
2024-12-03 20:56:10,727 [main] INFO  o.h.cfg.AnnotationConfiguration - Hibernate Validator not found: ignoring
2024-12-03 20:56:10,883 [main] INFO  org.hibernate.cfg.Configuration - configuring from XML document
2024-12-03 20:56:10,883 [main] INFO  org.hibernate.cfg.Configuration - Configured SessionFactory: null
2024-12-03 20:56:10,884 [main] INFO  o.h.cfg.AnnotationConfiguration - Hibernate Validator not found: ignoring
2024-12-03 20:56:10,960 [main] INFO  org.hibernate.cfg.Configuration - configuring from XML document
2024-12-03 20:56:10,960 [main] INFO  org.hibernate.cfg.Configuration - Configured SessionFactory: null
2024-12-03 20:56:10,961 [main] INFO  o.h.cfg.AnnotationConfiguration - Hibernate Validator not found: ignoring
2024-12-03 20:56:11,142 [main] INFO  org.hibernate.cfg.Configuration - configuring from XML document
2024-12-03 20:56:11,142 [main] INFO  org.hibernate.cfg.Configuration - Configured SessionFactory: null
2024-12-03 20:56:11,142 [main] INFO  o.h.cfg.AnnotationConfiguration - Hibernate Validator not found: ignoring
2024-12-03 20:56:17,038 [main] INFO  org.hibernate.cfg.Configuration - configuring from XML document
2024-12-03 20:56:17,039 [main] INFO  org.hibernate.cfg.Configuration - Configured SessionFactory: null
2024-12-03 20:56:17,039 [main] INFO  o.h.cfg.AnnotationConfiguration - Hibernate Validator not found: ignoring
2024-12-03 20:57:55,385 [Worker-32: Building] INFO  o.a.m.s.f.DefaultMavenResourcesFiltering - skip non existing resourceDirectory C:\STS\springProjects\hibernateanotaciones1\src\main\resources
2024-12-03 20:57:55,388 [Worker-32: Building] INFO  o.a.m.s.f.DefaultMavenResourcesFiltering - skip non existing resourceDirectory C:\STS\springProjects\hibernateanotaciones1\src\test\resources
2024-12-03 20:58:31,572 [Worker-32: Building] INFO  o.a.m.s.f.DefaultMavenResourcesFiltering - skip non existing resourceDirectory C:\STS\springProjects\hibernateanotaciones1\src\main\resources
2024-12-03 20:58:31,573 [Worker-32: Building] INFO  o.a.m.s.f.DefaultMavenResourcesFiltering - skip non existing resourceDirectory C:\STS\springProjects\hibernateanotaciones1\src\test\resources
2024-12-04 15:06:54,251 [Worker-6: Loading available Gradle versions] INFO  o.e.b.c.i.u.g.PublishedGradleVersions - Gradle version information cache is up-to-date. Trying to read.
2024-12-04 15:12:08,226 [Worker-22: Building] INFO  o.a.m.s.f.DefaultMavenResourcesFiltering - skip non existing resourceDirectory C:\STS\springProjects\bibliotecah2\src\main\resources
2024-12-04 15:12:08,230 [Worker-22: Building] INFO  o.a.m.s.f.DefaultMavenResourcesFiltering - skip non existing resourceDirectory C:\STS\springProjects\bibliotecah2\src\test\resources
2024-12-04 15:12:30,801 [Worker-22: Building] INFO  o.a.m.s.f.DefaultMavenResourcesFiltering - skip non existing resourceDirectory C:\STS\springProjects\bibliotecah2\src\main\resources
2024-12-04 15:12:30,803 [Worker-22: Building] INFO  o.a.m.s.f.DefaultMavenResourcesFiltering - skip non existing resourceDirectory C:\STS\springProjects\bibliotecah2\src\test\resources
2024-12-04 15:13:55,137 [Worker-30: Building] INFO  o.a.m.s.f.DefaultMavenResourcesFiltering - skip non existing resourceDirectory C:\STS\springProjects\bibliotecah2\src\main\resources
2024-12-04 15:13:55,139 [Worker-30: Building] INFO  o.a.m.s.f.DefaultMavenResourcesFiltering - skip non existing resourceDirectory C:\STS\springProjects\bibliotecah2\src\test\resources
2024-12-04 15:29:11,670 [Worker-37: Building] INFO  o.a.m.s.f.DefaultMavenResourcesFiltering - skip non existing resourceDirectory C:\STS\springProjects\hibernateanotaciones1\src\main\resources
2024-12-04 15:29:11,675 [Worker-37: Building] INFO  o.a.m.s.f.DefaultMavenResourcesFiltering - skip non existing resourceDirectory C:\STS\springProjects\hibernateanotaciones1\src\test\resources
2024-12-04 15:33:00,738 [Worker-37: Building] INFO  o.a.m.s.f.DefaultMavenResourcesFiltering - skip non existing resourceDirectory C:\STS\springProjects\hibernateanotaciones1\src\main\resources
2024-12-04 15:33:00,739 [Worker-37: Building] INFO  o.a.m.s.f.DefaultMavenResourcesFiltering - skip non existing resourceDirectory C:\STS\springProjects\hibernateanotaciones1\src\test\resources
2024-12-04 15:36:29,098 [Worker-31: Building] INFO  o.a.m.s.f.DefaultMavenResourcesFiltering - skip non existing resourceDirectory C:\STS\springProjects\hibernateanotaciones1\src\main\resources
2024-12-04 15:36:29,100 [Worker-31: Building] INFO  o.a.m.s.f.DefaultMavenResourcesFiltering - skip non existing resourceDirectory C:\STS\springProjects\hibernateanotaciones1\src\test\resources
2024-12-04 15:54:27,262 [Worker-45: Building] INFO  o.a.m.s.f.DefaultMavenResourcesFiltering - skip non existing resourceDirectory C:\STS\springProjects\hibernateanotaciones1\src\main\resources
2024-12-04 15:54:27,264 [Worker-45: Building] INFO  o.a.m.s.f.DefaultMavenResourcesFiltering - skip non existing resourceDirectory C:\STS\springProjects\hibernateanotaciones1\src\test\resources
2024-12-04 16:13:18,057 [Worker-50: Building Workspace] INFO  o.a.m.s.f.DefaultMavenResourcesFiltering - skip non existing resourceDirectory C:\STS\springProjects\hibernateanotaciones1\src\main\resources
2024-12-04 16:13:18,059 [Worker-50: Building Workspace] INFO  o.a.m.s.f.DefaultMavenResourcesFiltering - skip non existing resourceDirectory C:\STS\springProjects\hibernateanotaciones1\src\test\resources
2024-12-04 16:14:20,626 [Worker-54: Building Workspace] INFO  o.a.m.s.f.DefaultMavenResourcesFiltering - skip non existing resourceDirectory C:\STS\springProjects\hibernateanotaciones1\src\main\resources
2024-12-04 16:14:20,628 [Worker-54: Building Workspace] INFO  o.a.m.s.f.DefaultMavenResourcesFiltering - skip non existing resourceDirectory C:\STS\springProjects\hibernateanotaciones1\src\test\resources
2024-12-04 16:14:42,681 [Worker-52: Building] INFO  o.a.m.s.f.DefaultMavenResourcesFiltering - skip non existing resourceDirectory C:\STS\springProjects\hibernateanotaciones1\src\main\resources
2024-12-04 16:14:42,682 [Worker-52: Building] INFO  o.a.m.s.f.DefaultMavenResourcesFiltering - skip non existing resourceDirectory C:\STS\springProjects\hibernateanotaciones1\src\test\resources
2024-12-04 16:14:58,005 [Worker-53: Building] INFO  o.a.m.s.f.DefaultMavenResourcesFiltering - skip non existing resourceDirectory C:\STS\springProjects\hibernateanotaciones1\src\main\resources
2024-12-04 16:14:58,007 [Worker-53: Building] INFO  o.a.m.s.f.DefaultMavenResourcesFiltering - skip non existing resourceDirectory C:\STS\springProjects\hibernateanotaciones1\src\test\resources
2024-12-04 16:15:14,221 [Worker-53: Building] INFO  o.a.m.s.f.DefaultMavenResourcesFiltering - skip non existing resourceDirectory C:\STS\springProjects\hibernateanotaciones1\src\main\resources
2024-12-04 16:15:14,224 [Worker-53: Building] INFO  o.a.m.s.f.DefaultMavenResourcesFiltering - skip non existing resourceDirectory C:\STS\springProjects\hibernateanotaciones1\src\test\resources
2024-12-04 16:25:54,265 [Worker-53: Building] INFO  o.a.m.s.f.DefaultMavenResourcesFiltering - skip non existing resourceDirectory C:\STS\springProjects\hibernateanotaciones1\src\main\resources
2024-12-04 16:25:54,267 [Worker-53: Building] INFO  o.a.m.s.f.DefaultMavenResourcesFiltering - skip non existing resourceDirectory C:\STS\springProjects\hibernateanotaciones1\src\test\resources
2024-12-04 16:27:12,469 [Worker-50: Launching AppHibernateUtils (1)] INFO  o.a.m.s.f.DefaultMavenResourcesFiltering - skip non existing resourceDirectory C:\STS\springProjects\hibernateanotaciones1\src\main\resources
2024-12-04 16:27:12,471 [Worker-50: Launching AppHibernateUtils (1)] INFO  o.a.m.s.f.DefaultMavenResourcesFiltering - skip non existing resourceDirectory C:\STS\springProjects\hibernateanotaciones1\src\test\resources
2024-12-04 16:29:30,131 [Worker-50: Launching AppHibernateUtils (1)] INFO  o.a.m.s.f.DefaultMavenResourcesFiltering - skip non existing resourceDirectory C:\STS\springProjects\hibernateanotaciones1\src\main\resources
2024-12-04 16:29:30,132 [Worker-50: Launching AppHibernateUtils (1)] INFO  o.a.m.s.f.DefaultMavenResourcesFiltering - skip non existing resourceDirectory C:\STS\springProjects\hibernateanotaciones1\src\test\resources
2024-12-04 16:30:13,563 [Worker-53: Launching AppHibernateUtils (1)] INFO  o.a.m.s.f.DefaultMavenResourcesFiltering - skip non existing resourceDirectory C:\STS\springProjects\hibernateanotaciones1\src\main\resources
2024-12-04 16:30:13,565 [Worker-53: Launching AppHibernateUtils (1)] INFO  o.a.m.s.f.DefaultMavenResourcesFiltering - skip non existing resourceDirectory C:\STS\springProjects\hibernateanotaciones1\src\test\resources
2024-12-04 16:31:23,230 [Worker-53: Launching AppHibernateUtils (1)] INFO  o.a.m.s.f.DefaultMavenResourcesFiltering - skip non existing resourceDirectory C:\STS\springProjects\hibernateanotaciones1\src\main\resources
2024-12-04 16:31:23,233 [Worker-53: Launching AppHibernateUtils (1)] INFO  o.a.m.s.f.DefaultMavenResourcesFiltering - skip non existing resourceDirectory C:\STS\springProjects\hibernateanotaciones1\src\test\resources
2024-12-04 16:31:58,477 [Worker-59: Launching AppHibernateUtils (1)] INFO  o.a.m.s.f.DefaultMavenResourcesFiltering - skip non existing resourceDirectory C:\STS\springProjects\hibernateanotaciones1\src\main\resources
2024-12-04 16:31:58,481 [Worker-59: Launching AppHibernateUtils (1)] INFO  o.a.m.s.f.DefaultMavenResourcesFiltering - skip non existing resourceDirectory C:\STS\springProjects\hibernateanotaciones1\src\test\resources
2024-12-04 16:32:26,522 [Worker-53: Launching AppHibernateUtils (1)] INFO  o.a.m.s.f.DefaultMavenResourcesFiltering - skip non existing resourceDirectory C:\STS\springProjects\hibernateanotaciones1\src\main\resources
2024-12-04 16:32:26,524 [Worker-53: Launching AppHibernateUtils (1)] INFO  o.a.m.s.f.DefaultMavenResourcesFiltering - skip non existing resourceDirectory C:\STS\springProjects\hibernateanotaciones1\src\test\resources
2024-12-04 16:38:26,704 [Worker-63: Launching AppHibernateUtils (1)] INFO  o.a.m.s.f.DefaultMavenResourcesFiltering - skip non existing resourceDirectory C:\STS\springProjects\hibernateanotaciones1\src\main\resources
2024-12-04 16:38:26,706 [Worker-63: Launching AppHibernateUtils (1)] INFO  o.a.m.s.f.DefaultMavenResourcesFiltering - skip non existing resourceDirectory C:\STS\springProjects\hibernateanotaciones1\src\test\resources
2024-12-04 16:39:08,164 [Worker-64: Launching AppHibernateUtils (1)] INFO  o.a.m.s.f.DefaultMavenResourcesFiltering - skip non existing resourceDirectory C:\STS\springProjects\hibernateanotaciones1\src\main\resources
2024-12-04 16:39:08,166 [Worker-64: Launching AppHibernateUtils (1)] INFO  o.a.m.s.f.DefaultMavenResourcesFiltering - skip non existing resourceDirectory C:\STS\springProjects\hibernateanotaciones1\src\test\resources
2024-12-04 16:44:58,994 [Worker-68: Building] INFO  o.a.m.s.f.DefaultMavenResourcesFiltering - skip non existing resourceDirectory C:\STS\springProjects\hibernateanotaciones1\src\main\resources
2024-12-04 16:44:58,995 [Worker-68: Building] INFO  o.a.m.s.f.DefaultMavenResourcesFiltering - skip non existing resourceDirectory C:\STS\springProjects\hibernateanotaciones1\src\test\resources
2024-12-10 19:26:12,915 [Worker-4: Loading available Gradle versions] INFO  o.e.b.c.i.u.g.PublishedGradleVersions - Gradle version information cache is out-of-date. Trying to update.
2024-12-10 20:17:57,606 [Worker-29: Launching mavenrun-660a49d6-5504-43a6-93b0-0582ebcb876a] INFO  o.eclipse.m2e.core.internal.Bundles - getClasspathEntries(Bundle=org.eclipse.m2e.maven.runtime_3.9.900.20240824-1409 [360])
2024-12-10 20:17:57,608 [Worker-29: Launching mavenrun-660a49d6-5504-43a6-93b0-0582ebcb876a] INFO  o.eclipse.m2e.core.internal.Bundles - 	Entry: C:\STS\SpringTool\sts-4.26.0.RELEASE\plugins\org.eclipse.m2e.maven.runtime_3.9.900.20240824-1409
2024-12-10 20:17:57,608 [Worker-29: Launching mavenrun-660a49d6-5504-43a6-93b0-0582ebcb876a] INFO  o.eclipse.m2e.core.internal.Bundles - 	Entry: C:\STS\SpringTool\sts-4.26.0.RELEASE\plugins\org.eclipse.m2e.maven.runtime_3.9.900.20240824-1409\jars\aopalliance-1.0.jar
2024-12-10 20:17:57,608 [Worker-29: Launching mavenrun-660a49d6-5504-43a6-93b0-0582ebcb876a] INFO  o.eclipse.m2e.core.internal.Bundles - 	Entry: C:\STS\SpringTool\sts-4.26.0.RELEASE\plugins\org.eclipse.m2e.maven.runtime_3.9.900.20240824-1409\jars\guice-5.1.0.jar
2024-12-10 20:17:57,608 [Worker-29: Launching mavenrun-660a49d6-5504-43a6-93b0-0582ebcb876a] INFO  o.eclipse.m2e.core.internal.Bundles - 	Entry: C:\STS\SpringTool\sts-4.26.0.RELEASE\plugins\org.eclipse.m2e.maven.runtime_3.9.900.20240824-1409\jars\httpclient-4.5.14.jar
2024-12-10 20:17:57,608 [Worker-29: Launching mavenrun-660a49d6-5504-43a6-93b0-0582ebcb876a] INFO  o.eclipse.m2e.core.internal.Bundles - 	Entry: C:\STS\SpringTool\sts-4.26.0.RELEASE\plugins\org.eclipse.m2e.maven.runtime_3.9.900.20240824-1409\jars\httpcore-4.4.16.jar
2024-12-10 20:17:57,608 [Worker-29: Launching mavenrun-660a49d6-5504-43a6-93b0-0582ebcb876a] INFO  o.eclipse.m2e.core.internal.Bundles - 	Entry: C:\STS\SpringTool\sts-4.26.0.RELEASE\plugins\org.eclipse.m2e.maven.runtime_3.9.900.20240824-1409\jars\jansi-2.4.1.jar
2024-12-10 20:17:57,609 [Worker-29: Launching mavenrun-660a49d6-5504-43a6-93b0-0582ebcb876a] INFO  o.eclipse.m2e.core.internal.Bundles - 	Entry: C:\STS\SpringTool\sts-4.26.0.RELEASE\plugins\org.eclipse.m2e.maven.runtime_3.9.900.20240824-1409\jars\jcl-over-slf4j-1.7.36.jar
2024-12-10 20:17:57,609 [Worker-29: Launching mavenrun-660a49d6-5504-43a6-93b0-0582ebcb876a] INFO  o.eclipse.m2e.core.internal.Bundles - 	Entry: C:\STS\SpringTool\sts-4.26.0.RELEASE\plugins\org.eclipse.m2e.maven.runtime_3.9.900.20240824-1409\jars\maven-artifact-3.9.9.jar
2024-12-10 20:17:57,609 [Worker-29: Launching mavenrun-660a49d6-5504-43a6-93b0-0582ebcb876a] INFO  o.eclipse.m2e.core.internal.Bundles - 	Entry: C:\STS\SpringTool\sts-4.26.0.RELEASE\plugins\org.eclipse.m2e.maven.runtime_3.9.900.20240824-1409\jars\maven-builder-support-3.9.9.jar
2024-12-10 20:17:57,609 [Worker-29: Launching mavenrun-660a49d6-5504-43a6-93b0-0582ebcb876a] INFO  o.eclipse.m2e.core.internal.Bundles - 	Entry: C:\STS\SpringTool\sts-4.26.0.RELEASE\plugins\org.eclipse.m2e.maven.runtime_3.9.900.20240824-1409\jars\maven-compat-3.9.9.jar
2024-12-10 20:17:57,609 [Worker-29: Launching mavenrun-660a49d6-5504-43a6-93b0-0582ebcb876a] INFO  o.eclipse.m2e.core.internal.Bundles - 	Entry: C:\STS\SpringTool\sts-4.26.0.RELEASE\plugins\org.eclipse.m2e.maven.runtime_3.9.900.20240824-1409\jars\maven-core-3.9.9.jar
2024-12-10 20:17:57,609 [Worker-29: Launching mavenrun-660a49d6-5504-43a6-93b0-0582ebcb876a] INFO  o.eclipse.m2e.core.internal.Bundles - 	Entry: C:\STS\SpringTool\sts-4.26.0.RELEASE\plugins\org.eclipse.m2e.maven.runtime_3.9.900.20240824-1409\jars\maven-embedder-3.9.9.jar
2024-12-10 20:17:57,609 [Worker-29: Launching mavenrun-660a49d6-5504-43a6-93b0-0582ebcb876a] INFO  o.eclipse.m2e.core.internal.Bundles - 	Entry: C:\STS\SpringTool\sts-4.26.0.RELEASE\plugins\org.eclipse.m2e.maven.runtime_3.9.900.20240824-1409\jars\maven-model-3.9.9.jar
2024-12-10 20:17:57,609 [Worker-29: Launching mavenrun-660a49d6-5504-43a6-93b0-0582ebcb876a] INFO  o.eclipse.m2e.core.internal.Bundles - 	Entry: C:\STS\SpringTool\sts-4.26.0.RELEASE\plugins\org.eclipse.m2e.maven.runtime_3.9.900.20240824-1409\jars\maven-model-builder-3.9.9.jar
2024-12-10 20:17:57,609 [Worker-29: Launching mavenrun-660a49d6-5504-43a6-93b0-0582ebcb876a] INFO  o.eclipse.m2e.core.internal.Bundles - 	Entry: C:\STS\SpringTool\sts-4.26.0.RELEASE\plugins\org.eclipse.m2e.maven.runtime_3.9.900.20240824-1409\jars\maven-plugin-api-3.9.9.jar
2024-12-10 20:17:57,609 [Worker-29: Launching mavenrun-660a49d6-5504-43a6-93b0-0582ebcb876a] INFO  o.eclipse.m2e.core.internal.Bundles - 	Entry: C:\STS\SpringTool\sts-4.26.0.RELEASE\plugins\org.eclipse.m2e.maven.runtime_3.9.900.20240824-1409\jars\maven-repository-metadata-3.9.9.jar
2024-12-10 20:17:57,609 [Worker-29: Launching mavenrun-660a49d6-5504-43a6-93b0-0582ebcb876a] INFO  o.eclipse.m2e.core.internal.Bundles - 	Entry: C:\STS\SpringTool\sts-4.26.0.RELEASE\plugins\org.eclipse.m2e.maven.runtime_3.9.900.20240824-1409\jars\maven-resolver-api-1.9.22.jar
2024-12-10 20:17:57,609 [Worker-29: Launching mavenrun-660a49d6-5504-43a6-93b0-0582ebcb876a] INFO  o.eclipse.m2e.core.internal.Bundles - 	Entry: C:\STS\SpringTool\sts-4.26.0.RELEASE\plugins\org.eclipse.m2e.maven.runtime_3.9.900.20240824-1409\jars\maven-resolver-connector-basic-1.9.22.jar
2024-12-10 20:17:57,609 [Worker-29: Launching mavenrun-660a49d6-5504-43a6-93b0-0582ebcb876a] INFO  o.eclipse.m2e.core.internal.Bundles - 	Entry: C:\STS\SpringTool\sts-4.26.0.RELEASE\plugins\org.eclipse.m2e.maven.runtime_3.9.900.20240824-1409\jars\maven-resolver-impl-1.9.22.jar
2024-12-10 20:17:57,609 [Worker-29: Launching mavenrun-660a49d6-5504-43a6-93b0-0582ebcb876a] INFO  o.eclipse.m2e.core.internal.Bundles - 	Entry: C:\STS\SpringTool\sts-4.26.0.RELEASE\plugins\org.eclipse.m2e.maven.runtime_3.9.900.20240824-1409\jars\maven-resolver-named-locks-1.9.22.jar
2024-12-10 20:17:57,610 [Worker-29: Launching mavenrun-660a49d6-5504-43a6-93b0-0582ebcb876a] INFO  o.eclipse.m2e.core.internal.Bundles - 	Entry: C:\STS\SpringTool\sts-4.26.0.RELEASE\plugins\org.eclipse.m2e.maven.runtime_3.9.900.20240824-1409\jars\maven-resolver-provider-3.9.9.jar
2024-12-10 20:17:57,610 [Worker-29: Launching mavenrun-660a49d6-5504-43a6-93b0-0582ebcb876a] INFO  o.eclipse.m2e.core.internal.Bundles - 	Entry: C:\STS\SpringTool\sts-4.26.0.RELEASE\plugins\org.eclipse.m2e.maven.runtime_3.9.900.20240824-1409\jars\maven-resolver-spi-1.9.22.jar
2024-12-10 20:17:57,610 [Worker-29: Launching mavenrun-660a49d6-5504-43a6-93b0-0582ebcb876a] INFO  o.eclipse.m2e.core.internal.Bundles - 	Entry: C:\STS\SpringTool\sts-4.26.0.RELEASE\plugins\org.eclipse.m2e.maven.runtime_3.9.900.20240824-1409\jars\maven-resolver-transport-file-1.9.22.jar
2024-12-10 20:17:57,610 [Worker-29: Launching mavenrun-660a49d6-5504-43a6-93b0-0582ebcb876a] INFO  o.eclipse.m2e.core.internal.Bundles - 	Entry: C:\STS\SpringTool\sts-4.26.0.RELEASE\plugins\org.eclipse.m2e.maven.runtime_3.9.900.20240824-1409\jars\maven-resolver-transport-http-1.9.22.jar
2024-12-10 20:17:57,610 [Worker-29: Launching mavenrun-660a49d6-5504-43a6-93b0-0582ebcb876a] INFO  o.eclipse.m2e.core.internal.Bundles - 	Entry: C:\STS\SpringTool\sts-4.26.0.RELEASE\plugins\org.eclipse.m2e.maven.runtime_3.9.900.20240824-1409\jars\maven-resolver-transport-wagon-1.9.22.jar
2024-12-10 20:17:57,610 [Worker-29: Launching mavenrun-660a49d6-5504-43a6-93b0-0582ebcb876a] INFO  o.eclipse.m2e.core.internal.Bundles - 	Entry: C:\STS\SpringTool\sts-4.26.0.RELEASE\plugins\org.eclipse.m2e.maven.runtime_3.9.900.20240824-1409\jars\maven-resolver-util-1.9.22.jar
2024-12-10 20:17:57,610 [Worker-29: Launching mavenrun-660a49d6-5504-43a6-93b0-0582ebcb876a] INFO  o.eclipse.m2e.core.internal.Bundles - 	Entry: C:\STS\SpringTool\sts-4.26.0.RELEASE\plugins\org.eclipse.m2e.maven.runtime_3.9.900.20240824-1409\jars\maven-settings-3.9.9.jar
2024-12-10 20:17:57,610 [Worker-29: Launching mavenrun-660a49d6-5504-43a6-93b0-0582ebcb876a] INFO  o.eclipse.m2e.core.internal.Bundles - 	Entry: C:\STS\SpringTool\sts-4.26.0.RELEASE\plugins\org.eclipse.m2e.maven.runtime_3.9.900.20240824-1409\jars\maven-settings-builder-3.9.9.jar
2024-12-10 20:17:57,610 [Worker-29: Launching mavenrun-660a49d6-5504-43a6-93b0-0582ebcb876a] INFO  o.eclipse.m2e.core.internal.Bundles - 	Entry: C:\STS\SpringTool\sts-4.26.0.RELEASE\plugins\org.eclipse.m2e.maven.runtime_3.9.900.20240824-1409\jars\maven-shared-utils-3.4.2.jar
2024-12-10 20:17:57,610 [Worker-29: Launching mavenrun-660a49d6-5504-43a6-93b0-0582ebcb876a] INFO  o.eclipse.m2e.core.internal.Bundles - 	Entry: C:\STS\SpringTool\sts-4.26.0.RELEASE\plugins\org.eclipse.m2e.maven.runtime_3.9.900.20240824-1409\jars\org.eclipse.sisu.inject-0.9.0.M3.jar
2024-12-10 20:17:57,610 [Worker-29: Launching mavenrun-660a49d6-5504-43a6-93b0-0582ebcb876a] INFO  o.eclipse.m2e.core.internal.Bundles - 	Entry: C:\STS\SpringTool\sts-4.26.0.RELEASE\plugins\org.eclipse.m2e.maven.runtime_3.9.900.20240824-1409\jars\org.eclipse.sisu.plexus-0.9.0.M3.jar
2024-12-10 20:17:57,610 [Worker-29: Launching mavenrun-660a49d6-5504-43a6-93b0-0582ebcb876a] INFO  o.eclipse.m2e.core.internal.Bundles - 	Entry: C:\STS\SpringTool\sts-4.26.0.RELEASE\plugins\org.eclipse.m2e.maven.runtime_3.9.900.20240824-1409\jars\plexus-build-api-0.0.7.jar
2024-12-10 20:17:57,610 [Worker-29: Launching mavenrun-660a49d6-5504-43a6-93b0-0582ebcb876a] INFO  o.eclipse.m2e.core.internal.Bundles - 	Entry: C:\STS\SpringTool\sts-4.26.0.RELEASE\plugins\org.eclipse.m2e.maven.runtime_3.9.900.20240824-1409\jars\plexus-build-api-1.2.0.jar
2024-12-10 20:17:57,610 [Worker-29: Launching mavenrun-660a49d6-5504-43a6-93b0-0582ebcb876a] INFO  o.eclipse.m2e.core.internal.Bundles - 	Entry: C:\STS\SpringTool\sts-4.26.0.RELEASE\plugins\org.eclipse.m2e.maven.runtime_3.9.900.20240824-1409\jars\plexus-cipher-2.0.jar
2024-12-10 20:17:57,610 [Worker-29: Launching mavenrun-660a49d6-5504-43a6-93b0-0582ebcb876a] INFO  o.eclipse.m2e.core.internal.Bundles - 	Entry: C:\STS\SpringTool\sts-4.26.0.RELEASE\plugins\org.eclipse.m2e.maven.runtime_3.9.900.20240824-1409\jars\plexus-classworlds-2.8.0.jar
2024-12-10 20:17:57,610 [Worker-29: Launching mavenrun-660a49d6-5504-43a6-93b0-0582ebcb876a] INFO  o.eclipse.m2e.core.internal.Bundles - 	Entry: C:\STS\SpringTool\sts-4.26.0.RELEASE\plugins\org.eclipse.m2e.maven.runtime_3.9.900.20240824-1409\jars\plexus-component-annotations-2.1.0.jar
2024-12-10 20:17:57,610 [Worker-29: Launching mavenrun-660a49d6-5504-43a6-93b0-0582ebcb876a] INFO  o.eclipse.m2e.core.internal.Bundles - 	Entry: C:\STS\SpringTool\sts-4.26.0.RELEASE\plugins\org.eclipse.m2e.maven.runtime_3.9.900.20240824-1409\jars\plexus-interpolation-1.27.jar
2024-12-10 20:17:57,610 [Worker-29: Launching mavenrun-660a49d6-5504-43a6-93b0-0582ebcb876a] INFO  o.eclipse.m2e.core.internal.Bundles - 	Entry: C:\STS\SpringTool\sts-4.26.0.RELEASE\plugins\org.eclipse.m2e.maven.runtime_3.9.900.20240824-1409\jars\plexus-sec-dispatcher-2.0.jar
2024-12-10 20:17:57,610 [Worker-29: Launching mavenrun-660a49d6-5504-43a6-93b0-0582ebcb876a] INFO  o.eclipse.m2e.core.internal.Bundles - 	Entry: C:\STS\SpringTool\sts-4.26.0.RELEASE\plugins\org.eclipse.m2e.maven.runtime_3.9.900.20240824-1409\jars\plexus-utils-3.5.1.jar
2024-12-10 20:17:57,610 [Worker-29: Launching mavenrun-660a49d6-5504-43a6-93b0-0582ebcb876a] INFO  o.eclipse.m2e.core.internal.Bundles - 	Entry: C:\STS\SpringTool\sts-4.26.0.RELEASE\plugins\org.eclipse.m2e.maven.runtime_3.9.900.20240824-1409\jars\plexus-xml-3.0.1.jar
2024-12-10 20:17:57,610 [Worker-29: Launching mavenrun-660a49d6-5504-43a6-93b0-0582ebcb876a] INFO  o.eclipse.m2e.core.internal.Bundles - 	Entry: C:\STS\SpringTool\sts-4.26.0.RELEASE\plugins\org.eclipse.m2e.maven.runtime_3.9.900.20240824-1409\jars\wagon-file-3.5.3.jar
2024-12-10 20:17:57,610 [Worker-29: Launching mavenrun-660a49d6-5504-43a6-93b0-0582ebcb876a] INFO  o.eclipse.m2e.core.internal.Bundles - 	Entry: C:\STS\SpringTool\sts-4.26.0.RELEASE\plugins\org.eclipse.m2e.maven.runtime_3.9.900.20240824-1409\jars\wagon-http-3.5.3.jar
2024-12-10 20:17:57,610 [Worker-29: Launching mavenrun-660a49d6-5504-43a6-93b0-0582ebcb876a] INFO  o.eclipse.m2e.core.internal.Bundles - 	Entry: C:\STS\SpringTool\sts-4.26.0.RELEASE\plugins\org.eclipse.m2e.maven.runtime_3.9.900.20240824-1409\jars\wagon-http-shared-3.5.3.jar
2024-12-10 20:17:57,610 [Worker-29: Launching mavenrun-660a49d6-5504-43a6-93b0-0582ebcb876a] INFO  o.eclipse.m2e.core.internal.Bundles - 	Entry: C:\STS\SpringTool\sts-4.26.0.RELEASE\plugins\org.eclipse.m2e.maven.runtime_3.9.900.20240824-1409\jars\wagon-provider-api-3.5.3.jar
2024-12-10 20:17:57,611 [Worker-29: Launching mavenrun-660a49d6-5504-43a6-93b0-0582ebcb876a] INFO  o.eclipse.m2e.core.internal.Bundles - getClasspathEntries(Bundle=com.google.guava_33.3.0.jre [29])
2024-12-10 20:17:57,611 [Worker-29: Launching mavenrun-660a49d6-5504-43a6-93b0-0582ebcb876a] INFO  o.eclipse.m2e.core.internal.Bundles - 	Entry: C:\STS\SpringTool\sts-4.26.0.RELEASE\plugins\com.google.guava_33.3.0.jre.jar
2024-12-10 20:17:57,611 [Worker-29: Launching mavenrun-660a49d6-5504-43a6-93b0-0582ebcb876a] INFO  o.eclipse.m2e.core.internal.Bundles - getClasspathEntries(Bundle=slf4j.api_2.0.16 [593])
2024-12-10 20:17:57,611 [Worker-29: Launching mavenrun-660a49d6-5504-43a6-93b0-0582ebcb876a] INFO  o.eclipse.m2e.core.internal.Bundles - 	Entry: C:\STS\SpringTool\sts-4.26.0.RELEASE\plugins\slf4j.api_2.0.16.jar
2024-12-10 20:17:57,611 [Worker-29: Launching mavenrun-660a49d6-5504-43a6-93b0-0582ebcb876a] INFO  o.eclipse.m2e.core.internal.Bundles - getClasspathEntries(Bundle=javax.inject_1.0.0.v20091030 [604])
2024-12-10 20:17:57,613 [Worker-29: Launching mavenrun-660a49d6-5504-43a6-93b0-0582ebcb876a] INFO  o.eclipse.m2e.core.internal.Bundles - 	Entry: C:\STS\SpringTool\sts-4.26.0.RELEASE\plugins\javax.inject_1.0.0.v20091030.jar
2024-12-10 20:17:57,613 [Worker-29: Launching mavenrun-660a49d6-5504-43a6-93b0-0582ebcb876a] INFO  o.eclipse.m2e.core.internal.Bundles - getClasspathEntries(Bundle=javax.annotation_1.3.5.v20200909-1856 [603])
2024-12-10 20:17:57,613 [Worker-29: Launching mavenrun-660a49d6-5504-43a6-93b0-0582ebcb876a] INFO  o.eclipse.m2e.core.internal.Bundles - 	Entry: C:\STS\SpringTool\sts-4.26.0.RELEASE\plugins\javax.annotation_1.3.5.v20200909-1856.jar
2024-12-10 20:17:57,613 [Worker-29: Launching mavenrun-660a49d6-5504-43a6-93b0-0582ebcb876a] INFO  o.eclipse.m2e.core.internal.Bundles - getClasspathEntries(Bundle=org.apache.commons.cli_1.9.0 [77])
2024-12-10 20:17:57,613 [Worker-29: Launching mavenrun-660a49d6-5504-43a6-93b0-0582ebcb876a] INFO  o.eclipse.m2e.core.internal.Bundles - 	Entry: C:\STS\SpringTool\sts-4.26.0.RELEASE\plugins\org.apache.commons.cli_1.9.0.jar
2024-12-10 20:17:57,613 [Worker-29: Launching mavenrun-660a49d6-5504-43a6-93b0-0582ebcb876a] INFO  o.eclipse.m2e.core.internal.Bundles - getClasspathEntries(Bundle=org.apache.commons.commons-codec_1.16.0 [80])
2024-12-10 20:17:57,613 [Worker-29: Launching mavenrun-660a49d6-5504-43a6-93b0-0582ebcb876a] INFO  o.eclipse.m2e.core.internal.Bundles - 	Entry: C:\STS\SpringTool\sts-4.26.0.RELEASE\plugins\org.apache.commons.commons-codec_1.16.0.jar
2024-12-10 20:17:57,613 [Worker-29: Launching mavenrun-660a49d6-5504-43a6-93b0-0582ebcb876a] INFO  o.eclipse.m2e.core.internal.Bundles - getClasspathEntries(Bundle=com.google.guava.failureaccess_1.0.2 [30])
2024-12-10 20:17:57,613 [Worker-29: Launching mavenrun-660a49d6-5504-43a6-93b0-0582ebcb876a] INFO  o.eclipse.m2e.core.internal.Bundles - 	Entry: C:\STS\SpringTool\sts-4.26.0.RELEASE\plugins\com.google.guava.failureaccess_1.0.2.jar
2024-12-10 20:17:57,615 [Worker-29: Launching mavenrun-660a49d6-5504-43a6-93b0-0582ebcb876a] INFO  o.e.m.i.launch.MavenLaunchDelegate - Run build in "C:\Users\JOSEPI~1\AppData\Local\Temp\m2e-archetypeGenerator9664404056478149029":
2024-12-10 20:17:57,618 [Worker-29: Launching mavenrun-660a49d6-5504-43a6-93b0-0582ebcb876a] INFO  o.e.m.i.launch.MavenLaunchDelegate -  mvn  -DarchetypeGroupId=org.apache.maven.archetypes -DarchetypeArtifactId=maven-archetype-quickstart -DarchetypeVersion=1.1 -DgroupId=com.jose -DartifactId=hibernateanotaciones2 -Dversion=0.0.1-SNAPSHOT -Dpackage=com.jose.hibernateanotaciones2 -DoutputDirectory=C:\STS\springProjects -Dstyle.color=always -U archetype:generate
2024-12-10 20:18:29,140 [Worker-28: Creating maven-archetype-quickstart] INFO  o.e.m.c.i.p.ProjectConfigurationManager - Collecting project info '/pom.xml' C:\STS\springProjects\hibernateanotaciones2\pom.xml
2024-12-10 20:18:29,499 [Worker-28: Creating maven-archetype-quickstart] INFO  o.e.m.c.i.l.LifecycleMappingFactory - Using org.eclipse.m2e.jdt.JarLifecycleMapping lifecycle mapping for MavenProject: com.jose:hibernateanotaciones2:0.0.1-SNAPSHOT @ C:\STS\springProjects\hibernateanotaciones2\pom.xml.
2024-12-10 20:18:29,957 [Worker-28: Creating maven-archetype-quickstart] INFO  o.e.m.j.i.AbstractJavaProjectConfigurator - Adding source folder /hibernateanotaciones2/src/main/java
2024-12-10 20:18:29,958 [Worker-28: Creating maven-archetype-quickstart] INFO  o.e.m.j.i.AbstractJavaProjectConfigurator - Adding resource folder /hibernateanotaciones2/src/main/resources
2024-12-10 20:18:29,960 [Worker-28: Creating maven-archetype-quickstart] INFO  o.e.m.j.i.AbstractJavaProjectConfigurator - Adding source folder /hibernateanotaciones2/src/test/java
2024-12-10 20:18:29,960 [Worker-28: Creating maven-archetype-quickstart] INFO  o.e.m.j.i.AbstractJavaProjectConfigurator - Adding resource folder /hibernateanotaciones2/src/test/resources
2024-12-10 20:18:30,070 [Worker-28: Creating maven-archetype-quickstart] INFO  o.e.m.c.i.p.ProjectConfigurationManager - Imported and configured 1 project(s) in 0 sec
2024-12-10 20:18:30,541 [Worker-30: Building] INFO  o.a.m.s.f.DefaultMavenResourcesFiltering - skip non existing resourceDirectory C:\STS\springProjects\hibernateanotaciones2\src\main\resources
2024-12-10 20:18:30,544 [Worker-30: Building] INFO  o.a.m.s.f.DefaultMavenResourcesFiltering - skip non existing resourceDirectory C:\STS\springProjects\hibernateanotaciones2\src\test\resources
2024-12-10 20:18:45,043 [Worker-28: Building] INFO  o.a.m.s.f.DefaultMavenResourcesFiltering - skip non existing resourceDirectory C:\STS\springProjects\hibernateanotaciones2\src\main\resources
2024-12-10 20:18:45,045 [Worker-28: Building] INFO  o.a.m.s.f.DefaultMavenResourcesFiltering - skip non existing resourceDirectory C:\STS\springProjects\hibernateanotaciones2\src\test\resources
2024-12-10 20:19:56,763 [Worker-27: Building] INFO  o.e.m.c.i.l.LifecycleMappingFactory - Using org.eclipse.m2e.jdt.JarLifecycleMapping lifecycle mapping for MavenProject: com.jose:hibernateanotaciones2:0.0.1-SNAPSHOT @ C:\STS\springProjects\hibernateanotaciones2\pom.xml.
2024-12-10 20:19:57,004 [Worker-27: Building] INFO  o.a.m.s.f.DefaultMavenResourcesFiltering - skip non existing resourceDirectory C:\STS\springProjects\hibernateanotaciones2\src\main\resources
2024-12-10 20:19:57,007 [Worker-27: Building] INFO  o.a.m.s.f.DefaultMavenResourcesFiltering - skip non existing resourceDirectory C:\STS\springProjects\hibernateanotaciones2\src\test\resources
2024-12-10 20:19:58,431 [Worker-29: Building] INFO  o.a.m.s.f.DefaultMavenResourcesFiltering - skip non existing resourceDirectory C:\STS\springProjects\hibernateanotaciones2\src\main\resources
2024-12-10 20:19:58,433 [Worker-29: Building] INFO  o.a.m.s.f.DefaultMavenResourcesFiltering - skip non existing resourceDirectory C:\STS\springProjects\hibernateanotaciones2\src\test\resources
2024-12-10 20:20:59,073 [Worker-28: Building] INFO  o.a.m.s.f.DefaultMavenResourcesFiltering - skip non existing resourceDirectory C:\STS\springProjects\hibernateanotaciones2\src\main\resources
2024-12-10 20:20:59,074 [Worker-28: Building] INFO  o.a.m.s.f.DefaultMavenResourcesFiltering - skip non existing resourceDirectory C:\STS\springProjects\hibernateanotaciones2\src\test\resources
2024-12-10 20:24:18,433 [main] INFO  org.hibernate.cfg.Environment - Hibernate 3.5.6-Final
2024-12-10 20:24:18,447 [main] INFO  org.hibernate.cfg.Environment - hibernate.properties not found
2024-12-10 20:24:18,450 [main] INFO  org.hibernate.cfg.Environment - Bytecode provider name : javassist
2024-12-10 20:24:18,455 [main] INFO  org.hibernate.cfg.Environment - using JDK 1.4 java.sql.Timestamp handling
2024-12-10 20:24:18,547 [main] INFO  org.hibernate.cfg.Configuration - configuring from XML document
2024-12-10 20:24:18,547 [main] INFO  org.hibernate.cfg.Configuration - Configured SessionFactory: null
2024-12-10 20:24:25,511 [main] INFO  o.hibernate.cfg.annotations.Version - Hibernate Annotations 3.5.6-Final
2024-12-10 20:24:25,539 [main] INFO  org.hibernate.cfg.Configuration - configuring from XML document
2024-12-10 20:24:25,539 [main] INFO  org.hibernate.cfg.Configuration - Configured SessionFactory: null
2024-12-10 20:24:25,567 [main] INFO  o.h.cfg.AnnotationConfiguration - Hibernate Validator not found: ignoring
2024-12-10 20:24:41,477 [main] INFO  org.hibernate.cfg.Configuration - configuring from XML document
2024-12-10 20:24:41,477 [main] INFO  org.hibernate.cfg.Configuration - Configured SessionFactory: null
2024-12-10 20:24:41,477 [main] INFO  o.h.cfg.AnnotationConfiguration - Hibernate Validator not found: ignoring
2024-12-10 20:25:00,214 [main] INFO  org.hibernate.cfg.Configuration - configuring from XML document
2024-12-10 20:25:00,214 [main] INFO  org.hibernate.cfg.Configuration - Configured SessionFactory: null
2024-12-10 20:25:00,214 [main] INFO  o.h.cfg.AnnotationConfiguration - Hibernate Validator not found: ignoring
2024-12-10 20:25:00,226 [main] INFO  org.hibernate.cfg.Configuration - configuring from XML document
2024-12-10 20:25:00,227 [main] INFO  org.hibernate.cfg.Configuration - Configured SessionFactory: null
2024-12-10 20:25:00,228 [main] INFO  o.h.cfg.AnnotationConfiguration - Hibernate Validator not found: ignoring
2024-12-10 20:25:00,481 [main] INFO  org.hibernate.cfg.Configuration - configuring from XML document
2024-12-10 20:25:00,481 [main] INFO  org.hibernate.cfg.Configuration - Configured SessionFactory: null
2024-12-10 20:25:00,482 [main] INFO  o.h.cfg.AnnotationConfiguration - Hibernate Validator not found: ignoring
2024-12-10 20:25:00,670 [main] INFO  org.hibernate.cfg.Configuration - configuring from XML document
2024-12-10 20:25:00,671 [main] INFO  org.hibernate.cfg.Configuration - Configured SessionFactory: null
2024-12-10 20:25:00,671 [main] INFO  o.h.cfg.AnnotationConfiguration - Hibernate Validator not found: ignoring
2024-12-10 20:25:09,275 [main] INFO  org.hibernate.cfg.Configuration - configuring from XML document
2024-12-10 20:25:09,275 [main] INFO  org.hibernate.cfg.Configuration - Configured SessionFactory: null
2024-12-10 20:25:09,275 [main] INFO  o.h.cfg.AnnotationConfiguration - Hibernate Validator not found: ignoring
2024-12-10 20:25:09,289 [main] INFO  org.hibernate.cfg.Configuration - configuring from XML document
2024-12-10 20:25:09,289 [main] INFO  org.hibernate.cfg.Configuration - Configured SessionFactory: null
2024-12-10 20:25:09,290 [main] INFO  o.h.cfg.AnnotationConfiguration - Hibernate Validator not found: ignoring
2024-12-10 20:25:09,330 [main] INFO  org.hibernate.cfg.Configuration - configuring from XML document
2024-12-10 20:25:09,330 [main] INFO  org.hibernate.cfg.Configuration - Configured SessionFactory: null
2024-12-10 20:25:09,331 [main] INFO  o.h.cfg.AnnotationConfiguration - Hibernate Validator not found: ignoring
2024-12-10 20:25:09,586 [main] INFO  org.hibernate.cfg.Configuration - configuring from XML document
2024-12-10 20:25:09,586 [main] INFO  org.hibernate.cfg.Configuration - Configured SessionFactory: null
2024-12-10 20:25:09,588 [main] INFO  o.h.cfg.AnnotationConfiguration - Hibernate Validator not found: ignoring
2024-12-10 20:25:11,109 [main] INFO  org.hibernate.cfg.Configuration - configuring from XML document
2024-12-10 20:25:11,110 [main] INFO  org.hibernate.cfg.Configuration - Configured SessionFactory: null
2024-12-10 20:25:11,110 [main] INFO  o.h.cfg.AnnotationConfiguration - Hibernate Validator not found: ignoring
2024-12-10 20:26:02,780 [Worker-34: Building] INFO  o.a.m.s.f.DefaultMavenResourcesFiltering - skip non existing resourceDirectory C:\STS\springProjects\hibernateanotaciones2\src\main\resources
2024-12-10 20:26:02,781 [Worker-34: Building] INFO  o.a.m.s.f.DefaultMavenResourcesFiltering - skip non existing resourceDirectory C:\STS\springProjects\hibernateanotaciones2\src\test\resources
2024-12-10 20:28:20,078 [Worker-28: Building] INFO  o.a.m.s.f.DefaultMavenResourcesFiltering - skip non existing resourceDirectory C:\STS\springProjects\hibernateanotaciones2\src\main\resources
2024-12-10 20:28:20,080 [Worker-28: Building] INFO  o.a.m.s.f.DefaultMavenResourcesFiltering - skip non existing resourceDirectory C:\STS\springProjects\hibernateanotaciones2\src\test\resources
2024-12-10 20:32:28,423 [Worker-40: Building] INFO  o.a.m.s.f.DefaultMavenResourcesFiltering - skip non existing resourceDirectory C:\STS\springProjects\hibernateanotaciones2\src\main\resources
2024-12-10 20:32:28,425 [Worker-40: Building] INFO  o.a.m.s.f.DefaultMavenResourcesFiltering - skip non existing resourceDirectory C:\STS\springProjects\hibernateanotaciones2\src\test\resources
2024-12-10 20:36:06,418 [Worker-39: Building] INFO  o.a.m.s.f.DefaultMavenResourcesFiltering - skip non existing resourceDirectory C:\STS\springProjects\hibernateanotaciones2\src\main\resources
2024-12-10 20:36:06,419 [Worker-39: Building] INFO  o.a.m.s.f.DefaultMavenResourcesFiltering - skip non existing resourceDirectory C:\STS\springProjects\hibernateanotaciones2\src\test\resources
2024-12-10 20:36:50,716 [Worker-37: Building] INFO  o.a.m.s.f.DefaultMavenResourcesFiltering - skip non existing resourceDirectory C:\STS\springProjects\hibernateanotaciones2\src\main\resources
2024-12-10 20:36:50,718 [Worker-37: Building] INFO  o.a.m.s.f.DefaultMavenResourcesFiltering - skip non existing resourceDirectory C:\STS\springProjects\hibernateanotaciones2\src\test\resources
2024-12-10 20:40:07,031 [Worker-44: Building Workspace] INFO  o.a.m.s.f.DefaultMavenResourcesFiltering - skip non existing resourceDirectory C:\STS\springProjects\hibernateanotaciones2\src\main\resources
2024-12-10 20:40:07,033 [Worker-44: Building Workspace] INFO  o.a.m.s.f.DefaultMavenResourcesFiltering - skip non existing resourceDirectory C:\STS\springProjects\hibernateanotaciones2\src\test\resources
2024-12-10 20:41:50,140 [Worker-40: Launching App (2)] INFO  o.a.m.s.f.DefaultMavenResourcesFiltering - skip non existing resourceDirectory C:\STS\springProjects\hibernateanotaciones2\src\main\resources
2024-12-10 20:41:50,142 [Worker-40: Launching App (2)] INFO  o.a.m.s.f.DefaultMavenResourcesFiltering - skip non existing resourceDirectory C:\STS\springProjects\hibernateanotaciones2\src\test\resources
2024-12-10 20:50:28,579 [Worker-47: Launching App (2)] INFO  o.a.m.s.f.DefaultMavenResourcesFiltering - skip non existing resourceDirectory C:\STS\springProjects\hibernateanotaciones2\src\main\resources
2024-12-10 20:50:28,582 [Worker-47: Launching App (2)] INFO  o.a.m.s.f.DefaultMavenResourcesFiltering - skip non existing resourceDirectory C:\STS\springProjects\hibernateanotaciones2\src\test\resources
2024-12-10 20:52:12,129 [Worker-49: Launching App (2)] INFO  o.a.m.s.f.DefaultMavenResourcesFiltering - skip non existing resourceDirectory C:\STS\springProjects\hibernateanotaciones2\src\main\resources
2024-12-10 20:52:12,131 [Worker-49: Launching App (2)] INFO  o.a.m.s.f.DefaultMavenResourcesFiltering - skip non existing resourceDirectory C:\STS\springProjects\hibernateanotaciones2\src\test\resources
2024-12-10 20:52:52,237 [Worker-51: Launching App (2)] INFO  o.a.m.s.f.DefaultMavenResourcesFiltering - skip non existing resourceDirectory C:\STS\springProjects\hibernateanotaciones2\src\main\resources
2024-12-10 20:52:52,252 [Worker-51: Launching App (2)] INFO  o.a.m.s.f.DefaultMavenResourcesFiltering - skip non existing resourceDirectory C:\STS\springProjects\hibernateanotaciones2\src\test\resources
2024-12-10 20:55:08,003 [Worker-48: Launching App (2)] INFO  o.a.m.s.f.DefaultMavenResourcesFiltering - skip non existing resourceDirectory C:\STS\springProjects\hibernateanotaciones2\src\main\resources
2024-12-10 20:55:08,006 [Worker-48: Launching App (2)] INFO  o.a.m.s.f.DefaultMavenResourcesFiltering - skip non existing resourceDirectory C:\STS\springProjects\hibernateanotaciones2\src\test\resources
2024-12-11 15:17:01,972 [Worker-6: Loading available Gradle versions] INFO  o.e.b.c.i.u.g.PublishedGradleVersions - Gradle version information cache is up-to-date. Trying to read.
2024-12-11 15:33:19,146 [Worker-30: Launching App (2)] INFO  o.a.m.s.f.DefaultMavenResourcesFiltering - skip non existing resourceDirectory C:\STS\springProjects\hibernateanotaciones2\src\main\resources
2024-12-11 15:33:19,153 [Worker-30: Launching App (2)] INFO  o.a.m.s.f.DefaultMavenResourcesFiltering - skip non existing resourceDirectory C:\STS\springProjects\hibernateanotaciones2\src\test\resources
2024-12-11 16:00:12,275 [Worker-41: Launching mavenrun-7808fede-0a95-4da6-a6f9-7b688e4adbdf] INFO  o.eclipse.m2e.core.internal.Bundles - getClasspathEntries(Bundle=org.eclipse.m2e.maven.runtime_3.9.900.20240824-1409 [360])
2024-12-11 16:00:12,277 [Worker-41: Launching mavenrun-7808fede-0a95-4da6-a6f9-7b688e4adbdf] INFO  o.eclipse.m2e.core.internal.Bundles - 	Entry: C:\STS\SpringTool\sts-4.26.0.RELEASE\plugins\org.eclipse.m2e.maven.runtime_3.9.900.20240824-1409
2024-12-11 16:00:12,277 [Worker-41: Launching mavenrun-7808fede-0a95-4da6-a6f9-7b688e4adbdf] INFO  o.eclipse.m2e.core.internal.Bundles - 	Entry: C:\STS\SpringTool\sts-4.26.0.RELEASE\plugins\org.eclipse.m2e.maven.runtime_3.9.900.20240824-1409\jars\aopalliance-1.0.jar
2024-12-11 16:00:12,277 [Worker-41: Launching mavenrun-7808fede-0a95-4da6-a6f9-7b688e4adbdf] INFO  o.eclipse.m2e.core.internal.Bundles - 	Entry: C:\STS\SpringTool\sts-4.26.0.RELEASE\plugins\org.eclipse.m2e.maven.runtime_3.9.900.20240824-1409\jars\guice-5.1.0.jar
2024-12-11 16:00:12,277 [Worker-41: Launching mavenrun-7808fede-0a95-4da6-a6f9-7b688e4adbdf] INFO  o.eclipse.m2e.core.internal.Bundles - 	Entry: C:\STS\SpringTool\sts-4.26.0.RELEASE\plugins\org.eclipse.m2e.maven.runtime_3.9.900.20240824-1409\jars\httpclient-4.5.14.jar
2024-12-11 16:00:12,277 [Worker-41: Launching mavenrun-7808fede-0a95-4da6-a6f9-7b688e4adbdf] INFO  o.eclipse.m2e.core.internal.Bundles - 	Entry: C:\STS\SpringTool\sts-4.26.0.RELEASE\plugins\org.eclipse.m2e.maven.runtime_3.9.900.20240824-1409\jars\httpcore-4.4.16.jar
2024-12-11 16:00:12,277 [Worker-41: Launching mavenrun-7808fede-0a95-4da6-a6f9-7b688e4adbdf] INFO  o.eclipse.m2e.core.internal.Bundles - 	Entry: C:\STS\SpringTool\sts-4.26.0.RELEASE\plugins\org.eclipse.m2e.maven.runtime_3.9.900.20240824-1409\jars\jansi-2.4.1.jar
2024-12-11 16:00:12,277 [Worker-41: Launching mavenrun-7808fede-0a95-4da6-a6f9-7b688e4adbdf] INFO  o.eclipse.m2e.core.internal.Bundles - 	Entry: C:\STS\SpringTool\sts-4.26.0.RELEASE\plugins\org.eclipse.m2e.maven.runtime_3.9.900.20240824-1409\jars\jcl-over-slf4j-1.7.36.jar
2024-12-11 16:00:12,277 [Worker-41: Launching mavenrun-7808fede-0a95-4da6-a6f9-7b688e4adbdf] INFO  o.eclipse.m2e.core.internal.Bundles - 	Entry: C:\STS\SpringTool\sts-4.26.0.RELEASE\plugins\org.eclipse.m2e.maven.runtime_3.9.900.20240824-1409\jars\maven-artifact-3.9.9.jar
2024-12-11 16:00:12,277 [Worker-41: Launching mavenrun-7808fede-0a95-4da6-a6f9-7b688e4adbdf] INFO  o.eclipse.m2e.core.internal.Bundles - 	Entry: C:\STS\SpringTool\sts-4.26.0.RELEASE\plugins\org.eclipse.m2e.maven.runtime_3.9.900.20240824-1409\jars\maven-builder-support-3.9.9.jar
2024-12-11 16:00:12,277 [Worker-41: Launching mavenrun-7808fede-0a95-4da6-a6f9-7b688e4adbdf] INFO  o.eclipse.m2e.core.internal.Bundles - 	Entry: C:\STS\SpringTool\sts-4.26.0.RELEASE\plugins\org.eclipse.m2e.maven.runtime_3.9.900.20240824-1409\jars\maven-compat-3.9.9.jar
2024-12-11 16:00:12,277 [Worker-41: Launching mavenrun-7808fede-0a95-4da6-a6f9-7b688e4adbdf] INFO  o.eclipse.m2e.core.internal.Bundles - 	Entry: C:\STS\SpringTool\sts-4.26.0.RELEASE\plugins\org.eclipse.m2e.maven.runtime_3.9.900.20240824-1409\jars\maven-core-3.9.9.jar
2024-12-11 16:00:12,277 [Worker-41: Launching mavenrun-7808fede-0a95-4da6-a6f9-7b688e4adbdf] INFO  o.eclipse.m2e.core.internal.Bundles - 	Entry: C:\STS\SpringTool\sts-4.26.0.RELEASE\plugins\org.eclipse.m2e.maven.runtime_3.9.900.20240824-1409\jars\maven-embedder-3.9.9.jar
2024-12-11 16:00:12,278 [Worker-41: Launching mavenrun-7808fede-0a95-4da6-a6f9-7b688e4adbdf] INFO  o.eclipse.m2e.core.internal.Bundles - 	Entry: C:\STS\SpringTool\sts-4.26.0.RELEASE\plugins\org.eclipse.m2e.maven.runtime_3.9.900.20240824-1409\jars\maven-model-3.9.9.jar
2024-12-11 16:00:12,278 [Worker-41: Launching mavenrun-7808fede-0a95-4da6-a6f9-7b688e4adbdf] INFO  o.eclipse.m2e.core.internal.Bundles - 	Entry: C:\STS\SpringTool\sts-4.26.0.RELEASE\plugins\org.eclipse.m2e.maven.runtime_3.9.900.20240824-1409\jars\maven-model-builder-3.9.9.jar
2024-12-11 16:00:12,278 [Worker-41: Launching mavenrun-7808fede-0a95-4da6-a6f9-7b688e4adbdf] INFO  o.eclipse.m2e.core.internal.Bundles - 	Entry: C:\STS\SpringTool\sts-4.26.0.RELEASE\plugins\org.eclipse.m2e.maven.runtime_3.9.900.20240824-1409\jars\maven-plugin-api-3.9.9.jar
2024-12-11 16:00:12,278 [Worker-41: Launching mavenrun-7808fede-0a95-4da6-a6f9-7b688e4adbdf] INFO  o.eclipse.m2e.core.internal.Bundles - 	Entry: C:\STS\SpringTool\sts-4.26.0.RELEASE\plugins\org.eclipse.m2e.maven.runtime_3.9.900.20240824-1409\jars\maven-repository-metadata-3.9.9.jar
2024-12-11 16:00:12,278 [Worker-41: Launching mavenrun-7808fede-0a95-4da6-a6f9-7b688e4adbdf] INFO  o.eclipse.m2e.core.internal.Bundles - 	Entry: C:\STS\SpringTool\sts-4.26.0.RELEASE\plugins\org.eclipse.m2e.maven.runtime_3.9.900.20240824-1409\jars\maven-resolver-api-1.9.22.jar
2024-12-11 16:00:12,278 [Worker-41: Launching mavenrun-7808fede-0a95-4da6-a6f9-7b688e4adbdf] INFO  o.eclipse.m2e.core.internal.Bundles - 	Entry: C:\STS\SpringTool\sts-4.26.0.RELEASE\plugins\org.eclipse.m2e.maven.runtime_3.9.900.20240824-1409\jars\maven-resolver-connector-basic-1.9.22.jar
2024-12-11 16:00:12,278 [Worker-41: Launching mavenrun-7808fede-0a95-4da6-a6f9-7b688e4adbdf] INFO  o.eclipse.m2e.core.internal.Bundles - 	Entry: C:\STS\SpringTool\sts-4.26.0.RELEASE\plugins\org.eclipse.m2e.maven.runtime_3.9.900.20240824-1409\jars\maven-resolver-impl-1.9.22.jar
2024-12-11 16:00:12,278 [Worker-41: Launching mavenrun-7808fede-0a95-4da6-a6f9-7b688e4adbdf] INFO  o.eclipse.m2e.core.internal.Bundles - 	Entry: C:\STS\SpringTool\sts-4.26.0.RELEASE\plugins\org.eclipse.m2e.maven.runtime_3.9.900.20240824-1409\jars\maven-resolver-named-locks-1.9.22.jar
2024-12-11 16:00:12,278 [Worker-41: Launching mavenrun-7808fede-0a95-4da6-a6f9-7b688e4adbdf] INFO  o.eclipse.m2e.core.internal.Bundles - 	Entry: C:\STS\SpringTool\sts-4.26.0.RELEASE\plugins\org.eclipse.m2e.maven.runtime_3.9.900.20240824-1409\jars\maven-resolver-provider-3.9.9.jar
2024-12-11 16:00:12,278 [Worker-41: Launching mavenrun-7808fede-0a95-4da6-a6f9-7b688e4adbdf] INFO  o.eclipse.m2e.core.internal.Bundles - 	Entry: C:\STS\SpringTool\sts-4.26.0.RELEASE\plugins\org.eclipse.m2e.maven.runtime_3.9.900.20240824-1409\jars\maven-resolver-spi-1.9.22.jar
2024-12-11 16:00:12,278 [Worker-41: Launching mavenrun-7808fede-0a95-4da6-a6f9-7b688e4adbdf] INFO  o.eclipse.m2e.core.internal.Bundles - 	Entry: C:\STS\SpringTool\sts-4.26.0.RELEASE\plugins\org.eclipse.m2e.maven.runtime_3.9.900.20240824-1409\jars\maven-resolver-transport-file-1.9.22.jar
2024-12-11 16:00:12,278 [Worker-41: Launching mavenrun-7808fede-0a95-4da6-a6f9-7b688e4adbdf] INFO  o.eclipse.m2e.core.internal.Bundles - 	Entry: C:\STS\SpringTool\sts-4.26.0.RELEASE\plugins\org.eclipse.m2e.maven.runtime_3.9.900.20240824-1409\jars\maven-resolver-transport-http-1.9.22.jar
2024-12-11 16:00:12,278 [Worker-41: Launching mavenrun-7808fede-0a95-4da6-a6f9-7b688e4adbdf] INFO  o.eclipse.m2e.core.internal.Bundles - 	Entry: C:\STS\SpringTool\sts-4.26.0.RELEASE\plugins\org.eclipse.m2e.maven.runtime_3.9.900.20240824-1409\jars\maven-resolver-transport-wagon-1.9.22.jar
2024-12-11 16:00:12,278 [Worker-41: Launching mavenrun-7808fede-0a95-4da6-a6f9-7b688e4adbdf] INFO  o.eclipse.m2e.core.internal.Bundles - 	Entry: C:\STS\SpringTool\sts-4.26.0.RELEASE\plugins\org.eclipse.m2e.maven.runtime_3.9.900.20240824-1409\jars\maven-resolver-util-1.9.22.jar
2024-12-11 16:00:12,278 [Worker-41: Launching mavenrun-7808fede-0a95-4da6-a6f9-7b688e4adbdf] INFO  o.eclipse.m2e.core.internal.Bundles - 	Entry: C:\STS\SpringTool\sts-4.26.0.RELEASE\plugins\org.eclipse.m2e.maven.runtime_3.9.900.20240824-1409\jars\maven-settings-3.9.9.jar
2024-12-11 16:00:12,279 [Worker-41: Launching mavenrun-7808fede-0a95-4da6-a6f9-7b688e4adbdf] INFO  o.eclipse.m2e.core.internal.Bundles - 	Entry: C:\STS\SpringTool\sts-4.26.0.RELEASE\plugins\org.eclipse.m2e.maven.runtime_3.9.900.20240824-1409\jars\maven-settings-builder-3.9.9.jar
2024-12-11 16:00:12,279 [Worker-41: Launching mavenrun-7808fede-0a95-4da6-a6f9-7b688e4adbdf] INFO  o.eclipse.m2e.core.internal.Bundles - 	Entry: C:\STS\SpringTool\sts-4.26.0.RELEASE\plugins\org.eclipse.m2e.maven.runtime_3.9.900.20240824-1409\jars\maven-shared-utils-3.4.2.jar
2024-12-11 16:00:12,279 [Worker-41: Launching mavenrun-7808fede-0a95-4da6-a6f9-7b688e4adbdf] INFO  o.eclipse.m2e.core.internal.Bundles - 	Entry: C:\STS\SpringTool\sts-4.26.0.RELEASE\plugins\org.eclipse.m2e.maven.runtime_3.9.900.20240824-1409\jars\org.eclipse.sisu.inject-0.9.0.M3.jar
2024-12-11 16:00:12,279 [Worker-41: Launching mavenrun-7808fede-0a95-4da6-a6f9-7b688e4adbdf] INFO  o.eclipse.m2e.core.internal.Bundles - 	Entry: C:\STS\SpringTool\sts-4.26.0.RELEASE\plugins\org.eclipse.m2e.maven.runtime_3.9.900.20240824-1409\jars\org.eclipse.sisu.plexus-0.9.0.M3.jar
2024-12-11 16:00:12,279 [Worker-41: Launching mavenrun-7808fede-0a95-4da6-a6f9-7b688e4adbdf] INFO  o.eclipse.m2e.core.internal.Bundles - 	Entry: C:\STS\SpringTool\sts-4.26.0.RELEASE\plugins\org.eclipse.m2e.maven.runtime_3.9.900.20240824-1409\jars\plexus-build-api-0.0.7.jar
2024-12-11 16:00:12,279 [Worker-41: Launching mavenrun-7808fede-0a95-4da6-a6f9-7b688e4adbdf] INFO  o.eclipse.m2e.core.internal.Bundles - 	Entry: C:\STS\SpringTool\sts-4.26.0.RELEASE\plugins\org.eclipse.m2e.maven.runtime_3.9.900.20240824-1409\jars\plexus-build-api-1.2.0.jar
2024-12-11 16:00:12,279 [Worker-41: Launching mavenrun-7808fede-0a95-4da6-a6f9-7b688e4adbdf] INFO  o.eclipse.m2e.core.internal.Bundles - 	Entry: C:\STS\SpringTool\sts-4.26.0.RELEASE\plugins\org.eclipse.m2e.maven.runtime_3.9.900.20240824-1409\jars\plexus-cipher-2.0.jar
2024-12-11 16:00:12,279 [Worker-41: Launching mavenrun-7808fede-0a95-4da6-a6f9-7b688e4adbdf] INFO  o.eclipse.m2e.core.internal.Bundles - 	Entry: C:\STS\SpringTool\sts-4.26.0.RELEASE\plugins\org.eclipse.m2e.maven.runtime_3.9.900.20240824-1409\jars\plexus-classworlds-2.8.0.jar
2024-12-11 16:00:12,279 [Worker-41: Launching mavenrun-7808fede-0a95-4da6-a6f9-7b688e4adbdf] INFO  o.eclipse.m2e.core.internal.Bundles - 	Entry: C:\STS\SpringTool\sts-4.26.0.RELEASE\plugins\org.eclipse.m2e.maven.runtime_3.9.900.20240824-1409\jars\plexus-component-annotations-2.1.0.jar
2024-12-11 16:00:12,279 [Worker-41: Launching mavenrun-7808fede-0a95-4da6-a6f9-7b688e4adbdf] INFO  o.eclipse.m2e.core.internal.Bundles - 	Entry: C:\STS\SpringTool\sts-4.26.0.RELEASE\plugins\org.eclipse.m2e.maven.runtime_3.9.900.20240824-1409\jars\plexus-interpolation-1.27.jar
2024-12-11 16:00:12,279 [Worker-41: Launching mavenrun-7808fede-0a95-4da6-a6f9-7b688e4adbdf] INFO  o.eclipse.m2e.core.internal.Bundles - 	Entry: C:\STS\SpringTool\sts-4.26.0.RELEASE\plugins\org.eclipse.m2e.maven.runtime_3.9.900.20240824-1409\jars\plexus-sec-dispatcher-2.0.jar
2024-12-11 16:00:12,280 [Worker-41: Launching mavenrun-7808fede-0a95-4da6-a6f9-7b688e4adbdf] INFO  o.eclipse.m2e.core.internal.Bundles - 	Entry: C:\STS\SpringTool\sts-4.26.0.RELEASE\plugins\org.eclipse.m2e.maven.runtime_3.9.900.20240824-1409\jars\plexus-utils-3.5.1.jar
2024-12-11 16:00:12,280 [Worker-41: Launching mavenrun-7808fede-0a95-4da6-a6f9-7b688e4adbdf] INFO  o.eclipse.m2e.core.internal.Bundles - 	Entry: C:\STS\SpringTool\sts-4.26.0.RELEASE\plugins\org.eclipse.m2e.maven.runtime_3.9.900.20240824-1409\jars\plexus-xml-3.0.1.jar
2024-12-11 16:00:12,280 [Worker-41: Launching mavenrun-7808fede-0a95-4da6-a6f9-7b688e4adbdf] INFO  o.eclipse.m2e.core.internal.Bundles - 	Entry: C:\STS\SpringTool\sts-4.26.0.RELEASE\plugins\org.eclipse.m2e.maven.runtime_3.9.900.20240824-1409\jars\wagon-file-3.5.3.jar
2024-12-11 16:00:12,280 [Worker-41: Launching mavenrun-7808fede-0a95-4da6-a6f9-7b688e4adbdf] INFO  o.eclipse.m2e.core.internal.Bundles - 	Entry: C:\STS\SpringTool\sts-4.26.0.RELEASE\plugins\org.eclipse.m2e.maven.runtime_3.9.900.20240824-1409\jars\wagon-http-3.5.3.jar
2024-12-11 16:00:12,280 [Worker-41: Launching mavenrun-7808fede-0a95-4da6-a6f9-7b688e4adbdf] INFO  o.eclipse.m2e.core.internal.Bundles - 	Entry: C:\STS\SpringTool\sts-4.26.0.RELEASE\plugins\org.eclipse.m2e.maven.runtime_3.9.900.20240824-1409\jars\wagon-http-shared-3.5.3.jar
2024-12-11 16:00:12,281 [Worker-41: Launching mavenrun-7808fede-0a95-4da6-a6f9-7b688e4adbdf] INFO  o.eclipse.m2e.core.internal.Bundles - 	Entry: C:\STS\SpringTool\sts-4.26.0.RELEASE\plugins\org.eclipse.m2e.maven.runtime_3.9.900.20240824-1409\jars\wagon-provider-api-3.5.3.jar
2024-12-11 16:00:12,282 [Worker-41: Launching mavenrun-7808fede-0a95-4da6-a6f9-7b688e4adbdf] INFO  o.eclipse.m2e.core.internal.Bundles - getClasspathEntries(Bundle=com.google.guava_33.3.0.jre [29])
2024-12-11 16:00:12,282 [Worker-41: Launching mavenrun-7808fede-0a95-4da6-a6f9-7b688e4adbdf] INFO  o.eclipse.m2e.core.internal.Bundles - 	Entry: C:\STS\SpringTool\sts-4.26.0.RELEASE\plugins\com.google.guava_33.3.0.jre.jar
2024-12-11 16:00:12,282 [Worker-41: Launching mavenrun-7808fede-0a95-4da6-a6f9-7b688e4adbdf] INFO  o.eclipse.m2e.core.internal.Bundles - getClasspathEntries(Bundle=slf4j.api_2.0.16 [593])
2024-12-11 16:00:12,282 [Worker-41: Launching mavenrun-7808fede-0a95-4da6-a6f9-7b688e4adbdf] INFO  o.eclipse.m2e.core.internal.Bundles - 	Entry: C:\STS\SpringTool\sts-4.26.0.RELEASE\plugins\slf4j.api_2.0.16.jar
2024-12-11 16:00:12,282 [Worker-41: Launching mavenrun-7808fede-0a95-4da6-a6f9-7b688e4adbdf] INFO  o.eclipse.m2e.core.internal.Bundles - getClasspathEntries(Bundle=javax.inject_1.0.0.v20091030 [604])
2024-12-11 16:00:12,282 [Worker-41: Launching mavenrun-7808fede-0a95-4da6-a6f9-7b688e4adbdf] INFO  o.eclipse.m2e.core.internal.Bundles - 	Entry: C:\STS\SpringTool\sts-4.26.0.RELEASE\plugins\javax.inject_1.0.0.v20091030.jar
2024-12-11 16:00:12,282 [Worker-41: Launching mavenrun-7808fede-0a95-4da6-a6f9-7b688e4adbdf] INFO  o.eclipse.m2e.core.internal.Bundles - getClasspathEntries(Bundle=javax.annotation_1.3.5.v20200909-1856 [603])
2024-12-11 16:00:12,282 [Worker-41: Launching mavenrun-7808fede-0a95-4da6-a6f9-7b688e4adbdf] INFO  o.eclipse.m2e.core.internal.Bundles - 	Entry: C:\STS\SpringTool\sts-4.26.0.RELEASE\plugins\javax.annotation_1.3.5.v20200909-1856.jar
2024-12-11 16:00:12,283 [Worker-41: Launching mavenrun-7808fede-0a95-4da6-a6f9-7b688e4adbdf] INFO  o.eclipse.m2e.core.internal.Bundles - getClasspathEntries(Bundle=org.apache.commons.cli_1.9.0 [77])
2024-12-11 16:00:12,283 [Worker-41: Launching mavenrun-7808fede-0a95-4da6-a6f9-7b688e4adbdf] INFO  o.eclipse.m2e.core.internal.Bundles - 	Entry: C:\STS\SpringTool\sts-4.26.0.RELEASE\plugins\org.apache.commons.cli_1.9.0.jar
2024-12-11 16:00:12,283 [Worker-41: Launching mavenrun-7808fede-0a95-4da6-a6f9-7b688e4adbdf] INFO  o.eclipse.m2e.core.internal.Bundles - getClasspathEntries(Bundle=org.apache.commons.commons-codec_1.16.0 [80])
2024-12-11 16:00:12,283 [Worker-41: Launching mavenrun-7808fede-0a95-4da6-a6f9-7b688e4adbdf] INFO  o.eclipse.m2e.core.internal.Bundles - 	Entry: C:\STS\SpringTool\sts-4.26.0.RELEASE\plugins\org.apache.commons.commons-codec_1.16.0.jar
2024-12-11 16:00:12,283 [Worker-41: Launching mavenrun-7808fede-0a95-4da6-a6f9-7b688e4adbdf] INFO  o.eclipse.m2e.core.internal.Bundles - getClasspathEntries(Bundle=com.google.guava.failureaccess_1.0.2 [30])
2024-12-11 16:00:12,283 [Worker-41: Launching mavenrun-7808fede-0a95-4da6-a6f9-7b688e4adbdf] INFO  o.eclipse.m2e.core.internal.Bundles - 	Entry: C:\STS\SpringTool\sts-4.26.0.RELEASE\plugins\com.google.guava.failureaccess_1.0.2.jar
2024-12-11 16:00:12,285 [Worker-41: Launching mavenrun-7808fede-0a95-4da6-a6f9-7b688e4adbdf] INFO  o.e.m.i.launch.MavenLaunchDelegate - Run build in "C:\Users\JOSEPI~1\AppData\Local\Temp\m2e-archetypeGenerator11932311019261086253":
2024-12-11 16:00:12,286 [Worker-41: Launching mavenrun-7808fede-0a95-4da6-a6f9-7b688e4adbdf] INFO  o.e.m.i.launch.MavenLaunchDelegate -  mvn  -DjavaCompilerVersion=17 -DjunitVersion=5.11.0 -DarchetypeGroupId=org.apache.maven.archetypes -DarchetypeArtifactId=maven-archetype-quickstart -DarchetypeVersion=1.5 -DgroupId=com.jose -DartifactId=hibernateanotaciones3 -Dversion=0.0.1-SNAPSHOT -Dpackage=com.jose.hibernateanotaciones3 -DoutputDirectory=C:\STS\springProjects -Dstyle.color=always -U archetype:generate
2024-12-11 16:00:39,859 [Worker-42: Creating maven-archetype-quickstart] INFO  o.e.m.c.i.p.ProjectConfigurationManager - Collecting project info '/pom.xml' C:\STS\springProjects\hibernateanotaciones3\pom.xml
2024-12-11 16:00:40,085 [Worker-42: Creating maven-archetype-quickstart] INFO  o.e.m.c.i.l.LifecycleMappingFactory - Using org.eclipse.m2e.jdt.JarLifecycleMapping lifecycle mapping for MavenProject: com.jose:hibernateanotaciones3:0.0.1-SNAPSHOT @ C:\STS\springProjects\hibernateanotaciones3\pom.xml.
2024-12-11 16:00:40,301 [Worker-42: Creating maven-archetype-quickstart] INFO  o.e.m.j.i.AbstractJavaProjectConfigurator - Adding source folder /hibernateanotaciones3/src/main/java
2024-12-11 16:00:40,303 [Worker-42: Creating maven-archetype-quickstart] INFO  o.e.m.j.i.AbstractJavaProjectConfigurator - Adding resource folder /hibernateanotaciones3/src/main/resources
2024-12-11 16:00:40,308 [Worker-42: Creating maven-archetype-quickstart] INFO  o.e.m.j.i.AbstractJavaProjectConfigurator - Adding source folder /hibernateanotaciones3/src/test/java
2024-12-11 16:00:40,308 [Worker-42: Creating maven-archetype-quickstart] INFO  o.e.m.j.i.AbstractJavaProjectConfigurator - Adding resource folder /hibernateanotaciones3/src/test/resources
2024-12-11 16:00:40,428 [Worker-42: Creating maven-archetype-quickstart] INFO  o.e.m.c.i.p.ProjectConfigurationManager - Imported and configured 1 project(s) in 0 sec
2024-12-11 16:00:41,021 [Worker-41: Building] INFO  o.a.m.s.f.DefaultMavenResourcesFiltering - skip non existing resourceDirectory C:\STS\springProjects\hibernateanotaciones3\src\main\resources
2024-12-11 16:00:41,024 [Worker-41: Building] INFO  o.a.m.s.f.DefaultMavenResourcesFiltering - skip non existing resourceDirectory C:\STS\springProjects\hibernateanotaciones3\src\test\resources
2024-12-11 16:03:31,943 [Worker-41: Building Workspace] INFO  o.a.m.s.f.DefaultMavenResourcesFiltering - skip non existing resourceDirectory C:\STS\springProjects\hibernateanotaciones2\src\main\resources
2024-12-11 16:03:31,945 [Worker-41: Building Workspace] INFO  o.a.m.s.f.DefaultMavenResourcesFiltering - skip non existing resourceDirectory C:\STS\springProjects\hibernateanotaciones2\src\test\resources
2024-12-11 16:03:31,960 [Worker-41: Building Workspace] INFO  o.a.m.s.f.DefaultMavenResourcesFiltering - skip non existing resourceDirectory C:\STS\springProjects\hibernateanotaciones3\src\main\resources
2024-12-11 16:03:31,961 [Worker-41: Building Workspace] INFO  o.a.m.s.f.DefaultMavenResourcesFiltering - skip non existing resourceDirectory C:\STS\springProjects\hibernateanotaciones3\src\test\resources
2024-12-11 16:06:34,333 [Worker-53: Building] INFO  o.a.m.s.f.DefaultMavenResourcesFiltering - skip non existing resourceDirectory C:\STS\springProjects\hibernateanotaciones3\src\main\resources
2024-12-11 16:06:34,335 [Worker-53: Building] INFO  o.a.m.s.f.DefaultMavenResourcesFiltering - skip non existing resourceDirectory C:\STS\springProjects\hibernateanotaciones3\src\test\resources
2024-12-11 16:07:20,258 [Worker-46: Building] INFO  o.e.m.c.i.l.LifecycleMappingFactory - Using org.eclipse.m2e.jdt.JarLifecycleMapping lifecycle mapping for MavenProject: com.jose:hibernateanotaciones3:0.0.1-SNAPSHOT @ C:\STS\springProjects\hibernateanotaciones3\pom.xml.
2024-12-11 16:07:20,414 [Worker-46: Building] INFO  o.a.m.s.f.DefaultMavenResourcesFiltering - skip non existing resourceDirectory C:\STS\springProjects\hibernateanotaciones3\src\main\resources
2024-12-11 16:07:20,417 [Worker-46: Building] INFO  o.a.m.s.f.DefaultMavenResourcesFiltering - skip non existing resourceDirectory C:\STS\springProjects\hibernateanotaciones3\src\test\resources
2024-12-11 16:07:21,496 [Worker-56: Building] INFO  o.a.m.s.f.DefaultMavenResourcesFiltering - skip non existing resourceDirectory C:\STS\springProjects\hibernateanotaciones3\src\main\resources
2024-12-11 16:07:21,498 [Worker-56: Building] INFO  o.a.m.s.f.DefaultMavenResourcesFiltering - skip non existing resourceDirectory C:\STS\springProjects\hibernateanotaciones3\src\test\resources
2024-12-11 16:07:38,367 [Worker-54: Building] INFO  o.a.m.s.f.DefaultMavenResourcesFiltering - skip non existing resourceDirectory C:\STS\springProjects\hibernateanotaciones3\src\main\resources
2024-12-11 16:07:38,369 [Worker-54: Building] INFO  o.a.m.s.f.DefaultMavenResourcesFiltering - skip non existing resourceDirectory C:\STS\springProjects\hibernateanotaciones3\src\test\resources
2024-12-11 16:08:39,596 [main] INFO  org.hibernate.cfg.Environment - Hibernate 3.5.6-Final
2024-12-11 16:08:39,611 [main] INFO  org.hibernate.cfg.Environment - hibernate.properties not found
2024-12-11 16:08:39,615 [main] INFO  org.hibernate.cfg.Environment - Bytecode provider name : javassist
2024-12-11 16:08:39,622 [main] INFO  org.hibernate.cfg.Environment - using JDK 1.4 java.sql.Timestamp handling
2024-12-11 16:08:39,756 [main] INFO  org.hibernate.cfg.Configuration - configuring from XML document
2024-12-11 16:08:39,757 [main] INFO  org.hibernate.cfg.Configuration - Configured SessionFactory: null
2024-12-11 16:08:42,671 [main] INFO  o.hibernate.cfg.annotations.Version - Hibernate Annotations 3.5.6-Final
2024-12-11 16:08:42,689 [main] INFO  org.hibernate.cfg.Configuration - configuring from XML document
2024-12-11 16:08:42,689 [main] INFO  org.hibernate.cfg.Configuration - Configured SessionFactory: null
2024-12-11 16:08:42,708 [main] INFO  o.h.cfg.AnnotationConfiguration - Hibernate Validator not found: ignoring
2024-12-11 16:08:45,017 [main] INFO  org.hibernate.cfg.Configuration - configuring from XML document
2024-12-11 16:08:45,017 [main] INFO  org.hibernate.cfg.Configuration - Configured SessionFactory: null
2024-12-11 16:08:45,018 [main] INFO  o.h.cfg.AnnotationConfiguration - Hibernate Validator not found: ignoring
2024-12-11 16:08:51,635 [main] INFO  org.hibernate.cfg.Configuration - configuring from XML document
2024-12-11 16:08:51,636 [main] INFO  org.hibernate.cfg.Configuration - Configured SessionFactory: null
2024-12-11 16:08:51,637 [main] INFO  o.h.cfg.AnnotationConfiguration - Hibernate Validator not found: ignoring
2024-12-11 16:08:51,648 [main] INFO  org.hibernate.cfg.Configuration - configuring from XML document
2024-12-11 16:08:51,648 [main] INFO  org.hibernate.cfg.Configuration - Configured SessionFactory: null
2024-12-11 16:08:51,649 [main] INFO  o.h.cfg.AnnotationConfiguration - Hibernate Validator not found: ignoring
2024-12-11 16:08:51,745 [main] INFO  org.hibernate.cfg.Configuration - configuring from XML document
2024-12-11 16:08:51,745 [main] INFO  org.hibernate.cfg.Configuration - Configured SessionFactory: null
2024-12-11 16:08:51,746 [main] INFO  o.h.cfg.AnnotationConfiguration - Hibernate Validator not found: ignoring
2024-12-11 16:08:51,872 [main] INFO  org.hibernate.cfg.Configuration - configuring from XML document
2024-12-11 16:08:51,872 [main] INFO  org.hibernate.cfg.Configuration - Configured SessionFactory: null
2024-12-11 16:08:51,872 [main] INFO  o.h.cfg.AnnotationConfiguration - Hibernate Validator not found: ignoring
2024-12-11 16:08:52,005 [main] INFO  org.hibernate.cfg.Configuration - configuring from XML document
2024-12-11 16:08:52,005 [main] INFO  org.hibernate.cfg.Configuration - Configured SessionFactory: null
2024-12-11 16:08:52,005 [main] INFO  o.h.cfg.AnnotationConfiguration - Hibernate Validator not found: ignoring
2024-12-11 16:08:52,405 [main] INFO  org.hibernate.cfg.Configuration - configuring from XML document
2024-12-11 16:08:52,405 [main] INFO  org.hibernate.cfg.Configuration - Configured SessionFactory: null
2024-12-11 16:08:52,405 [main] INFO  o.h.cfg.AnnotationConfiguration - Hibernate Validator not found: ignoring
2024-12-11 16:08:54,732 [main] INFO  org.hibernate.cfg.Configuration - configuring from XML document
2024-12-11 16:08:54,732 [main] INFO  org.hibernate.cfg.Configuration - Configured SessionFactory: null
2024-12-11 16:08:54,733 [main] INFO  o.h.cfg.AnnotationConfiguration - Hibernate Validator not found: ignoring
2024-12-11 16:10:08,119 [Worker-46: Building] INFO  o.a.m.s.f.DefaultMavenResourcesFiltering - skip non existing resourceDirectory C:\STS\springProjects\hibernateanotaciones3\src\main\resources
2024-12-11 16:10:08,122 [Worker-46: Building] INFO  o.a.m.s.f.DefaultMavenResourcesFiltering - skip non existing resourceDirectory C:\STS\springProjects\hibernateanotaciones3\src\test\resources
2024-12-11 16:12:10,062 [Worker-53: Launching hibernateanotaciones3_code] INFO  o.a.m.s.f.DefaultMavenResourcesFiltering - skip non existing resourceDirectory C:\STS\springProjects\hibernateanotaciones3\src\main\resources
2024-12-11 16:12:10,063 [Worker-53: Launching hibernateanotaciones3_code] INFO  o.a.m.s.f.DefaultMavenResourcesFiltering - skip non existing resourceDirectory C:\STS\springProjects\hibernateanotaciones3\src\test\resources
2024-12-11 16:12:11,317 [Worker-52: Building] INFO  o.a.m.s.f.DefaultMavenResourcesFiltering - skip non existing resourceDirectory C:\STS\springProjects\hibernateanotaciones3\src\main\resources
2024-12-11 16:12:11,319 [Worker-52: Building] INFO  o.a.m.s.f.DefaultMavenResourcesFiltering - skip non existing resourceDirectory C:\STS\springProjects\hibernateanotaciones3\src\test\resources
2024-12-11 16:15:03,826 [Worker-62: Building] INFO  o.a.m.s.f.DefaultMavenResourcesFiltering - skip non existing resourceDirectory C:\STS\springProjects\hibernateanotaciones3\src\main\resources
2024-12-11 16:15:03,827 [Worker-62: Building] INFO  o.a.m.s.f.DefaultMavenResourcesFiltering - skip non existing resourceDirectory C:\STS\springProjects\hibernateanotaciones3\src\test\resources
2024-12-11 16:16:01,992 [Worker-63: Building] INFO  o.a.m.s.f.DefaultMavenResourcesFiltering - skip non existing resourceDirectory C:\STS\springProjects\hibernateanotaciones3\src\main\resources
2024-12-11 16:16:01,993 [Worker-63: Building] INFO  o.a.m.s.f.DefaultMavenResourcesFiltering - skip non existing resourceDirectory C:\STS\springProjects\hibernateanotaciones3\src\test\resources
2024-12-11 16:19:19,765 [Worker-62: Building] INFO  o.a.m.s.f.DefaultMavenResourcesFiltering - skip non existing resourceDirectory C:\STS\springProjects\hibernateanotaciones3\src\main\resources
2024-12-11 16:19:19,767 [Worker-62: Building] INFO  o.a.m.s.f.DefaultMavenResourcesFiltering - skip non existing resourceDirectory C:\STS\springProjects\hibernateanotaciones3\src\test\resources
2024-12-11 16:19:46,948 [Worker-64: Building] INFO  o.a.m.s.f.DefaultMavenResourcesFiltering - skip non existing resourceDirectory C:\STS\springProjects\hibernateanotaciones3\src\main\resources
2024-12-11 16:19:46,951 [Worker-64: Building] INFO  o.a.m.s.f.DefaultMavenResourcesFiltering - skip non existing resourceDirectory C:\STS\springProjects\hibernateanotaciones3\src\test\resources
2024-12-11 16:20:50,420 [Worker-62: Building] INFO  o.a.m.s.f.DefaultMavenResourcesFiltering - skip non existing resourceDirectory C:\STS\springProjects\hibernateanotaciones3\src\main\resources
2024-12-11 16:20:50,421 [Worker-62: Building] INFO  o.a.m.s.f.DefaultMavenResourcesFiltering - skip non existing resourceDirectory C:\STS\springProjects\hibernateanotaciones3\src\test\resources
2024-12-11 16:22:04,278 [Worker-64: Building] INFO  o.a.m.s.f.DefaultMavenResourcesFiltering - skip non existing resourceDirectory C:\STS\springProjects\hibernateanotaciones3\src\main\resources
2024-12-11 16:22:04,279 [Worker-64: Building] INFO  o.a.m.s.f.DefaultMavenResourcesFiltering - skip non existing resourceDirectory C:\STS\springProjects\hibernateanotaciones3\src\test\resources
2024-12-11 16:23:03,055 [Worker-65: Building] INFO  o.a.m.s.f.DefaultMavenResourcesFiltering - skip non existing resourceDirectory C:\STS\springProjects\hibernateanotaciones3\src\main\resources
2024-12-11 16:23:03,056 [Worker-65: Building] INFO  o.a.m.s.f.DefaultMavenResourcesFiltering - skip non existing resourceDirectory C:\STS\springProjects\hibernateanotaciones3\src\test\resources
2024-12-11 16:23:15,522 [Worker-53: Building] INFO  o.a.m.s.f.DefaultMavenResourcesFiltering - skip non existing resourceDirectory C:\STS\springProjects\hibernateanotaciones3\src\main\resources
2024-12-11 16:23:15,523 [Worker-53: Building] INFO  o.a.m.s.f.DefaultMavenResourcesFiltering - skip non existing resourceDirectory C:\STS\springProjects\hibernateanotaciones3\src\test\resources
2024-12-11 16:25:18,991 [Worker-67: Building] INFO  o.a.m.s.f.DefaultMavenResourcesFiltering - skip non existing resourceDirectory C:\STS\springProjects\hibernateanotaciones3\src\main\resources
2024-12-11 16:25:18,993 [Worker-67: Building] INFO  o.a.m.s.f.DefaultMavenResourcesFiltering - skip non existing resourceDirectory C:\STS\springProjects\hibernateanotaciones3\src\test\resources
2024-12-11 16:26:57,642 [Worker-69: Launching App (3)] INFO  o.a.m.s.f.DefaultMavenResourcesFiltering - skip non existing resourceDirectory C:\STS\springProjects\hibernateanotaciones3\src\main\resources
2024-12-11 16:26:57,644 [Worker-69: Launching App (3)] INFO  o.a.m.s.f.DefaultMavenResourcesFiltering - skip non existing resourceDirectory C:\STS\springProjects\hibernateanotaciones3\src\test\resources
2024-12-11 16:30:42,020 [Worker-67: Launching App (3)] INFO  o.a.m.s.f.DefaultMavenResourcesFiltering - skip non existing resourceDirectory C:\STS\springProjects\hibernateanotaciones3\src\main\resources
2024-12-11 16:30:42,023 [Worker-67: Launching App (3)] INFO  o.a.m.s.f.DefaultMavenResourcesFiltering - skip non existing resourceDirectory C:\STS\springProjects\hibernateanotaciones3\src\test\resources
2024-12-11 16:44:40,090 [Worker-76: Launching App (3)] INFO  o.a.m.s.f.DefaultMavenResourcesFiltering - skip non existing resourceDirectory C:\STS\springProjects\hibernateanotaciones3\src\main\resources
2024-12-11 16:44:40,092 [Worker-76: Launching App (3)] INFO  o.a.m.s.f.DefaultMavenResourcesFiltering - skip non existing resourceDirectory C:\STS\springProjects\hibernateanotaciones3\src\test\resources
2024-12-11 16:44:55,908 [Worker-71: Launching App (3)] INFO  o.a.m.s.f.DefaultMavenResourcesFiltering - skip non existing resourceDirectory C:\STS\springProjects\hibernateanotaciones3\src\main\resources
2024-12-11 16:44:55,910 [Worker-71: Launching App (3)] INFO  o.a.m.s.f.DefaultMavenResourcesFiltering - skip non existing resourceDirectory C:\STS\springProjects\hibernateanotaciones3\src\test\resources
2024-12-11 16:47:14,425 [Worker-79: Launching App (3)] INFO  o.a.m.s.f.DefaultMavenResourcesFiltering - skip non existing resourceDirectory C:\STS\springProjects\hibernateanotaciones3\src\main\resources
2024-12-11 16:47:14,427 [Worker-79: Launching App (3)] INFO  o.a.m.s.f.DefaultMavenResourcesFiltering - skip non existing resourceDirectory C:\STS\springProjects\hibernateanotaciones3\src\test\resources
2024-12-11 16:47:38,396 [Worker-71: Launching App (3)] INFO  o.a.m.s.f.DefaultMavenResourcesFiltering - skip non existing resourceDirectory C:\STS\springProjects\hibernateanotaciones3\src\main\resources
2024-12-11 16:47:38,399 [Worker-71: Launching App (3)] INFO  o.a.m.s.f.DefaultMavenResourcesFiltering - skip non existing resourceDirectory C:\STS\springProjects\hibernateanotaciones3\src\test\resources
2024-12-11 16:47:56,722 [Worker-80: Launching App (3)] INFO  o.a.m.s.f.DefaultMavenResourcesFiltering - skip non existing resourceDirectory C:\STS\springProjects\hibernateanotaciones3\src\main\resources
2024-12-11 16:47:56,724 [Worker-80: Launching App (3)] INFO  o.a.m.s.f.DefaultMavenResourcesFiltering - skip non existing resourceDirectory C:\STS\springProjects\hibernateanotaciones3\src\test\resources
2024-12-11 16:48:32,998 [Worker-78: Launching App (3)] INFO  o.a.m.s.f.DefaultMavenResourcesFiltering - skip non existing resourceDirectory C:\STS\springProjects\hibernateanotaciones3\src\main\resources
2024-12-11 16:48:32,999 [Worker-78: Launching App (3)] INFO  o.a.m.s.f.DefaultMavenResourcesFiltering - skip non existing resourceDirectory C:\STS\springProjects\hibernateanotaciones3\src\test\resources
2024-12-11 16:49:08,738 [Worker-77: Launching App (3)] INFO  o.a.m.s.f.DefaultMavenResourcesFiltering - skip non existing resourceDirectory C:\STS\springProjects\hibernateanotaciones3\src\main\resources
2024-12-11 16:49:08,740 [Worker-77: Launching App (3)] INFO  o.a.m.s.f.DefaultMavenResourcesFiltering - skip non existing resourceDirectory C:\STS\springProjects\hibernateanotaciones3\src\test\resources
2024-12-11 16:49:26,482 [Worker-71: Launching App (3)] INFO  o.a.m.s.f.DefaultMavenResourcesFiltering - skip non existing resourceDirectory C:\STS\springProjects\hibernateanotaciones3\src\main\resources
2024-12-11 16:49:26,484 [Worker-71: Launching App (3)] INFO  o.a.m.s.f.DefaultMavenResourcesFiltering - skip non existing resourceDirectory C:\STS\springProjects\hibernateanotaciones3\src\test\resources
2024-12-11 16:50:01,707 [Worker-80: Launching App (3)] INFO  o.a.m.s.f.DefaultMavenResourcesFiltering - skip non existing resourceDirectory C:\STS\springProjects\hibernateanotaciones3\src\main\resources
2024-12-11 16:50:01,708 [Worker-80: Launching App (3)] INFO  o.a.m.s.f.DefaultMavenResourcesFiltering - skip non existing resourceDirectory C:\STS\springProjects\hibernateanotaciones3\src\test\resources
2024-12-13 15:15:15,198 [Worker-7: Loading available Gradle versions] INFO  o.e.b.c.i.u.g.PublishedGradleVersions - Gradle version information cache is out-of-date. Trying to update.
2024-12-13 15:29:20,073 [Worker-0: Building] INFO  o.a.m.s.f.DefaultMavenResourcesFiltering - skip non existing resourceDirectory C:\STS\springProjects\hibernateanotaciones3\src\main\resources
2024-12-13 15:29:20,078 [Worker-0: Building] INFO  o.a.m.s.f.DefaultMavenResourcesFiltering - skip non existing resourceDirectory C:\STS\springProjects\hibernateanotaciones3\src\test\resources
2024-12-13 15:34:35,672 [Worker-0: Building] INFO  o.a.m.s.f.DefaultMavenResourcesFiltering - skip non existing resourceDirectory C:\STS\springProjects\hibernateanotaciones3\src\main\resources
2024-12-13 15:34:35,674 [Worker-0: Building] INFO  o.a.m.s.f.DefaultMavenResourcesFiltering - skip non existing resourceDirectory C:\STS\springProjects\hibernateanotaciones3\src\test\resources
2024-12-13 15:34:38,202 [Worker-23: Building] INFO  o.a.m.s.f.DefaultMavenResourcesFiltering - skip non existing resourceDirectory C:\STS\springProjects\hibernateanotaciones3\src\main\resources
2024-12-13 15:34:38,203 [Worker-23: Building] INFO  o.a.m.s.f.DefaultMavenResourcesFiltering - skip non existing resourceDirectory C:\STS\springProjects\hibernateanotaciones3\src\test\resources
2024-12-13 15:34:46,222 [Worker-27: Building] INFO  o.a.m.s.f.DefaultMavenResourcesFiltering - skip non existing resourceDirectory C:\STS\springProjects\hibernateanotaciones3\src\main\resources
2024-12-13 15:34:46,224 [Worker-27: Building] INFO  o.a.m.s.f.DefaultMavenResourcesFiltering - skip non existing resourceDirectory C:\STS\springProjects\hibernateanotaciones3\src\test\resources
2024-12-13 15:35:05,705 [Worker-27: Building] INFO  o.a.m.s.f.DefaultMavenResourcesFiltering - skip non existing resourceDirectory C:\STS\springProjects\hibernateanotaciones3\src\main\resources
2024-12-13 15:35:05,707 [Worker-27: Building] INFO  o.a.m.s.f.DefaultMavenResourcesFiltering - skip non existing resourceDirectory C:\STS\springProjects\hibernateanotaciones3\src\test\resources
2024-12-13 16:09:51,628 [Worker-42: Building] INFO  o.a.m.s.f.DefaultMavenResourcesFiltering - skip non existing resourceDirectory C:\STS\springProjects\hibernateanotaciones3\src\main\resources
2024-12-13 16:09:51,630 [Worker-42: Building] INFO  o.a.m.s.f.DefaultMavenResourcesFiltering - skip non existing resourceDirectory C:\STS\springProjects\hibernateanotaciones3\src\test\resources
2024-12-13 16:16:06,472 [Worker-45: Building] INFO  o.a.m.s.f.DefaultMavenResourcesFiltering - skip non existing resourceDirectory C:\STS\springProjects\hibernateanotaciones3\src\main\resources
2024-12-13 16:16:06,473 [Worker-45: Building] INFO  o.a.m.s.f.DefaultMavenResourcesFiltering - skip non existing resourceDirectory C:\STS\springProjects\hibernateanotaciones3\src\test\resources
2024-12-13 16:50:46,390 [Worker-51: Import Getting Started Content] INFO  o.e.m.c.i.l.LifecycleMappingFactory - Using org.eclipse.m2e.jdt.JarLifecycleMapping lifecycle mapping for MavenProject: com.jose:ejemplo1:0.0.1-SNAPSHOT @ C:\STS\springProjects\ejemplo1\pom.xml.
2024-12-13 16:50:46,929 [Worker-51: Import Getting Started Content] INFO  o.e.m.c.i.e.AbstractTransferListenerAdapter - Downloading https://repo.maven.apache.org/maven2/org/springframework/boot/spring-boot-starter-data-jpa/3.4.0/spring-boot-starter-data-jpa-3.4.0.pom
2024-12-13 16:50:46,943 [Worker-51: Import Getting Started Content] INFO  o.e.m.c.i.e.AbstractTransferListenerAdapter - Downloaded https://repo.maven.apache.org/maven2/org/springframework/boot/spring-boot-starter-data-jpa/3.4.0/spring-boot-starter-data-jpa-3.4.0.pom
2024-12-13 16:50:47,095 [Worker-51: Import Getting Started Content] INFO  o.e.m.c.i.e.AbstractTransferListenerAdapter - Downloading https://repo.maven.apache.org/maven2/org/springframework/boot/spring-boot-starter-jdbc/3.4.0/spring-boot-starter-jdbc-3.4.0.pom
2024-12-13 16:50:47,104 [Worker-51: Import Getting Started Content] INFO  o.e.m.c.i.e.AbstractTransferListenerAdapter - Downloaded https://repo.maven.apache.org/maven2/org/springframework/boot/spring-boot-starter-jdbc/3.4.0/spring-boot-starter-jdbc-3.4.0.pom
2024-12-13 16:50:47,165 [Worker-51: Import Getting Started Content] INFO  o.e.m.c.i.e.AbstractTransferListenerAdapter - Downloading https://repo.maven.apache.org/maven2/com/zaxxer/HikariCP/5.1.0/HikariCP-5.1.0.pom
2024-12-13 16:50:47,187 [Worker-51: Import Getting Started Content] INFO  o.e.m.c.i.e.AbstractTransferListenerAdapter - Downloaded https://repo.maven.apache.org/maven2/com/zaxxer/HikariCP/5.1.0/HikariCP-5.1.0.pom
2024-12-13 16:50:47,244 [Worker-51: Import Getting Started Content] INFO  o.e.m.c.i.e.AbstractTransferListenerAdapter - Downloading https://repo.maven.apache.org/maven2/org/springframework/spring-jdbc/6.2.0/spring-jdbc-6.2.0.pom
2024-12-13 16:50:47,271 [Worker-51: Import Getting Started Content] INFO  o.e.m.c.i.e.AbstractTransferListenerAdapter - Downloaded https://repo.maven.apache.org/maven2/org/springframework/spring-jdbc/6.2.0/spring-jdbc-6.2.0.pom
2024-12-13 16:50:47,368 [Worker-51: Import Getting Started Content] INFO  o.e.m.c.i.e.AbstractTransferListenerAdapter - Downloading https://repo.maven.apache.org/maven2/org/jboss/logging/jboss-logging/3.6.1.Final/jboss-logging-3.6.1.Final.pom
2024-12-13 16:50:47,412 [Worker-51: Import Getting Started Content] INFO  o.e.m.c.i.e.AbstractTransferListenerAdapter - Downloaded https://repo.maven.apache.org/maven2/org/jboss/logging/jboss-logging/3.6.1.Final/jboss-logging-3.6.1.Final.pom
2024-12-13 16:50:47,479 [Worker-51: Import Getting Started Content] INFO  o.e.m.c.i.e.AbstractTransferListenerAdapter - Downloading https://repo.maven.apache.org/maven2/org/jboss/logging/logging-parent/1.0.3.Final/logging-parent-1.0.3.Final.pom
2024-12-13 16:50:47,516 [Worker-51: Import Getting Started Content] INFO  o.e.m.c.i.e.AbstractTransferListenerAdapter - Downloaded https://repo.maven.apache.org/maven2/org/jboss/logging/logging-parent/1.0.3.Final/logging-parent-1.0.3.Final.pom
2024-12-13 16:50:47,621 [Worker-51: Import Getting Started Content] INFO  o.e.m.c.i.e.AbstractTransferListenerAdapter - Downloading https://repo.maven.apache.org/maven2/org/jboss/jboss-parent/42/jboss-parent-42.pom
2024-12-13 16:50:47,697 [Worker-51: Import Getting Started Content] INFO  o.e.m.c.i.e.AbstractTransferListenerAdapter - Downloaded https://repo.maven.apache.org/maven2/org/jboss/jboss-parent/42/jboss-parent-42.pom
2024-12-13 16:50:47,780 [Worker-51: Import Getting Started Content] INFO  o.e.m.c.i.e.AbstractTransferListenerAdapter - Downloading https://repo.maven.apache.org/maven2/com/fasterxml/classmate/1.7.0/classmate-1.7.0.pom
2024-12-13 16:50:47,788 [Worker-51: Import Getting Started Content] INFO  o.e.m.c.i.e.AbstractTransferListenerAdapter - Downloaded https://repo.maven.apache.org/maven2/com/fasterxml/classmate/1.7.0/classmate-1.7.0.pom
2024-12-13 16:50:47,868 [Worker-51: Import Getting Started Content] INFO  o.e.m.c.i.e.AbstractTransferListenerAdapter - Downloading https://repo.maven.apache.org/maven2/com/fasterxml/oss-parent/56/oss-parent-56.pom
2024-12-13 16:50:47,904 [Worker-51: Import Getting Started Content] INFO  o.e.m.c.i.e.AbstractTransferListenerAdapter - Downloaded https://repo.maven.apache.org/maven2/com/fasterxml/oss-parent/56/oss-parent-56.pom
2024-12-13 16:50:48,034 [Worker-51: Import Getting Started Content] INFO  o.e.m.c.i.e.AbstractTransferListenerAdapter - Downloading https://repo.maven.apache.org/maven2/org/glassfish/jaxb/jaxb-runtime/4.0.5/jaxb-runtime-4.0.5.pom
2024-12-13 16:50:48,440 [Worker-51: Import Getting Started Content] INFO  o.e.m.c.i.e.AbstractTransferListenerAdapter - Downloaded https://repo.maven.apache.org/maven2/org/glassfish/jaxb/jaxb-runtime/4.0.5/jaxb-runtime-4.0.5.pom
2024-12-13 16:50:48,541 [Worker-51: Import Getting Started Content] INFO  o.e.m.c.i.e.AbstractTransferListenerAdapter - Downloading https://repo.maven.apache.org/maven2/com/sun/xml/bind/mvn/jaxb-runtime-parent/4.0.5/jaxb-runtime-parent-4.0.5.pom
2024-12-13 16:50:48,558 [Worker-51: Import Getting Started Content] INFO  o.e.m.c.i.e.AbstractTransferListenerAdapter - Downloaded https://repo.maven.apache.org/maven2/com/sun/xml/bind/mvn/jaxb-runtime-parent/4.0.5/jaxb-runtime-parent-4.0.5.pom
2024-12-13 16:50:48,658 [Worker-51: Import Getting Started Content] INFO  o.e.m.c.i.e.AbstractTransferListenerAdapter - Downloading https://repo.maven.apache.org/maven2/com/sun/xml/bind/mvn/jaxb-parent/4.0.5/jaxb-parent-4.0.5.pom
2024-12-13 16:50:48,678 [Worker-51: Import Getting Started Content] INFO  o.e.m.c.i.e.AbstractTransferListenerAdapter - Downloaded https://repo.maven.apache.org/maven2/com/sun/xml/bind/mvn/jaxb-parent/4.0.5/jaxb-parent-4.0.5.pom
2024-12-13 16:50:48,772 [Worker-51: Import Getting Started Content] INFO  o.e.m.c.i.e.AbstractTransferListenerAdapter - Downloading https://repo.maven.apache.org/maven2/com/sun/xml/bind/jaxb-bom-ext/4.0.5/jaxb-bom-ext-4.0.5.pom
2024-12-13 16:50:48,788 [Worker-51: Import Getting Started Content] INFO  o.e.m.c.i.e.AbstractTransferListenerAdapter - Downloaded https://repo.maven.apache.org/maven2/com/sun/xml/bind/jaxb-bom-ext/4.0.5/jaxb-bom-ext-4.0.5.pom
2024-12-13 16:50:48,847 [Worker-51: Import Getting Started Content] INFO  o.e.m.c.i.e.AbstractTransferListenerAdapter - Downloading https://repo.maven.apache.org/maven2/org/glassfish/jaxb/jaxb-core/4.0.5/jaxb-core-4.0.5.pom
2024-12-13 16:50:48,858 [Worker-51: Import Getting Started Content] INFO  o.e.m.c.i.e.AbstractTransferListenerAdapter - Downloaded https://repo.maven.apache.org/maven2/org/glassfish/jaxb/jaxb-core/4.0.5/jaxb-core-4.0.5.pom
2024-12-13 16:50:48,925 [Worker-51: Import Getting Started Content] INFO  o.e.m.c.i.e.AbstractTransferListenerAdapter - Downloading https://repo.maven.apache.org/maven2/org/eclipse/angus/angus-activation/2.0.2/angus-activation-2.0.2.pom
2024-12-13 16:50:48,943 [Worker-51: Import Getting Started Content] INFO  o.e.m.c.i.e.AbstractTransferListenerAdapter - Downloaded https://repo.maven.apache.org/maven2/org/eclipse/angus/angus-activation/2.0.2/angus-activation-2.0.2.pom
2024-12-13 16:50:49,007 [Worker-51: Import Getting Started Content] INFO  o.e.m.c.i.e.AbstractTransferListenerAdapter - Downloading https://repo.maven.apache.org/maven2/org/eclipse/angus/angus-activation-project/2.0.2/angus-activation-project-2.0.2.pom
2024-12-13 16:50:49,029 [Worker-51: Import Getting Started Content] INFO  o.e.m.c.i.e.AbstractTransferListenerAdapter - Downloaded https://repo.maven.apache.org/maven2/org/eclipse/angus/angus-activation-project/2.0.2/angus-activation-project-2.0.2.pom
2024-12-13 16:50:49,084 [Worker-51: Import Getting Started Content] INFO  o.e.m.c.i.e.AbstractTransferListenerAdapter - Downloading https://repo.maven.apache.org/maven2/org/glassfish/jaxb/txw2/4.0.5/txw2-4.0.5.pom
2024-12-13 16:50:49,092 [Worker-51: Import Getting Started Content] INFO  o.e.m.c.i.e.AbstractTransferListenerAdapter - Downloaded https://repo.maven.apache.org/maven2/org/glassfish/jaxb/txw2/4.0.5/txw2-4.0.5.pom
2024-12-13 16:50:49,188 [Worker-51: Import Getting Started Content] INFO  o.e.m.c.i.e.AbstractTransferListenerAdapter - Downloading https://repo.maven.apache.org/maven2/com/sun/xml/bind/mvn/jaxb-txw-parent/4.0.5/jaxb-txw-parent-4.0.5.pom
2024-12-13 16:50:49,196 [Worker-51: Import Getting Started Content] INFO  o.e.m.c.i.e.AbstractTransferListenerAdapter - Downloaded https://repo.maven.apache.org/maven2/com/sun/xml/bind/mvn/jaxb-txw-parent/4.0.5/jaxb-txw-parent-4.0.5.pom
2024-12-13 16:50:49,296 [Worker-51: Import Getting Started Content] INFO  o.e.m.c.i.e.AbstractTransferListenerAdapter - Downloading https://repo.maven.apache.org/maven2/com/sun/istack/istack-commons-runtime/4.1.2/istack-commons-runtime-4.1.2.pom
2024-12-13 16:50:49,311 [Worker-51: Import Getting Started Content] INFO  o.e.m.c.i.e.AbstractTransferListenerAdapter - Downloaded https://repo.maven.apache.org/maven2/com/sun/istack/istack-commons-runtime/4.1.2/istack-commons-runtime-4.1.2.pom
2024-12-13 16:50:49,373 [Worker-51: Import Getting Started Content] INFO  o.e.m.c.i.e.AbstractTransferListenerAdapter - Downloading https://repo.maven.apache.org/maven2/com/sun/istack/istack-commons/4.1.2/istack-commons-4.1.2.pom
2024-12-13 16:50:49,396 [Worker-51: Import Getting Started Content] INFO  o.e.m.c.i.e.AbstractTransferListenerAdapter - Downloaded https://repo.maven.apache.org/maven2/com/sun/istack/istack-commons/4.1.2/istack-commons-4.1.2.pom
2024-12-13 16:50:49,523 [Worker-51: Import Getting Started Content] INFO  o.e.m.c.i.e.AbstractTransferListenerAdapter - Downloading https://repo.maven.apache.org/maven2/org/springframework/data/spring-data-jpa/3.4.0/spring-data-jpa-3.4.0.pom
2024-12-13 16:50:49,539 [Worker-51: Import Getting Started Content] INFO  o.e.m.c.i.e.AbstractTransferListenerAdapter - Downloaded https://repo.maven.apache.org/maven2/org/springframework/data/spring-data-jpa/3.4.0/spring-data-jpa-3.4.0.pom
2024-12-13 16:50:49,608 [Worker-51: Import Getting Started Content] INFO  o.e.m.c.i.e.AbstractTransferListenerAdapter - Downloading https://repo.maven.apache.org/maven2/org/springframework/data/spring-data-jpa-parent/3.4.0/spring-data-jpa-parent-3.4.0.pom
2024-12-13 16:50:49,627 [Worker-51: Import Getting Started Content] INFO  o.e.m.c.i.e.AbstractTransferListenerAdapter - Downloaded https://repo.maven.apache.org/maven2/org/springframework/data/spring-data-jpa-parent/3.4.0/spring-data-jpa-parent-3.4.0.pom
2024-12-13 16:50:49,749 [Worker-51: Import Getting Started Content] INFO  o.e.m.c.i.e.AbstractTransferListenerAdapter - Downloading https://repo.maven.apache.org/maven2/org/testcontainers/testcontainers-bom/1.20.3/testcontainers-bom-1.20.3.pom
2024-12-13 16:50:49,762 [Worker-51: Import Getting Started Content] INFO  o.e.m.c.i.e.AbstractTransferListenerAdapter - Downloaded https://repo.maven.apache.org/maven2/org/testcontainers/testcontainers-bom/1.20.3/testcontainers-bom-1.20.3.pom
2024-12-13 16:50:49,867 [Worker-51: Import Getting Started Content] INFO  o.e.m.c.i.e.AbstractTransferListenerAdapter - Downloading https://repo.maven.apache.org/maven2/org/springframework/spring-orm/6.2.0/spring-orm-6.2.0.pom
2024-12-13 16:50:49,882 [Worker-51: Import Getting Started Content] INFO  o.e.m.c.i.e.AbstractTransferListenerAdapter - Downloaded https://repo.maven.apache.org/maven2/org/springframework/spring-orm/6.2.0/spring-orm-6.2.0.pom
2024-12-13 16:50:49,960 [Worker-51: Import Getting Started Content] INFO  o.e.m.c.i.e.AbstractTransferListenerAdapter - Downloading https://repo.maven.apache.org/maven2/org/springframework/spring-aspects/6.2.0/spring-aspects-6.2.0.pom
2024-12-13 16:50:49,980 [Worker-51: Import Getting Started Content] INFO  o.e.m.c.i.e.AbstractTransferListenerAdapter - Downloaded https://repo.maven.apache.org/maven2/org/springframework/spring-aspects/6.2.0/spring-aspects-6.2.0.pom
2024-12-13 16:50:50,040 [Worker-51: Import Getting Started Content] INFO  o.e.m.c.i.e.AbstractTransferListenerAdapter - Downloading https://repo.maven.apache.org/maven2/org/aspectj/aspectjweaver/1.9.22.1/aspectjweaver-1.9.22.1.pom
2024-12-13 16:50:50,052 [Worker-51: Import Getting Started Content] INFO  o.e.m.c.i.e.AbstractTransferListenerAdapter - Downloaded https://repo.maven.apache.org/maven2/org/aspectj/aspectjweaver/1.9.22.1/aspectjweaver-1.9.22.1.pom
2024-12-13 16:50:50,121 [Worker-51: Import Getting Started Content] INFO  o.e.m.c.i.e.AbstractTransferListenerAdapter - Downloading https://repo.maven.apache.org/maven2/org/springframework/boot/spring-boot-starter-thymeleaf/3.4.0/spring-boot-starter-thymeleaf-3.4.0.pom
2024-12-13 16:50:50,131 [Worker-51: Import Getting Started Content] INFO  o.e.m.c.i.e.AbstractTransferListenerAdapter - Downloaded https://repo.maven.apache.org/maven2/org/springframework/boot/spring-boot-starter-thymeleaf/3.4.0/spring-boot-starter-thymeleaf-3.4.0.pom
2024-12-13 16:50:50,205 [Worker-51: Import Getting Started Content] INFO  o.e.m.c.i.e.AbstractTransferListenerAdapter - Downloading https://repo.maven.apache.org/maven2/org/thymeleaf/thymeleaf-spring6/3.1.2.RELEASE/thymeleaf-spring6-3.1.2.RELEASE.pom
2024-12-13 16:50:50,226 [Worker-51: Import Getting Started Content] INFO  o.e.m.c.i.e.AbstractTransferListenerAdapter - Downloaded https://repo.maven.apache.org/maven2/org/thymeleaf/thymeleaf-spring6/3.1.2.RELEASE/thymeleaf-spring6-3.1.2.RELEASE.pom
2024-12-13 16:50:50,280 [Worker-51: Import Getting Started Content] INFO  o.e.m.c.i.e.AbstractTransferListenerAdapter - Downloading https://repo.maven.apache.org/maven2/org/thymeleaf/thymeleaf-lib/3.1.2.RELEASE/thymeleaf-lib-3.1.2.RELEASE.pom
2024-12-13 16:50:50,307 [Worker-51: Import Getting Started Content] INFO  o.e.m.c.i.e.AbstractTransferListenerAdapter - Downloaded https://repo.maven.apache.org/maven2/org/thymeleaf/thymeleaf-lib/3.1.2.RELEASE/thymeleaf-lib-3.1.2.RELEASE.pom
2024-12-13 16:50:50,359 [Worker-51: Import Getting Started Content] INFO  o.e.m.c.i.e.AbstractTransferListenerAdapter - Downloading https://repo.maven.apache.org/maven2/org/thymeleaf/thymeleaf-parent/3.1.2.RELEASE/thymeleaf-parent-3.1.2.RELEASE.pom
2024-12-13 16:50:50,367 [Worker-51: Import Getting Started Content] INFO  o.e.m.c.i.e.AbstractTransferListenerAdapter - Downloaded https://repo.maven.apache.org/maven2/org/thymeleaf/thymeleaf-parent/3.1.2.RELEASE/thymeleaf-parent-3.1.2.RELEASE.pom
2024-12-13 16:50:50,441 [Worker-51: Import Getting Started Content] INFO  o.e.m.c.i.e.AbstractTransferListenerAdapter - Downloading https://repo.maven.apache.org/maven2/org/springframework/spring-framework-bom/6.0.11/spring-framework-bom-6.0.11.pom
2024-12-13 16:50:50,446 [Worker-51: Import Getting Started Content] INFO  o.e.m.c.i.e.AbstractTransferListenerAdapter - Downloaded https://repo.maven.apache.org/maven2/org/springframework/spring-framework-bom/6.0.11/spring-framework-bom-6.0.11.pom
2024-12-13 16:50:50,520 [Worker-51: Import Getting Started Content] INFO  o.e.m.c.i.e.AbstractTransferListenerAdapter - Downloading https://repo.maven.apache.org/maven2/com/fasterxml/jackson/jackson-bom/2.15.2/jackson-bom-2.15.2.pom
2024-12-13 16:50:50,531 [Worker-51: Import Getting Started Content] INFO  o.e.m.c.i.e.AbstractTransferListenerAdapter - Downloaded https://repo.maven.apache.org/maven2/com/fasterxml/jackson/jackson-bom/2.15.2/jackson-bom-2.15.2.pom
2024-12-13 16:50:50,601 [Worker-51: Import Getting Started Content] INFO  o.e.m.c.i.e.AbstractTransferListenerAdapter - Downloading https://repo.maven.apache.org/maven2/com/fasterxml/jackson/jackson-parent/2.15/jackson-parent-2.15.pom
2024-12-13 16:50:50,613 [Worker-51: Import Getting Started Content] INFO  o.e.m.c.i.e.AbstractTransferListenerAdapter - Downloaded https://repo.maven.apache.org/maven2/com/fasterxml/jackson/jackson-parent/2.15/jackson-parent-2.15.pom
2024-12-13 16:50:50,687 [Worker-51: Import Getting Started Content] INFO  o.e.m.c.i.e.AbstractTransferListenerAdapter - Downloading https://repo.maven.apache.org/maven2/com/fasterxml/oss-parent/50/oss-parent-50.pom
2024-12-13 16:50:50,705 [Worker-51: Import Getting Started Content] INFO  o.e.m.c.i.e.AbstractTransferListenerAdapter - Downloaded https://repo.maven.apache.org/maven2/com/fasterxml/oss-parent/50/oss-parent-50.pom
2024-12-13 16:50:50,777 [Worker-51: Import Getting Started Content] INFO  o.e.m.c.i.e.AbstractTransferListenerAdapter - Downloading https://repo.maven.apache.org/maven2/io/projectreactor/reactor-bom/2022.0.9/reactor-bom-2022.0.9.pom
2024-12-13 16:50:50,791 [Worker-51: Import Getting Started Content] INFO  o.e.m.c.i.e.AbstractTransferListenerAdapter - Downloaded https://repo.maven.apache.org/maven2/io/projectreactor/reactor-bom/2022.0.9/reactor-bom-2022.0.9.pom
2024-12-13 16:50:50,881 [Worker-51: Import Getting Started Content] INFO  o.e.m.c.i.e.AbstractTransferListenerAdapter - Downloading https://repo.maven.apache.org/maven2/org/apache/logging/log4j/log4j-bom/2.20.0/log4j-bom-2.20.0.pom
2024-12-13 16:50:50,894 [Worker-51: Import Getting Started Content] INFO  o.e.m.c.i.e.AbstractTransferListenerAdapter - Downloaded https://repo.maven.apache.org/maven2/org/apache/logging/log4j/log4j-bom/2.20.0/log4j-bom-2.20.0.pom
2024-12-13 16:50:50,941 [Worker-51: Import Getting Started Content] INFO  o.e.m.c.i.e.AbstractTransferListenerAdapter - Downloading https://repo.maven.apache.org/maven2/org/apache/logging/logging-parent/7/logging-parent-7.pom
2024-12-13 16:50:50,956 [Worker-51: Import Getting Started Content] INFO  o.e.m.c.i.e.AbstractTransferListenerAdapter - Downloaded https://repo.maven.apache.org/maven2/org/apache/logging/logging-parent/7/logging-parent-7.pom
2024-12-13 16:50:51,039 [Worker-51: Import Getting Started Content] INFO  o.e.m.c.i.e.AbstractTransferListenerAdapter - Downloading https://repo.maven.apache.org/maven2/org/thymeleaf/thymeleaf/3.1.2.RELEASE/thymeleaf-3.1.2.RELEASE.pom
2024-12-13 16:50:51,049 [Worker-51: Import Getting Started Content] INFO  o.e.m.c.i.e.AbstractTransferListenerAdapter - Downloaded https://repo.maven.apache.org/maven2/org/thymeleaf/thymeleaf/3.1.2.RELEASE/thymeleaf-3.1.2.RELEASE.pom
2024-12-13 16:50:51,121 [Worker-51: Import Getting Started Content] INFO  o.e.m.c.i.e.AbstractTransferListenerAdapter - Downloading https://repo.maven.apache.org/maven2/org/attoparser/attoparser/2.0.7.RELEASE/attoparser-2.0.7.RELEASE.pom
2024-12-13 16:50:51,145 [Worker-51: Import Getting Started Content] INFO  o.e.m.c.i.e.AbstractTransferListenerAdapter - Downloaded https://repo.maven.apache.org/maven2/org/attoparser/attoparser/2.0.7.RELEASE/attoparser-2.0.7.RELEASE.pom
2024-12-13 16:50:51,209 [Worker-51: Import Getting Started Content] INFO  o.e.m.c.i.e.AbstractTransferListenerAdapter - Downloading https://repo.maven.apache.org/maven2/org/unbescape/unbescape/1.1.6.RELEASE/unbescape-1.1.6.RELEASE.pom
2024-12-13 16:50:51,230 [Worker-51: Import Getting Started Content] INFO  o.e.m.c.i.e.AbstractTransferListenerAdapter - Downloaded https://repo.maven.apache.org/maven2/org/unbescape/unbescape/1.1.6.RELEASE/unbescape-1.1.6.RELEASE.pom
2024-12-13 16:50:51,467 [Worker-51: Import Getting Started Content] INFO  o.e.m.c.i.e.AbstractTransferListenerAdapter - Downloading https://repo.maven.apache.org/maven2/org/springframework/boot/spring-boot-starter-data-jpa/3.4.0/spring-boot-starter-data-jpa-3.4.0.jar
2024-12-13 16:50:51,479 [Worker-51: Import Getting Started Content] INFO  o.e.m.c.i.e.AbstractTransferListenerAdapter - Downloaded https://repo.maven.apache.org/maven2/org/springframework/boot/spring-boot-starter-data-jpa/3.4.0/spring-boot-starter-data-jpa-3.4.0.jar
2024-12-13 16:50:51,556 [BasicRepositoryConnector-repo.maven.apache.org-0-3] INFO  o.e.m.c.i.e.AbstractTransferListenerAdapter - Downloading https://repo.maven.apache.org/maven2/org/jboss/logging/jboss-logging/3.6.1.Final/jboss-logging-3.6.1.Final.jar
2024-12-13 16:50:51,581 [BasicRepositoryConnector-repo.maven.apache.org-0-3] INFO  o.e.m.c.i.e.AbstractTransferListenerAdapter - Downloaded https://repo.maven.apache.org/maven2/org/jboss/logging/jboss-logging/3.6.1.Final/jboss-logging-3.6.1.Final.jar
2024-12-13 16:50:51,644 [BasicRepositoryConnector-repo.maven.apache.org-0-3] INFO  o.e.m.c.i.e.AbstractTransferListenerAdapter - Downloading https://repo.maven.apache.org/maven2/org/glassfish/jaxb/jaxb-runtime/4.0.5/jaxb-runtime-4.0.5.jar
2024-12-13 16:50:51,736 [BasicRepositoryConnector-repo.maven.apache.org-0-4] INFO  o.e.m.c.i.e.AbstractTransferListenerAdapter - Downloading https://repo.maven.apache.org/maven2/com/fasterxml/classmate/1.7.0/classmate-1.7.0.jar
2024-12-13 16:50:51,739 [BasicRepositoryConnector-repo.maven.apache.org-0-2] INFO  o.e.m.c.i.e.AbstractTransferListenerAdapter - Downloading https://repo.maven.apache.org/maven2/org/springframework/spring-jdbc/6.2.0/spring-jdbc-6.2.0.jar
2024-12-13 16:50:51,739 [BasicRepositoryConnector-repo.maven.apache.org-0-0] INFO  o.e.m.c.i.e.AbstractTransferListenerAdapter - Downloading https://repo.maven.apache.org/maven2/org/springframework/boot/spring-boot-starter-jdbc/3.4.0/spring-boot-starter-jdbc-3.4.0.jar
2024-12-13 16:50:51,742 [BasicRepositoryConnector-repo.maven.apache.org-0-1] INFO  o.e.m.c.i.e.AbstractTransferListenerAdapter - Downloading https://repo.maven.apache.org/maven2/com/zaxxer/HikariCP/5.1.0/HikariCP-5.1.0.jar
2024-12-13 16:50:51,747 [BasicRepositoryConnector-repo.maven.apache.org-0-0] INFO  o.e.m.c.i.e.AbstractTransferListenerAdapter - Downloaded https://repo.maven.apache.org/maven2/org/springframework/boot/spring-boot-starter-jdbc/3.4.0/spring-boot-starter-jdbc-3.4.0.jar
2024-12-13 16:50:51,845 [BasicRepositoryConnector-repo.maven.apache.org-0-4] INFO  o.e.m.c.i.e.AbstractTransferListenerAdapter - Downloaded https://repo.maven.apache.org/maven2/com/fasterxml/classmate/1.7.0/classmate-1.7.0.jar
2024-12-13 16:50:51,887 [BasicRepositoryConnector-repo.maven.apache.org-0-0] INFO  o.e.m.c.i.e.AbstractTransferListenerAdapter - Downloading https://repo.maven.apache.org/maven2/org/glassfish/jaxb/jaxb-core/4.0.5/jaxb-core-4.0.5.jar
2024-12-13 16:50:51,888 [BasicRepositoryConnector-repo.maven.apache.org-0-3] INFO  o.e.m.c.i.e.AbstractTransferListenerAdapter - Downloaded https://repo.maven.apache.org/maven2/org/glassfish/jaxb/jaxb-runtime/4.0.5/jaxb-runtime-4.0.5.jar
2024-12-13 16:50:51,936 [BasicRepositoryConnector-repo.maven.apache.org-0-4] INFO  o.e.m.c.i.e.AbstractTransferListenerAdapter - Downloading https://repo.maven.apache.org/maven2/org/eclipse/angus/angus-activation/2.0.2/angus-activation-2.0.2.jar
2024-12-13 16:50:51,939 [BasicRepositoryConnector-repo.maven.apache.org-0-1] INFO  o.e.m.c.i.e.AbstractTransferListenerAdapter - Downloaded https://repo.maven.apache.org/maven2/com/zaxxer/HikariCP/5.1.0/HikariCP-5.1.0.jar
2024-12-13 16:50:51,957 [BasicRepositoryConnector-repo.maven.apache.org-0-4] INFO  o.e.m.c.i.e.AbstractTransferListenerAdapter - Downloaded https://repo.maven.apache.org/maven2/org/eclipse/angus/angus-activation/2.0.2/angus-activation-2.0.2.jar
2024-12-13 16:50:51,962 [BasicRepositoryConnector-repo.maven.apache.org-0-3] INFO  o.e.m.c.i.e.AbstractTransferListenerAdapter - Downloading https://repo.maven.apache.org/maven2/org/glassfish/jaxb/txw2/4.0.5/txw2-4.0.5.jar
2024-12-13 16:50:51,967 [BasicRepositoryConnector-repo.maven.apache.org-0-3] INFO  o.e.m.c.i.e.AbstractTransferListenerAdapter - Downloaded https://repo.maven.apache.org/maven2/org/glassfish/jaxb/txw2/4.0.5/txw2-4.0.5.jar
2024-12-13 16:50:52,014 [BasicRepositoryConnector-repo.maven.apache.org-0-1] INFO  o.e.m.c.i.e.AbstractTransferListenerAdapter - Downloading https://repo.maven.apache.org/maven2/com/sun/istack/istack-commons-runtime/4.1.2/istack-commons-runtime-4.1.2.jar
2024-12-13 16:50:52,031 [BasicRepositoryConnector-repo.maven.apache.org-0-0] INFO  o.e.m.c.i.e.AbstractTransferListenerAdapter - Downloaded https://repo.maven.apache.org/maven2/org/glassfish/jaxb/jaxb-core/4.0.5/jaxb-core-4.0.5.jar
2024-12-13 16:50:52,034 [BasicRepositoryConnector-repo.maven.apache.org-0-4] INFO  o.e.m.c.i.e.AbstractTransferListenerAdapter - Downloading https://repo.maven.apache.org/maven2/org/springframework/data/spring-data-jpa/3.4.0/spring-data-jpa-3.4.0.jar
2024-12-13 16:50:52,035 [BasicRepositoryConnector-repo.maven.apache.org-0-3] INFO  o.e.m.c.i.e.AbstractTransferListenerAdapter - Downloading https://repo.maven.apache.org/maven2/org/springframework/spring-orm/6.2.0/spring-orm-6.2.0.jar
2024-12-13 16:50:52,036 [BasicRepositoryConnector-repo.maven.apache.org-0-1] INFO  o.e.m.c.i.e.AbstractTransferListenerAdapter - Downloaded https://repo.maven.apache.org/maven2/com/sun/istack/istack-commons-runtime/4.1.2/istack-commons-runtime-4.1.2.jar
2024-12-13 16:50:52,037 [BasicRepositoryConnector-repo.maven.apache.org-0-2] INFO  o.e.m.c.i.e.AbstractTransferListenerAdapter - Downloaded https://repo.maven.apache.org/maven2/org/springframework/spring-jdbc/6.2.0/spring-jdbc-6.2.0.jar
2024-12-13 16:50:52,053 [BasicRepositoryConnector-repo.maven.apache.org-0-3] INFO  o.e.m.c.i.e.AbstractTransferListenerAdapter - Downloaded https://repo.maven.apache.org/maven2/org/springframework/spring-orm/6.2.0/spring-orm-6.2.0.jar
2024-12-13 16:50:52,096 [BasicRepositoryConnector-repo.maven.apache.org-0-0] INFO  o.e.m.c.i.e.AbstractTransferListenerAdapter - Downloading https://repo.maven.apache.org/maven2/org/springframework/spring-aspects/6.2.0/spring-aspects-6.2.0.jar
2024-12-13 16:50:52,110 [BasicRepositoryConnector-repo.maven.apache.org-0-2] INFO  o.e.m.c.i.e.AbstractTransferListenerAdapter - Downloading https://repo.maven.apache.org/maven2/org/springframework/boot/spring-boot-starter-thymeleaf/3.4.0/spring-boot-starter-thymeleaf-3.4.0.jar
2024-12-13 16:50:52,113 [BasicRepositoryConnector-repo.maven.apache.org-0-3] INFO  o.e.m.c.i.e.AbstractTransferListenerAdapter - Downloading https://repo.maven.apache.org/maven2/org/thymeleaf/thymeleaf-spring6/3.1.2.RELEASE/thymeleaf-spring6-3.1.2.RELEASE.jar
2024-12-13 16:50:52,117 [BasicRepositoryConnector-repo.maven.apache.org-0-1] INFO  o.e.m.c.i.e.AbstractTransferListenerAdapter - Downloading https://repo.maven.apache.org/maven2/org/aspectj/aspectjweaver/1.9.22.1/aspectjweaver-1.9.22.1.jar
2024-12-13 16:50:52,129 [BasicRepositoryConnector-repo.maven.apache.org-0-0] INFO  o.e.m.c.i.e.AbstractTransferListenerAdapter - Downloaded https://repo.maven.apache.org/maven2/org/springframework/spring-aspects/6.2.0/spring-aspects-6.2.0.jar
2024-12-13 16:50:52,136 [BasicRepositoryConnector-repo.maven.apache.org-0-2] INFO  o.e.m.c.i.e.AbstractTransferListenerAdapter - Downloaded https://repo.maven.apache.org/maven2/org/springframework/boot/spring-boot-starter-thymeleaf/3.4.0/spring-boot-starter-thymeleaf-3.4.0.jar
2024-12-13 16:50:52,169 [BasicRepositoryConnector-repo.maven.apache.org-0-3] INFO  o.e.m.c.i.e.AbstractTransferListenerAdapter - Downloaded https://repo.maven.apache.org/maven2/org/thymeleaf/thymeleaf-spring6/3.1.2.RELEASE/thymeleaf-spring6-3.1.2.RELEASE.jar
2024-12-13 16:50:52,278 [BasicRepositoryConnector-repo.maven.apache.org-0-0] INFO  o.e.m.c.i.e.AbstractTransferListenerAdapter - Downloading https://repo.maven.apache.org/maven2/org/thymeleaf/thymeleaf/3.1.2.RELEASE/thymeleaf-3.1.2.RELEASE.jar
2024-12-13 16:50:52,353 [BasicRepositoryConnector-repo.maven.apache.org-0-2] INFO  o.e.m.c.i.e.AbstractTransferListenerAdapter - Downloading https://repo.maven.apache.org/maven2/org/attoparser/attoparser/2.0.7.RELEASE/attoparser-2.0.7.RELEASE.jar
2024-12-13 16:50:52,361 [BasicRepositoryConnector-repo.maven.apache.org-0-3] INFO  o.e.m.c.i.e.AbstractTransferListenerAdapter - Downloading https://repo.maven.apache.org/maven2/org/unbescape/unbescape/1.1.6.RELEASE/unbescape-1.1.6.RELEASE.jar
2024-12-13 16:50:52,586 [BasicRepositoryConnector-repo.maven.apache.org-0-3] INFO  o.e.m.c.i.e.AbstractTransferListenerAdapter - Downloaded https://repo.maven.apache.org/maven2/org/unbescape/unbescape/1.1.6.RELEASE/unbescape-1.1.6.RELEASE.jar
2024-12-13 16:50:53,062 [BasicRepositoryConnector-repo.maven.apache.org-0-2] INFO  o.e.m.c.i.e.AbstractTransferListenerAdapter - Downloaded https://repo.maven.apache.org/maven2/org/attoparser/attoparser/2.0.7.RELEASE/attoparser-2.0.7.RELEASE.jar
2024-12-13 16:50:53,211 [BasicRepositoryConnector-repo.maven.apache.org-0-1] INFO  o.e.m.c.i.e.AbstractTransferListenerAdapter - Downloaded https://repo.maven.apache.org/maven2/org/aspectj/aspectjweaver/1.9.22.1/aspectjweaver-1.9.22.1.jar
2024-12-13 16:50:53,480 [BasicRepositoryConnector-repo.maven.apache.org-0-4] INFO  o.e.m.c.i.e.AbstractTransferListenerAdapter - Downloaded https://repo.maven.apache.org/maven2/org/springframework/data/spring-data-jpa/3.4.0/spring-data-jpa-3.4.0.jar
2024-12-13 16:50:53,482 [BasicRepositoryConnector-repo.maven.apache.org-0-0] INFO  o.e.m.c.i.e.AbstractTransferListenerAdapter - Downloaded https://repo.maven.apache.org/maven2/org/thymeleaf/thymeleaf/3.1.2.RELEASE/thymeleaf-3.1.2.RELEASE.jar
2024-12-13 16:50:53,824 [Worker-51: Import Getting Started Content] INFO  o.e.m.j.i.AbstractJavaProjectConfigurator - Adding source folder /ejemplo1/src/main/java
2024-12-13 16:50:53,825 [Worker-51: Import Getting Started Content] INFO  o.e.m.j.i.AbstractJavaProjectConfigurator - Adding resource folder /ejemplo1/src/main/resources
2024-12-13 16:50:53,828 [Worker-51: Import Getting Started Content] INFO  o.e.m.j.i.AbstractJavaProjectConfigurator - Adding resource folder /ejemplo1/src/main/resources
2024-12-13 16:50:53,830 [Worker-51: Import Getting Started Content] INFO  o.e.m.j.i.AbstractJavaProjectConfigurator - Adding source folder /ejemplo1/src/test/java
2024-12-13 16:50:53,830 [Worker-51: Import Getting Started Content] INFO  o.e.m.j.i.AbstractJavaProjectConfigurator - Adding resource folder /ejemplo1/src/test/resources
2024-12-13 16:50:54,870 [Worker-51: Import Getting Started Content] INFO  o.e.m.c.i.p.ProjectConfigurationManager - Imported and configured 1 project(s) in 9 sec
2024-12-13 16:50:54,872 [Worker-51: Import Getting Started Content] INFO  o.e.m.c.i.p.ProjectConfigurationManager - Update started
2024-12-13 16:50:54,969 [Worker-56: Download sources and javadoc] INFO  o.e.m.c.i.e.AbstractTransferListenerAdapter - Downloading https://repo.maven.apache.org/maven2/org/springframework/boot/spring-boot-starter-data-jpa/3.4.0/spring-boot-starter-data-jpa-3.4.0-sources.jar
2024-12-13 16:50:54,972 [Worker-56: Download sources and javadoc] INFO  o.e.m.c.i.e.AbstractTransferListenerAdapter - Downloaded https://repo.maven.apache.org/maven2/org/springframework/boot/spring-boot-starter-data-jpa/3.4.0/spring-boot-starter-data-jpa-3.4.0-sources.jar
2024-12-13 16:50:54,977 [Worker-56: Download sources and javadoc] INFO  o.e.m.j.internal.DownloadSourcesJob - Downloaded sources for org.springframework.boot:spring-boot-starter-data-jpa:3.4.0
2024-12-13 16:50:55,485 [Worker-51: Import Getting Started Content] INFO  o.e.m.c.i.l.LifecycleMappingFactory - Using org.eclipse.m2e.jdt.JarLifecycleMapping lifecycle mapping for MavenProject: com.jose:ejemplo1:0.0.1-SNAPSHOT @ C:\STS\springProjects\ejemplo1\pom.xml.
2024-12-13 16:50:55,681 [Worker-56: Download sources and javadoc] INFO  o.e.m.c.i.e.AbstractTransferListenerAdapter - Downloading https://repo.maven.apache.org/maven2/org/springframework/boot/spring-boot-starter/3.4.0/spring-boot-starter-3.4.0-sources.jar
2024-12-13 16:50:55,692 [Worker-56: Download sources and javadoc] INFO  o.e.m.c.i.e.AbstractTransferListenerAdapter - Downloaded https://repo.maven.apache.org/maven2/org/springframework/boot/spring-boot-starter/3.4.0/spring-boot-starter-3.4.0-sources.jar
2024-12-13 16:50:55,696 [Worker-56: Download sources and javadoc] INFO  o.e.m.j.internal.DownloadSourcesJob - Downloaded sources for org.springframework.boot:spring-boot-starter:3.4.0
2024-12-13 16:50:55,918 [Worker-56: Download sources and javadoc] INFO  o.e.m.c.i.e.AbstractTransferListenerAdapter - Downloading https://repo.maven.apache.org/maven2/org/springframework/boot/spring-boot-starter-logging/3.4.0/spring-boot-starter-logging-3.4.0-sources.jar
2024-12-13 16:50:55,933 [Worker-56: Download sources and javadoc] INFO  o.e.m.c.i.e.AbstractTransferListenerAdapter - Downloaded https://repo.maven.apache.org/maven2/org/springframework/boot/spring-boot-starter-logging/3.4.0/spring-boot-starter-logging-3.4.0-sources.jar
2024-12-13 16:50:55,935 [Worker-56: Download sources and javadoc] INFO  o.e.m.j.internal.DownloadSourcesJob - Downloaded sources for org.springframework.boot:spring-boot-starter-logging:3.4.0
2024-12-13 16:50:56,185 [Worker-56: Download sources and javadoc] INFO  o.e.m.c.i.e.AbstractTransferListenerAdapter - Downloading https://repo.maven.apache.org/maven2/ch/qos/logback/logback-classic/1.5.12/logback-classic-1.5.12-sources.jar
2024-12-13 16:50:56,301 [Worker-51: Import Getting Started Content] INFO  o.e.m.j.i.AbstractJavaProjectConfigurator - Adding source folder /ejemplo1/src/main/java
2024-12-13 16:50:56,302 [Worker-51: Import Getting Started Content] INFO  o.e.m.j.i.AbstractJavaProjectConfigurator - Adding resource folder /ejemplo1/src/main/resources
2024-12-13 16:50:56,302 [Worker-51: Import Getting Started Content] INFO  o.e.m.j.i.AbstractJavaProjectConfigurator - Adding resource folder /ejemplo1/src/main/resources
2024-12-13 16:50:56,302 [Worker-51: Import Getting Started Content] INFO  o.e.m.j.i.AbstractJavaProjectConfigurator - Adding source folder /ejemplo1/src/test/java
2024-12-13 16:50:56,303 [Worker-51: Import Getting Started Content] INFO  o.e.m.j.i.AbstractJavaProjectConfigurator - Adding resource folder /ejemplo1/src/test/resources
2024-12-13 16:50:56,481 [Worker-56: Download sources and javadoc] INFO  o.e.m.c.i.e.AbstractTransferListenerAdapter - Downloaded https://repo.maven.apache.org/maven2/ch/qos/logback/logback-classic/1.5.12/logback-classic-1.5.12-sources.jar
2024-12-13 16:50:56,484 [Worker-56: Download sources and javadoc] INFO  o.e.m.j.internal.DownloadSourcesJob - Downloaded sources for ch.qos.logback:logback-classic:1.5.12
2024-12-13 16:50:56,721 [Worker-56: Download sources and javadoc] INFO  o.e.m.c.i.e.AbstractTransferListenerAdapter - Downloading https://repo.maven.apache.org/maven2/ch/qos/logback/logback-core/1.5.12/logback-core-1.5.12-sources.jar
2024-12-13 16:50:56,955 [Worker-51: Import Getting Started Content] INFO  o.e.m.c.i.p.ProjectConfigurationManager - Update completed for 1 poms: local refresh takes 0,00 sec, refresh facades takes 1,00 sec, update config takes 0,00 sec 
2024-12-13 16:50:57,142 [Worker-56: Download sources and javadoc] INFO  o.e.m.c.i.e.AbstractTransferListenerAdapter - Downloaded https://repo.maven.apache.org/maven2/ch/qos/logback/logback-core/1.5.12/logback-core-1.5.12-sources.jar
2024-12-13 16:50:57,143 [Worker-56: Download sources and javadoc] INFO  o.e.m.j.internal.DownloadSourcesJob - Downloaded sources for ch.qos.logback:logback-core:1.5.12
2024-12-13 16:50:57,361 [Worker-56: Download sources and javadoc] INFO  o.e.m.c.i.e.AbstractTransferListenerAdapter - Downloading https://repo.maven.apache.org/maven2/org/apache/logging/log4j/log4j-to-slf4j/2.24.1/log4j-to-slf4j-2.24.1-sources.jar
2024-12-13 16:50:57,370 [Worker-56: Download sources and javadoc] INFO  o.e.m.c.i.e.AbstractTransferListenerAdapter - Downloaded https://repo.maven.apache.org/maven2/org/apache/logging/log4j/log4j-to-slf4j/2.24.1/log4j-to-slf4j-2.24.1-sources.jar
2024-12-13 16:50:57,372 [Worker-56: Download sources and javadoc] INFO  o.e.m.j.internal.DownloadSourcesJob - Downloaded sources for org.apache.logging.log4j:log4j-to-slf4j:2.24.1
2024-12-13 16:50:57,595 [Worker-56: Download sources and javadoc] INFO  o.e.m.c.i.e.AbstractTransferListenerAdapter - Downloading https://repo.maven.apache.org/maven2/org/apache/logging/log4j/log4j-api/2.24.1/log4j-api-2.24.1-sources.jar
2024-12-13 16:50:58,354 [Worker-56: Download sources and javadoc] INFO  o.e.m.c.i.e.AbstractTransferListenerAdapter - Downloaded https://repo.maven.apache.org/maven2/org/apache/logging/log4j/log4j-api/2.24.1/log4j-api-2.24.1-sources.jar
2024-12-13 16:50:58,358 [Worker-56: Download sources and javadoc] INFO  o.e.m.j.internal.DownloadSourcesJob - Downloaded sources for org.apache.logging.log4j:log4j-api:2.24.1
2024-12-13 16:50:58,602 [Worker-56: Download sources and javadoc] INFO  o.e.m.c.i.e.AbstractTransferListenerAdapter - Downloading https://repo.maven.apache.org/maven2/org/slf4j/jul-to-slf4j/2.0.16/jul-to-slf4j-2.0.16-sources.jar
2024-12-13 16:50:58,615 [Worker-56: Download sources and javadoc] INFO  o.e.m.c.i.e.AbstractTransferListenerAdapter - Downloaded https://repo.maven.apache.org/maven2/org/slf4j/jul-to-slf4j/2.0.16/jul-to-slf4j-2.0.16-sources.jar
2024-12-13 16:50:58,617 [Worker-56: Download sources and javadoc] INFO  o.e.m.j.internal.DownloadSourcesJob - Downloaded sources for org.slf4j:jul-to-slf4j:2.0.16
2024-12-13 16:50:58,840 [Worker-56: Download sources and javadoc] INFO  o.e.m.c.i.e.AbstractTransferListenerAdapter - Downloading https://repo.maven.apache.org/maven2/jakarta/annotation/jakarta.annotation-api/2.1.1/jakarta.annotation-api-2.1.1-sources.jar
2024-12-13 16:50:58,876 [Worker-56: Download sources and javadoc] INFO  o.e.m.c.i.e.AbstractTransferListenerAdapter - Downloaded https://repo.maven.apache.org/maven2/jakarta/annotation/jakarta.annotation-api/2.1.1/jakarta.annotation-api-2.1.1-sources.jar
2024-12-13 16:50:58,879 [Worker-56: Download sources and javadoc] INFO  o.e.m.j.internal.DownloadSourcesJob - Downloaded sources for jakarta.annotation:jakarta.annotation-api:2.1.1
2024-12-13 16:50:59,141 [Worker-56: Download sources and javadoc] INFO  o.e.m.c.i.e.AbstractTransferListenerAdapter - Downloading https://repo.maven.apache.org/maven2/org/yaml/snakeyaml/2.3/snakeyaml-2.3-sources.jar
2024-12-13 16:50:59,334 [Worker-56: Download sources and javadoc] INFO  o.e.m.c.i.e.AbstractTransferListenerAdapter - Downloaded https://repo.maven.apache.org/maven2/org/yaml/snakeyaml/2.3/snakeyaml-2.3-sources.jar
2024-12-13 16:50:59,337 [Worker-56: Download sources and javadoc] INFO  o.e.m.j.internal.DownloadSourcesJob - Downloaded sources for org.yaml:snakeyaml:2.3
2024-12-13 16:50:59,562 [Worker-56: Download sources and javadoc] INFO  o.e.m.c.i.e.AbstractTransferListenerAdapter - Downloading https://repo.maven.apache.org/maven2/org/springframework/boot/spring-boot-starter-jdbc/3.4.0/spring-boot-starter-jdbc-3.4.0-sources.jar
2024-12-13 16:50:59,565 [Worker-56: Download sources and javadoc] INFO  o.e.m.c.i.e.AbstractTransferListenerAdapter - Downloaded https://repo.maven.apache.org/maven2/org/springframework/boot/spring-boot-starter-jdbc/3.4.0/spring-boot-starter-jdbc-3.4.0-sources.jar
2024-12-13 16:50:59,567 [Worker-56: Download sources and javadoc] INFO  o.e.m.j.internal.DownloadSourcesJob - Downloaded sources for org.springframework.boot:spring-boot-starter-jdbc:3.4.0
2024-12-13 16:50:59,800 [Worker-56: Download sources and javadoc] INFO  o.e.m.c.i.e.AbstractTransferListenerAdapter - Downloading https://repo.maven.apache.org/maven2/com/zaxxer/HikariCP/5.1.0/HikariCP-5.1.0-sources.jar
2024-12-13 16:51:00,038 [Worker-56: Download sources and javadoc] INFO  o.e.m.c.i.e.AbstractTransferListenerAdapter - Downloaded https://repo.maven.apache.org/maven2/com/zaxxer/HikariCP/5.1.0/HikariCP-5.1.0-sources.jar
2024-12-13 16:51:00,043 [Worker-56: Download sources and javadoc] INFO  o.e.m.j.internal.DownloadSourcesJob - Downloaded sources for com.zaxxer:HikariCP:5.1.0
2024-12-13 16:51:00,275 [Worker-56: Download sources and javadoc] INFO  o.e.m.c.i.e.AbstractTransferListenerAdapter - Downloading https://repo.maven.apache.org/maven2/org/springframework/spring-jdbc/6.2.0/spring-jdbc-6.2.0-sources.jar
2024-12-13 16:51:00,779 [Worker-56: Download sources and javadoc] INFO  o.e.m.c.i.e.AbstractTransferListenerAdapter - Downloaded https://repo.maven.apache.org/maven2/org/springframework/spring-jdbc/6.2.0/spring-jdbc-6.2.0-sources.jar
2024-12-13 16:51:00,781 [Worker-56: Download sources and javadoc] INFO  o.e.m.j.internal.DownloadSourcesJob - Downloaded sources for org.springframework:spring-jdbc:6.2.0
2024-12-13 16:51:00,994 [Worker-56: Download sources and javadoc] INFO  o.e.m.c.i.e.AbstractTransferListenerAdapter - Downloading https://repo.maven.apache.org/maven2/org/jboss/logging/jboss-logging/3.6.1.Final/jboss-logging-3.6.1.Final-sources.jar
2024-12-13 16:51:01,078 [Worker-56: Download sources and javadoc] INFO  o.e.m.c.i.e.AbstractTransferListenerAdapter - Downloaded https://repo.maven.apache.org/maven2/org/jboss/logging/jboss-logging/3.6.1.Final/jboss-logging-3.6.1.Final-sources.jar
2024-12-13 16:51:01,081 [Worker-56: Download sources and javadoc] INFO  o.e.m.j.internal.DownloadSourcesJob - Downloaded sources for org.jboss.logging:jboss-logging:3.6.1.Final
2024-12-13 16:51:01,312 [Worker-56: Download sources and javadoc] INFO  o.e.m.c.i.e.AbstractTransferListenerAdapter - Downloading https://repo.maven.apache.org/maven2/com/fasterxml/classmate/1.7.0/classmate-1.7.0-sources.jar
2024-12-13 16:51:01,402 [Worker-56: Download sources and javadoc] INFO  o.e.m.c.i.e.AbstractTransferListenerAdapter - Downloaded https://repo.maven.apache.org/maven2/com/fasterxml/classmate/1.7.0/classmate-1.7.0-sources.jar
2024-12-13 16:51:01,404 [Worker-56: Download sources and javadoc] INFO  o.e.m.j.internal.DownloadSourcesJob - Downloaded sources for com.fasterxml:classmate:1.7.0
2024-12-13 16:51:01,430 [Worker-55: Building] INFO  o.a.m.s.f.DefaultMavenResourcesFiltering - Copying 1 resource from src\main\resources to target\classes
2024-12-13 16:51:01,445 [Worker-55: Building] INFO  o.a.m.s.f.DefaultMavenResourcesFiltering - Copying 0 resource from src\main\resources to target\classes
2024-12-13 16:51:01,451 [Worker-55: Building] INFO  o.a.m.s.f.DefaultMavenResourcesFiltering - Copying 0 resource from src\test\resources to target\test-classes
2024-12-13 16:51:01,651 [Worker-56: Download sources and javadoc] INFO  o.e.m.c.i.e.AbstractTransferListenerAdapter - Downloading https://repo.maven.apache.org/maven2/net/bytebuddy/byte-buddy/1.15.10/byte-buddy-1.15.10-sources.jar
2024-12-13 16:51:02,147 [Worker-56: Download sources and javadoc] INFO  o.e.m.c.i.e.AbstractTransferListenerAdapter - Downloaded https://repo.maven.apache.org/maven2/net/bytebuddy/byte-buddy/1.15.10/byte-buddy-1.15.10-sources.jar
2024-12-13 16:51:02,151 [Worker-56: Download sources and javadoc] INFO  o.e.m.j.internal.DownloadSourcesJob - Downloaded sources for net.bytebuddy:byte-buddy:1.15.10
2024-12-13 16:51:02,315 [Worker-56: Download sources and javadoc] INFO  o.e.m.c.i.e.AbstractTransferListenerAdapter - Downloading https://repo.maven.apache.org/maven2/org/glassfish/jaxb/jaxb-runtime/4.0.5/jaxb-runtime-4.0.5-sources.jar
2024-12-13 16:51:02,807 [Worker-56: Download sources and javadoc] INFO  o.e.m.c.i.e.AbstractTransferListenerAdapter - Downloaded https://repo.maven.apache.org/maven2/org/glassfish/jaxb/jaxb-runtime/4.0.5/jaxb-runtime-4.0.5-sources.jar
2024-12-13 16:51:02,810 [Worker-56: Download sources and javadoc] INFO  o.e.m.j.internal.DownloadSourcesJob - Downloaded sources for org.glassfish.jaxb:jaxb-runtime:4.0.5
2024-12-13 16:51:03,148 [Worker-56: Download sources and javadoc] INFO  o.e.m.c.i.e.AbstractTransferListenerAdapter - Downloading https://repo.maven.apache.org/maven2/org/glassfish/jaxb/jaxb-core/4.0.5/jaxb-core-4.0.5-sources.jar
2024-12-13 16:51:03,303 [Worker-56: Download sources and javadoc] INFO  o.e.m.c.i.e.AbstractTransferListenerAdapter - Downloaded https://repo.maven.apache.org/maven2/org/glassfish/jaxb/jaxb-core/4.0.5/jaxb-core-4.0.5-sources.jar
2024-12-13 16:51:03,307 [Worker-56: Download sources and javadoc] INFO  o.e.m.j.internal.DownloadSourcesJob - Downloaded sources for org.glassfish.jaxb:jaxb-core:4.0.5
2024-12-13 16:51:03,567 [Worker-56: Download sources and javadoc] INFO  o.e.m.c.i.e.AbstractTransferListenerAdapter - Downloading https://repo.maven.apache.org/maven2/org/eclipse/angus/angus-activation/2.0.2/angus-activation-2.0.2-sources.jar
2024-12-13 16:51:03,596 [Worker-56: Download sources and javadoc] INFO  o.e.m.c.i.e.AbstractTransferListenerAdapter - Downloaded https://repo.maven.apache.org/maven2/org/eclipse/angus/angus-activation/2.0.2/angus-activation-2.0.2-sources.jar
2024-12-13 16:51:03,601 [Worker-56: Download sources and javadoc] INFO  o.e.m.j.internal.DownloadSourcesJob - Downloaded sources for org.eclipse.angus:angus-activation:2.0.2
2024-12-13 16:51:03,878 [Worker-56: Download sources and javadoc] INFO  o.e.m.c.i.e.AbstractTransferListenerAdapter - Downloading https://repo.maven.apache.org/maven2/org/glassfish/jaxb/txw2/4.0.5/txw2-4.0.5-sources.jar
2024-12-13 16:51:03,985 [Worker-56: Download sources and javadoc] INFO  o.e.m.c.i.e.AbstractTransferListenerAdapter - Downloaded https://repo.maven.apache.org/maven2/org/glassfish/jaxb/txw2/4.0.5/txw2-4.0.5-sources.jar
2024-12-13 16:51:03,989 [Worker-56: Download sources and javadoc] INFO  o.e.m.j.internal.DownloadSourcesJob - Downloaded sources for org.glassfish.jaxb:txw2:4.0.5
2024-12-13 16:51:04,224 [Worker-56: Download sources and javadoc] INFO  o.e.m.c.i.e.AbstractTransferListenerAdapter - Downloading https://repo.maven.apache.org/maven2/com/sun/istack/istack-commons-runtime/4.1.2/istack-commons-runtime-4.1.2-sources.jar
2024-12-13 16:51:04,249 [Worker-56: Download sources and javadoc] INFO  o.e.m.c.i.e.AbstractTransferListenerAdapter - Downloaded https://repo.maven.apache.org/maven2/com/sun/istack/istack-commons-runtime/4.1.2/istack-commons-runtime-4.1.2-sources.jar
2024-12-13 16:51:04,257 [Worker-56: Download sources and javadoc] INFO  o.e.m.j.internal.DownloadSourcesJob - Downloaded sources for com.sun.istack:istack-commons-runtime:4.1.2
2024-12-13 16:51:04,502 [Worker-56: Download sources and javadoc] INFO  o.e.m.c.i.e.AbstractTransferListenerAdapter - Downloading https://repo.maven.apache.org/maven2/org/springframework/data/spring-data-jpa/3.4.0/spring-data-jpa-3.4.0-sources.jar
2024-12-13 16:51:04,836 [Worker-56: Download sources and javadoc] INFO  o.e.m.c.i.e.AbstractTransferListenerAdapter - Downloaded https://repo.maven.apache.org/maven2/org/springframework/data/spring-data-jpa/3.4.0/spring-data-jpa-3.4.0-sources.jar
2024-12-13 16:51:04,842 [Worker-56: Download sources and javadoc] INFO  o.e.m.j.internal.DownloadSourcesJob - Downloaded sources for org.springframework.data:spring-data-jpa:3.4.0
2024-12-13 16:51:05,064 [Worker-56: Download sources and javadoc] INFO  o.e.m.c.i.e.AbstractTransferListenerAdapter - Downloading https://repo.maven.apache.org/maven2/org/springframework/data/spring-data-commons/3.4.0/spring-data-commons-3.4.0-sources.jar
2024-12-13 16:51:05,704 [Worker-56: Download sources and javadoc] INFO  o.e.m.c.i.e.AbstractTransferListenerAdapter - Downloaded https://repo.maven.apache.org/maven2/org/springframework/data/spring-data-commons/3.4.0/spring-data-commons-3.4.0-sources.jar
2024-12-13 16:51:05,706 [Worker-56: Download sources and javadoc] INFO  o.e.m.j.internal.DownloadSourcesJob - Downloaded sources for org.springframework.data:spring-data-commons:3.4.0
2024-12-13 16:51:05,982 [Worker-56: Download sources and javadoc] INFO  o.e.m.c.i.e.AbstractTransferListenerAdapter - Downloading https://repo.maven.apache.org/maven2/org/springframework/spring-orm/6.2.0/spring-orm-6.2.0-sources.jar
2024-12-13 16:51:06,234 [Worker-56: Download sources and javadoc] INFO  o.e.m.c.i.e.AbstractTransferListenerAdapter - Downloaded https://repo.maven.apache.org/maven2/org/springframework/spring-orm/6.2.0/spring-orm-6.2.0-sources.jar
2024-12-13 16:51:06,237 [Worker-56: Download sources and javadoc] INFO  o.e.m.j.internal.DownloadSourcesJob - Downloaded sources for org.springframework:spring-orm:6.2.0
2024-12-13 16:51:06,523 [Worker-56: Download sources and javadoc] INFO  o.e.m.c.i.e.AbstractTransferListenerAdapter - Downloading https://repo.maven.apache.org/maven2/org/springframework/spring-context/6.2.0/spring-context-6.2.0-sources.jar
2024-12-13 16:51:07,093 [Worker-56: Download sources and javadoc] INFO  o.e.m.c.i.e.AbstractTransferListenerAdapter - Downloaded https://repo.maven.apache.org/maven2/org/springframework/spring-context/6.2.0/spring-context-6.2.0-sources.jar
2024-12-13 16:51:07,095 [Worker-56: Download sources and javadoc] INFO  o.e.m.j.internal.DownloadSourcesJob - Downloaded sources for org.springframework:spring-context:6.2.0
2024-12-13 16:51:07,437 [Worker-56: Download sources and javadoc] INFO  o.e.m.c.i.e.AbstractTransferListenerAdapter - Downloading https://repo.maven.apache.org/maven2/org/springframework/spring-aop/6.2.0/spring-aop-6.2.0-sources.jar
2024-12-13 16:51:07,733 [Worker-56: Download sources and javadoc] INFO  o.e.m.c.i.e.AbstractTransferListenerAdapter - Downloaded https://repo.maven.apache.org/maven2/org/springframework/spring-aop/6.2.0/spring-aop-6.2.0-sources.jar
2024-12-13 16:51:07,735 [Worker-56: Download sources and javadoc] INFO  o.e.m.j.internal.DownloadSourcesJob - Downloaded sources for org.springframework:spring-aop:6.2.0
2024-12-13 16:51:08,020 [Worker-56: Download sources and javadoc] INFO  o.e.m.c.i.e.AbstractTransferListenerAdapter - Downloading https://repo.maven.apache.org/maven2/org/springframework/spring-tx/6.2.0/spring-tx-6.2.0-sources.jar
2024-12-13 16:51:08,270 [Worker-56: Download sources and javadoc] INFO  o.e.m.c.i.e.AbstractTransferListenerAdapter - Downloaded https://repo.maven.apache.org/maven2/org/springframework/spring-tx/6.2.0/spring-tx-6.2.0-sources.jar
2024-12-13 16:51:08,276 [Worker-56: Download sources and javadoc] INFO  o.e.m.j.internal.DownloadSourcesJob - Downloaded sources for org.springframework:spring-tx:6.2.0
2024-12-13 16:51:08,633 [Worker-56: Download sources and javadoc] INFO  o.e.m.c.i.e.AbstractTransferListenerAdapter - Downloading https://repo.maven.apache.org/maven2/org/springframework/spring-beans/6.2.0/spring-beans-6.2.0-sources.jar
2024-12-13 16:51:09,163 [Worker-56: Download sources and javadoc] INFO  o.e.m.c.i.e.AbstractTransferListenerAdapter - Downloaded https://repo.maven.apache.org/maven2/org/springframework/spring-beans/6.2.0/spring-beans-6.2.0-sources.jar
2024-12-13 16:51:09,167 [Worker-56: Download sources and javadoc] INFO  o.e.m.j.internal.DownloadSourcesJob - Downloaded sources for org.springframework:spring-beans:6.2.0
2024-12-13 16:51:09,447 [Worker-56: Download sources and javadoc] INFO  o.e.m.c.i.e.AbstractTransferListenerAdapter - Downloading https://repo.maven.apache.org/maven2/org/slf4j/slf4j-api/2.0.16/slf4j-api-2.0.16-sources.jar
2024-12-13 16:51:09,547 [Worker-56: Download sources and javadoc] INFO  o.e.m.c.i.e.AbstractTransferListenerAdapter - Downloaded https://repo.maven.apache.org/maven2/org/slf4j/slf4j-api/2.0.16/slf4j-api-2.0.16-sources.jar
2024-12-13 16:51:09,550 [Worker-56: Download sources and javadoc] INFO  o.e.m.j.internal.DownloadSourcesJob - Downloaded sources for org.slf4j:slf4j-api:2.0.16
2024-12-13 16:51:09,810 [Worker-56: Download sources and javadoc] INFO  o.e.m.c.i.e.AbstractTransferListenerAdapter - Downloading https://repo.maven.apache.org/maven2/org/springframework/spring-aspects/6.2.0/spring-aspects-6.2.0-sources.jar
2024-12-13 16:51:09,854 [Worker-56: Download sources and javadoc] INFO  o.e.m.c.i.e.AbstractTransferListenerAdapter - Downloaded https://repo.maven.apache.org/maven2/org/springframework/spring-aspects/6.2.0/spring-aspects-6.2.0-sources.jar
2024-12-13 16:51:09,859 [Worker-56: Download sources and javadoc] INFO  o.e.m.j.internal.DownloadSourcesJob - Downloaded sources for org.springframework:spring-aspects:6.2.0
2024-12-13 16:51:10,150 [Worker-56: Download sources and javadoc] INFO  o.e.m.c.i.e.AbstractTransferListenerAdapter - Downloading https://repo.maven.apache.org/maven2/org/aspectj/aspectjweaver/1.9.22.1/aspectjweaver-1.9.22.1-sources.jar
2024-12-13 16:51:10,936 [Worker-56: Download sources and javadoc] INFO  o.e.m.c.i.e.AbstractTransferListenerAdapter - Downloaded https://repo.maven.apache.org/maven2/org/aspectj/aspectjweaver/1.9.22.1/aspectjweaver-1.9.22.1-sources.jar
2024-12-13 16:51:10,938 [Worker-56: Download sources and javadoc] INFO  o.e.m.j.internal.DownloadSourcesJob - Downloaded sources for org.aspectj:aspectjweaver:1.9.22.1
2024-12-13 16:51:11,158 [Worker-56: Download sources and javadoc] INFO  o.e.m.c.i.e.AbstractTransferListenerAdapter - Downloading https://repo.maven.apache.org/maven2/org/springframework/boot/spring-boot-starter-thymeleaf/3.4.0/spring-boot-starter-thymeleaf-3.4.0-sources.jar
2024-12-13 16:51:11,172 [Worker-56: Download sources and javadoc] INFO  o.e.m.c.i.e.AbstractTransferListenerAdapter - Downloaded https://repo.maven.apache.org/maven2/org/springframework/boot/spring-boot-starter-thymeleaf/3.4.0/spring-boot-starter-thymeleaf-3.4.0-sources.jar
2024-12-13 16:51:11,175 [Worker-56: Download sources and javadoc] INFO  o.e.m.j.internal.DownloadSourcesJob - Downloaded sources for org.springframework.boot:spring-boot-starter-thymeleaf:3.4.0
2024-12-13 16:51:11,403 [Worker-56: Download sources and javadoc] INFO  o.e.m.c.i.e.AbstractTransferListenerAdapter - Downloading https://repo.maven.apache.org/maven2/org/thymeleaf/thymeleaf-spring6/3.1.2.RELEASE/thymeleaf-spring6-3.1.2.RELEASE-sources.jar
2024-12-13 16:51:11,599 [Worker-56: Download sources and javadoc] INFO  o.e.m.c.i.e.AbstractTransferListenerAdapter - Downloaded https://repo.maven.apache.org/maven2/org/thymeleaf/thymeleaf-spring6/3.1.2.RELEASE/thymeleaf-spring6-3.1.2.RELEASE-sources.jar
2024-12-13 16:51:11,602 [Worker-56: Download sources and javadoc] INFO  o.e.m.j.internal.DownloadSourcesJob - Downloaded sources for org.thymeleaf:thymeleaf-spring6:3.1.2.RELEASE
2024-12-13 16:51:11,843 [Worker-56: Download sources and javadoc] INFO  o.e.m.c.i.e.AbstractTransferListenerAdapter - Downloading https://repo.maven.apache.org/maven2/org/thymeleaf/thymeleaf/3.1.2.RELEASE/thymeleaf-3.1.2.RELEASE-sources.jar
2024-12-13 16:51:12,281 [Worker-56: Download sources and javadoc] INFO  o.e.m.c.i.e.AbstractTransferListenerAdapter - Downloaded https://repo.maven.apache.org/maven2/org/thymeleaf/thymeleaf/3.1.2.RELEASE/thymeleaf-3.1.2.RELEASE-sources.jar
2024-12-13 16:51:12,283 [Worker-56: Download sources and javadoc] INFO  o.e.m.j.internal.DownloadSourcesJob - Downloaded sources for org.thymeleaf:thymeleaf:3.1.2.RELEASE
2024-12-13 16:51:12,525 [Worker-56: Download sources and javadoc] INFO  o.e.m.c.i.e.AbstractTransferListenerAdapter - Downloading https://repo.maven.apache.org/maven2/org/attoparser/attoparser/2.0.7.RELEASE/attoparser-2.0.7.RELEASE-sources.jar
2024-12-13 16:51:12,733 [Worker-56: Download sources and javadoc] INFO  o.e.m.c.i.e.AbstractTransferListenerAdapter - Downloaded https://repo.maven.apache.org/maven2/org/attoparser/attoparser/2.0.7.RELEASE/attoparser-2.0.7.RELEASE-sources.jar
2024-12-13 16:51:12,737 [Worker-56: Download sources and javadoc] INFO  o.e.m.j.internal.DownloadSourcesJob - Downloaded sources for org.attoparser:attoparser:2.0.7.RELEASE
2024-12-13 16:51:12,956 [Worker-56: Download sources and javadoc] INFO  o.e.m.c.i.e.AbstractTransferListenerAdapter - Downloading https://repo.maven.apache.org/maven2/org/unbescape/unbescape/1.1.6.RELEASE/unbescape-1.1.6.RELEASE-sources.jar
2024-12-13 16:51:13,154 [Worker-56: Download sources and javadoc] INFO  o.e.m.c.i.e.AbstractTransferListenerAdapter - Downloaded https://repo.maven.apache.org/maven2/org/unbescape/unbescape/1.1.6.RELEASE/unbescape-1.1.6.RELEASE-sources.jar
2024-12-13 16:51:13,157 [Worker-56: Download sources and javadoc] INFO  o.e.m.j.internal.DownloadSourcesJob - Downloaded sources for org.unbescape:unbescape:1.1.6.RELEASE
2024-12-13 16:51:13,404 [Worker-56: Download sources and javadoc] INFO  o.e.m.c.i.e.AbstractTransferListenerAdapter - Downloading https://repo.maven.apache.org/maven2/org/springframework/boot/spring-boot-starter-web/3.4.0/spring-boot-starter-web-3.4.0-sources.jar
2024-12-13 16:51:13,412 [Worker-56: Download sources and javadoc] INFO  o.e.m.c.i.e.AbstractTransferListenerAdapter - Downloaded https://repo.maven.apache.org/maven2/org/springframework/boot/spring-boot-starter-web/3.4.0/spring-boot-starter-web-3.4.0-sources.jar
2024-12-13 16:51:13,416 [Worker-56: Download sources and javadoc] INFO  o.e.m.j.internal.DownloadSourcesJob - Downloaded sources for org.springframework.boot:spring-boot-starter-web:3.4.0
2024-12-13 16:51:13,644 [Worker-56: Download sources and javadoc] INFO  o.e.m.c.i.e.AbstractTransferListenerAdapter - Downloading https://repo.maven.apache.org/maven2/org/springframework/boot/spring-boot-starter-json/3.4.0/spring-boot-starter-json-3.4.0-sources.jar
2024-12-13 16:51:13,657 [Worker-56: Download sources and javadoc] INFO  o.e.m.c.i.e.AbstractTransferListenerAdapter - Downloaded https://repo.maven.apache.org/maven2/org/springframework/boot/spring-boot-starter-json/3.4.0/spring-boot-starter-json-3.4.0-sources.jar
2024-12-13 16:51:13,663 [Worker-56: Download sources and javadoc] INFO  o.e.m.j.internal.DownloadSourcesJob - Downloaded sources for org.springframework.boot:spring-boot-starter-json:3.4.0
2024-12-13 16:51:13,883 [Worker-56: Download sources and javadoc] INFO  o.e.m.c.i.e.AbstractTransferListenerAdapter - Downloading https://repo.maven.apache.org/maven2/com/fasterxml/jackson/core/jackson-databind/2.18.1/jackson-databind-2.18.1-sources.jar
2024-12-13 16:51:14,380 [Worker-56: Download sources and javadoc] INFO  o.e.m.c.i.e.AbstractTransferListenerAdapter - Downloaded https://repo.maven.apache.org/maven2/com/fasterxml/jackson/core/jackson-databind/2.18.1/jackson-databind-2.18.1-sources.jar
2024-12-13 16:51:14,389 [Worker-56: Download sources and javadoc] INFO  o.e.m.j.internal.DownloadSourcesJob - Downloaded sources for com.fasterxml.jackson.core:jackson-databind:2.18.1
2024-12-13 16:51:14,636 [Worker-56: Download sources and javadoc] INFO  o.e.m.c.i.e.AbstractTransferListenerAdapter - Downloading https://repo.maven.apache.org/maven2/com/fasterxml/jackson/core/jackson-annotations/2.18.1/jackson-annotations-2.18.1-sources.jar
2024-12-13 16:51:14,767 [Worker-56: Download sources and javadoc] INFO  o.e.m.c.i.e.AbstractTransferListenerAdapter - Downloaded https://repo.maven.apache.org/maven2/com/fasterxml/jackson/core/jackson-annotations/2.18.1/jackson-annotations-2.18.1-sources.jar
2024-12-13 16:51:14,776 [Worker-56: Download sources and javadoc] INFO  o.e.m.j.internal.DownloadSourcesJob - Downloaded sources for com.fasterxml.jackson.core:jackson-annotations:2.18.1
2024-12-13 16:51:14,998 [Worker-56: Download sources and javadoc] INFO  o.e.m.c.i.e.AbstractTransferListenerAdapter - Downloading https://repo.maven.apache.org/maven2/com/fasterxml/jackson/core/jackson-core/2.18.1/jackson-core-2.18.1-sources.jar
2024-12-13 16:51:15,645 [Worker-56: Download sources and javadoc] INFO  o.e.m.c.i.e.AbstractTransferListenerAdapter - Downloaded https://repo.maven.apache.org/maven2/com/fasterxml/jackson/core/jackson-core/2.18.1/jackson-core-2.18.1-sources.jar
2024-12-13 16:51:15,648 [Worker-56: Download sources and javadoc] INFO  o.e.m.j.internal.DownloadSourcesJob - Downloaded sources for com.fasterxml.jackson.core:jackson-core:2.18.1
2024-12-13 16:51:15,881 [Worker-56: Download sources and javadoc] INFO  o.e.m.c.i.e.AbstractTransferListenerAdapter - Downloading https://repo.maven.apache.org/maven2/com/fasterxml/jackson/datatype/jackson-datatype-jdk8/2.18.1/jackson-datatype-jdk8-2.18.1-sources.jar
2024-12-13 16:51:15,913 [Worker-56: Download sources and javadoc] INFO  o.e.m.c.i.e.AbstractTransferListenerAdapter - Downloaded https://repo.maven.apache.org/maven2/com/fasterxml/jackson/datatype/jackson-datatype-jdk8/2.18.1/jackson-datatype-jdk8-2.18.1-sources.jar
2024-12-13 16:51:15,917 [Worker-56: Download sources and javadoc] INFO  o.e.m.j.internal.DownloadSourcesJob - Downloaded sources for com.fasterxml.jackson.datatype:jackson-datatype-jdk8:2.18.1
2024-12-13 16:51:16,158 [Worker-56: Download sources and javadoc] INFO  o.e.m.c.i.e.AbstractTransferListenerAdapter - Downloading https://repo.maven.apache.org/maven2/com/fasterxml/jackson/datatype/jackson-datatype-jsr310/2.18.1/jackson-datatype-jsr310-2.18.1-sources.jar
2024-12-13 16:51:16,284 [Worker-56: Download sources and javadoc] INFO  o.e.m.c.i.e.AbstractTransferListenerAdapter - Downloaded https://repo.maven.apache.org/maven2/com/fasterxml/jackson/datatype/jackson-datatype-jsr310/2.18.1/jackson-datatype-jsr310-2.18.1-sources.jar
2024-12-13 16:51:16,288 [Worker-56: Download sources and javadoc] INFO  o.e.m.j.internal.DownloadSourcesJob - Downloaded sources for com.fasterxml.jackson.datatype:jackson-datatype-jsr310:2.18.1
2024-12-13 16:51:16,517 [Worker-56: Download sources and javadoc] INFO  o.e.m.c.i.e.AbstractTransferListenerAdapter - Downloading https://repo.maven.apache.org/maven2/com/fasterxml/jackson/module/jackson-module-parameter-names/2.18.1/jackson-module-parameter-names-2.18.1-sources.jar
2024-12-13 16:51:16,531 [Worker-56: Download sources and javadoc] INFO  o.e.m.c.i.e.AbstractTransferListenerAdapter - Downloaded https://repo.maven.apache.org/maven2/com/fasterxml/jackson/module/jackson-module-parameter-names/2.18.1/jackson-module-parameter-names-2.18.1-sources.jar
2024-12-13 16:51:16,536 [Worker-56: Download sources and javadoc] INFO  o.e.m.j.internal.DownloadSourcesJob - Downloaded sources for com.fasterxml.jackson.module:jackson-module-parameter-names:2.18.1
2024-12-13 16:51:16,764 [Worker-56: Download sources and javadoc] INFO  o.e.m.c.i.e.AbstractTransferListenerAdapter - Downloading https://repo.maven.apache.org/maven2/org/springframework/boot/spring-boot-starter-tomcat/3.4.0/spring-boot-starter-tomcat-3.4.0-sources.jar
2024-12-13 16:51:16,781 [Worker-56: Download sources and javadoc] INFO  o.e.m.c.i.e.AbstractTransferListenerAdapter - Downloaded https://repo.maven.apache.org/maven2/org/springframework/boot/spring-boot-starter-tomcat/3.4.0/spring-boot-starter-tomcat-3.4.0-sources.jar
2024-12-13 16:51:16,786 [Worker-56: Download sources and javadoc] INFO  o.e.m.j.internal.DownloadSourcesJob - Downloaded sources for org.springframework.boot:spring-boot-starter-tomcat:3.4.0
2024-12-13 16:51:16,997 [Worker-56: Download sources and javadoc] INFO  o.e.m.c.i.e.AbstractTransferListenerAdapter - Downloading https://repo.maven.apache.org/maven2/org/apache/tomcat/embed/tomcat-embed-core/10.1.33/tomcat-embed-core-10.1.33-sources.jar
2024-12-13 16:51:17,923 [Worker-56: Download sources and javadoc] INFO  o.e.m.c.i.e.AbstractTransferListenerAdapter - Downloaded https://repo.maven.apache.org/maven2/org/apache/tomcat/embed/tomcat-embed-core/10.1.33/tomcat-embed-core-10.1.33-sources.jar
2024-12-13 16:51:17,925 [Worker-56: Download sources and javadoc] INFO  o.e.m.j.internal.DownloadSourcesJob - Downloaded sources for org.apache.tomcat.embed:tomcat-embed-core:10.1.33
2024-12-13 16:51:18,165 [Worker-56: Download sources and javadoc] INFO  o.e.m.c.i.e.AbstractTransferListenerAdapter - Downloading https://repo.maven.apache.org/maven2/org/apache/tomcat/embed/tomcat-embed-el/10.1.33/tomcat-embed-el-10.1.33-sources.jar
2024-12-13 16:51:18,366 [Worker-56: Download sources and javadoc] INFO  o.e.m.c.i.e.AbstractTransferListenerAdapter - Downloaded https://repo.maven.apache.org/maven2/org/apache/tomcat/embed/tomcat-embed-el/10.1.33/tomcat-embed-el-10.1.33-sources.jar
2024-12-13 16:51:18,368 [Worker-56: Download sources and javadoc] INFO  o.e.m.j.internal.DownloadSourcesJob - Downloaded sources for org.apache.tomcat.embed:tomcat-embed-el:10.1.33
2024-12-13 16:51:18,639 [Worker-56: Download sources and javadoc] INFO  o.e.m.c.i.e.AbstractTransferListenerAdapter - Downloading https://repo.maven.apache.org/maven2/org/apache/tomcat/embed/tomcat-embed-websocket/10.1.33/tomcat-embed-websocket-10.1.33-sources.jar
2024-12-13 16:51:18,842 [Worker-56: Download sources and javadoc] INFO  o.e.m.c.i.e.AbstractTransferListenerAdapter - Downloaded https://repo.maven.apache.org/maven2/org/apache/tomcat/embed/tomcat-embed-websocket/10.1.33/tomcat-embed-websocket-10.1.33-sources.jar
2024-12-13 16:51:18,846 [Worker-56: Download sources and javadoc] INFO  o.e.m.j.internal.DownloadSourcesJob - Downloaded sources for org.apache.tomcat.embed:tomcat-embed-websocket:10.1.33
2024-12-13 16:51:19,078 [Worker-56: Download sources and javadoc] INFO  o.e.m.c.i.e.AbstractTransferListenerAdapter - Downloading https://repo.maven.apache.org/maven2/org/springframework/spring-web/6.2.0/spring-web-6.2.0-sources.jar
2024-12-13 16:51:19,848 [Worker-56: Download sources and javadoc] INFO  o.e.m.c.i.e.AbstractTransferListenerAdapter - Downloaded https://repo.maven.apache.org/maven2/org/springframework/spring-web/6.2.0/spring-web-6.2.0-sources.jar
2024-12-13 16:51:19,850 [Worker-56: Download sources and javadoc] INFO  o.e.m.j.internal.DownloadSourcesJob - Downloaded sources for org.springframework:spring-web:6.2.0
2024-12-13 16:51:20,087 [Worker-56: Download sources and javadoc] INFO  o.e.m.c.i.e.AbstractTransferListenerAdapter - Downloading https://repo.maven.apache.org/maven2/io/micrometer/micrometer-observation/1.14.1/micrometer-observation-1.14.1-sources.jar
2024-12-13 16:51:20,177 [Worker-56: Download sources and javadoc] INFO  o.e.m.c.i.e.AbstractTransferListenerAdapter - Downloaded https://repo.maven.apache.org/maven2/io/micrometer/micrometer-observation/1.14.1/micrometer-observation-1.14.1-sources.jar
2024-12-13 16:51:20,182 [Worker-56: Download sources and javadoc] INFO  o.e.m.j.internal.DownloadSourcesJob - Downloaded sources for io.micrometer:micrometer-observation:1.14.1
2024-12-13 16:51:20,420 [Worker-56: Download sources and javadoc] INFO  o.e.m.c.i.e.AbstractTransferListenerAdapter - Downloading https://repo.maven.apache.org/maven2/io/micrometer/micrometer-commons/1.14.1/micrometer-commons-1.14.1-sources.jar
2024-12-13 16:51:20,502 [Worker-56: Download sources and javadoc] INFO  o.e.m.c.i.e.AbstractTransferListenerAdapter - Downloaded https://repo.maven.apache.org/maven2/io/micrometer/micrometer-commons/1.14.1/micrometer-commons-1.14.1-sources.jar
2024-12-13 16:51:20,507 [Worker-56: Download sources and javadoc] INFO  o.e.m.j.internal.DownloadSourcesJob - Downloaded sources for io.micrometer:micrometer-commons:1.14.1
2024-12-13 16:51:20,718 [Worker-56: Download sources and javadoc] INFO  o.e.m.c.i.e.AbstractTransferListenerAdapter - Downloading https://repo.maven.apache.org/maven2/org/springframework/spring-webmvc/6.2.0/spring-webmvc-6.2.0-sources.jar
2024-12-13 16:51:21,365 [Worker-56: Download sources and javadoc] INFO  o.e.m.c.i.e.AbstractTransferListenerAdapter - Downloaded https://repo.maven.apache.org/maven2/org/springframework/spring-webmvc/6.2.0/spring-webmvc-6.2.0-sources.jar
2024-12-13 16:51:21,383 [Worker-56: Download sources and javadoc] INFO  o.e.m.j.internal.DownloadSourcesJob - Downloaded sources for org.springframework:spring-webmvc:6.2.0
2024-12-13 16:51:21,639 [Worker-56: Download sources and javadoc] INFO  o.e.m.c.i.e.AbstractTransferListenerAdapter - Downloading https://repo.maven.apache.org/maven2/org/springframework/spring-expression/6.2.0/spring-expression-6.2.0-sources.jar
2024-12-13 16:51:21,835 [Worker-56: Download sources and javadoc] INFO  o.e.m.c.i.e.AbstractTransferListenerAdapter - Downloaded https://repo.maven.apache.org/maven2/org/springframework/spring-expression/6.2.0/spring-expression-6.2.0-sources.jar
2024-12-13 16:51:21,836 [Worker-56: Download sources and javadoc] INFO  o.e.m.j.internal.DownloadSourcesJob - Downloaded sources for org.springframework:spring-expression:6.2.0
2024-12-13 16:51:22,093 [Worker-56: Download sources and javadoc] INFO  o.e.m.c.i.e.AbstractTransferListenerAdapter - Downloading https://repo.maven.apache.org/maven2/org/springframework/boot/spring-boot-devtools/3.4.0/spring-boot-devtools-3.4.0-sources.jar
2024-12-13 16:51:22,267 [Worker-56: Download sources and javadoc] INFO  o.e.m.c.i.e.AbstractTransferListenerAdapter - Downloaded https://repo.maven.apache.org/maven2/org/springframework/boot/spring-boot-devtools/3.4.0/spring-boot-devtools-3.4.0-sources.jar
2024-12-13 16:51:22,273 [Worker-56: Download sources and javadoc] INFO  o.e.m.j.internal.DownloadSourcesJob - Downloaded sources for org.springframework.boot:spring-boot-devtools:3.4.0
2024-12-13 16:51:22,616 [Worker-56: Download sources and javadoc] INFO  o.e.m.c.i.e.AbstractTransferListenerAdapter - Downloading https://repo.maven.apache.org/maven2/org/springframework/boot/spring-boot/3.4.0/spring-boot-3.4.0-sources.jar
2024-12-13 16:51:23,766 [Worker-56: Download sources and javadoc] INFO  o.e.m.c.i.e.AbstractTransferListenerAdapter - Downloaded https://repo.maven.apache.org/maven2/org/springframework/boot/spring-boot/3.4.0/spring-boot-3.4.0-sources.jar
2024-12-13 16:51:23,770 [Worker-56: Download sources and javadoc] INFO  o.e.m.j.internal.DownloadSourcesJob - Downloaded sources for org.springframework.boot:spring-boot:3.4.0
2024-12-13 16:51:24,006 [Worker-56: Download sources and javadoc] INFO  o.e.m.c.i.e.AbstractTransferListenerAdapter - Downloading https://repo.maven.apache.org/maven2/org/springframework/boot/spring-boot-autoconfigure/3.4.0/spring-boot-autoconfigure-3.4.0-sources.jar
2024-12-13 16:51:24,590 [Worker-56: Download sources and javadoc] INFO  o.e.m.c.i.e.AbstractTransferListenerAdapter - Downloaded https://repo.maven.apache.org/maven2/org/springframework/boot/spring-boot-autoconfigure/3.4.0/spring-boot-autoconfigure-3.4.0-sources.jar
2024-12-13 16:51:24,593 [Worker-56: Download sources and javadoc] INFO  o.e.m.j.internal.DownloadSourcesJob - Downloaded sources for org.springframework.boot:spring-boot-autoconfigure:3.4.0
2024-12-13 16:51:24,882 [Worker-56: Download sources and javadoc] INFO  o.e.m.c.i.e.AbstractTransferListenerAdapter - Downloading https://repo.maven.apache.org/maven2/org/springframework/boot/spring-boot-starter-test/3.4.0/spring-boot-starter-test-3.4.0-sources.jar
2024-12-13 16:51:24,893 [Worker-56: Download sources and javadoc] INFO  o.e.m.c.i.e.AbstractTransferListenerAdapter - Downloaded https://repo.maven.apache.org/maven2/org/springframework/boot/spring-boot-starter-test/3.4.0/spring-boot-starter-test-3.4.0-sources.jar
2024-12-13 16:51:24,894 [Worker-56: Download sources and javadoc] INFO  o.e.m.j.internal.DownloadSourcesJob - Downloaded sources for org.springframework.boot:spring-boot-starter-test:3.4.0
2024-12-13 16:51:25,122 [Worker-56: Download sources and javadoc] INFO  o.e.m.c.i.e.AbstractTransferListenerAdapter - Downloading https://repo.maven.apache.org/maven2/org/springframework/boot/spring-boot-test/3.4.0/spring-boot-test-3.4.0-sources.jar
2024-12-13 16:51:25,306 [Worker-56: Download sources and javadoc] INFO  o.e.m.c.i.e.AbstractTransferListenerAdapter - Downloaded https://repo.maven.apache.org/maven2/org/springframework/boot/spring-boot-test/3.4.0/spring-boot-test-3.4.0-sources.jar
2024-12-13 16:51:25,307 [Worker-56: Download sources and javadoc] INFO  o.e.m.j.internal.DownloadSourcesJob - Downloaded sources for org.springframework.boot:spring-boot-test:3.4.0
2024-12-13 16:51:25,601 [Worker-56: Download sources and javadoc] INFO  o.e.m.c.i.e.AbstractTransferListenerAdapter - Downloading https://repo.maven.apache.org/maven2/org/springframework/boot/spring-boot-test-autoconfigure/3.4.0/spring-boot-test-autoconfigure-3.4.0-sources.jar
2024-12-13 16:51:25,818 [Worker-56: Download sources and javadoc] INFO  o.e.m.c.i.e.AbstractTransferListenerAdapter - Downloaded https://repo.maven.apache.org/maven2/org/springframework/boot/spring-boot-test-autoconfigure/3.4.0/spring-boot-test-autoconfigure-3.4.0-sources.jar
2024-12-13 16:51:25,821 [Worker-56: Download sources and javadoc] INFO  o.e.m.j.internal.DownloadSourcesJob - Downloaded sources for org.springframework.boot:spring-boot-test-autoconfigure:3.4.0
2024-12-13 16:51:26,038 [Worker-56: Download sources and javadoc] INFO  o.e.m.c.i.e.AbstractTransferListenerAdapter - Downloading https://repo.maven.apache.org/maven2/com/jayway/jsonpath/json-path/2.9.0/json-path-2.9.0-sources.jar
2024-12-13 16:51:26,213 [Worker-56: Download sources and javadoc] INFO  o.e.m.c.i.e.AbstractTransferListenerAdapter - Downloaded https://repo.maven.apache.org/maven2/com/jayway/jsonpath/json-path/2.9.0/json-path-2.9.0-sources.jar
2024-12-13 16:51:26,216 [Worker-56: Download sources and javadoc] INFO  o.e.m.j.internal.DownloadSourcesJob - Downloaded sources for com.jayway.jsonpath:json-path:2.9.0
2024-12-13 16:51:26,522 [Worker-56: Download sources and javadoc] INFO  o.e.m.c.i.e.AbstractTransferListenerAdapter - Downloading https://repo.maven.apache.org/maven2/jakarta/xml/bind/jakarta.xml.bind-api/4.0.2/jakarta.xml.bind-api-4.0.2-sources.jar
2024-12-13 16:51:26,804 [Worker-56: Download sources and javadoc] INFO  o.e.m.c.i.e.AbstractTransferListenerAdapter - Downloaded https://repo.maven.apache.org/maven2/jakarta/xml/bind/jakarta.xml.bind-api/4.0.2/jakarta.xml.bind-api-4.0.2-sources.jar
2024-12-13 16:51:26,809 [Worker-56: Download sources and javadoc] INFO  o.e.m.j.internal.DownloadSourcesJob - Downloaded sources for jakarta.xml.bind:jakarta.xml.bind-api:4.0.2
2024-12-13 16:51:27,119 [Worker-56: Download sources and javadoc] INFO  o.e.m.c.i.e.AbstractTransferListenerAdapter - Downloading https://repo.maven.apache.org/maven2/jakarta/activation/jakarta.activation-api/2.1.3/jakarta.activation-api-2.1.3-sources.jar
2024-12-13 16:51:27,214 [Worker-56: Download sources and javadoc] INFO  o.e.m.c.i.e.AbstractTransferListenerAdapter - Downloaded https://repo.maven.apache.org/maven2/jakarta/activation/jakarta.activation-api/2.1.3/jakarta.activation-api-2.1.3-sources.jar
2024-12-13 16:51:27,218 [Worker-56: Download sources and javadoc] INFO  o.e.m.j.internal.DownloadSourcesJob - Downloaded sources for jakarta.activation:jakarta.activation-api:2.1.3
2024-12-13 16:51:27,558 [Worker-56: Download sources and javadoc] INFO  o.e.m.c.i.e.AbstractTransferListenerAdapter - Downloading https://repo.maven.apache.org/maven2/net/minidev/json-smart/2.5.1/json-smart-2.5.1-sources.jar
2024-12-13 16:51:27,688 [Worker-56: Download sources and javadoc] INFO  o.e.m.c.i.e.AbstractTransferListenerAdapter - Downloaded https://repo.maven.apache.org/maven2/net/minidev/json-smart/2.5.1/json-smart-2.5.1-sources.jar
2024-12-13 16:51:27,692 [Worker-56: Download sources and javadoc] INFO  o.e.m.j.internal.DownloadSourcesJob - Downloaded sources for net.minidev:json-smart:2.5.1
2024-12-13 16:51:27,919 [Worker-56: Download sources and javadoc] INFO  o.e.m.c.i.e.AbstractTransferListenerAdapter - Downloading https://repo.maven.apache.org/maven2/net/minidev/accessors-smart/2.5.1/accessors-smart-2.5.1-sources.jar
2024-12-13 16:51:27,942 [Worker-56: Download sources and javadoc] INFO  o.e.m.c.i.e.AbstractTransferListenerAdapter - Downloaded https://repo.maven.apache.org/maven2/net/minidev/accessors-smart/2.5.1/accessors-smart-2.5.1-sources.jar
2024-12-13 16:51:27,944 [Worker-56: Download sources and javadoc] INFO  o.e.m.j.internal.DownloadSourcesJob - Downloaded sources for net.minidev:accessors-smart:2.5.1
2024-12-13 16:51:28,157 [Worker-56: Download sources and javadoc] INFO  o.e.m.c.i.e.AbstractTransferListenerAdapter - Downloading https://repo.maven.apache.org/maven2/org/ow2/asm/asm/9.6/asm-9.6-sources.jar
2024-12-13 16:51:28,408 [Worker-56: Download sources and javadoc] INFO  o.e.m.c.i.e.AbstractTransferListenerAdapter - Downloaded https://repo.maven.apache.org/maven2/org/ow2/asm/asm/9.6/asm-9.6-sources.jar
2024-12-13 16:51:28,409 [Worker-56: Download sources and javadoc] INFO  o.e.m.j.internal.DownloadSourcesJob - Downloaded sources for org.ow2.asm:asm:9.6
2024-12-13 16:51:28,650 [Worker-56: Download sources and javadoc] INFO  o.e.m.c.i.e.AbstractTransferListenerAdapter - Downloading https://repo.maven.apache.org/maven2/org/assertj/assertj-core/3.26.3/assertj-core-3.26.3-sources.jar
2024-12-13 16:51:29,134 [Worker-56: Download sources and javadoc] INFO  o.e.m.c.i.e.AbstractTransferListenerAdapter - Downloaded https://repo.maven.apache.org/maven2/org/assertj/assertj-core/3.26.3/assertj-core-3.26.3-sources.jar
2024-12-13 16:51:29,136 [Worker-56: Download sources and javadoc] INFO  o.e.m.j.internal.DownloadSourcesJob - Downloaded sources for org.assertj:assertj-core:3.26.3
2024-12-13 16:51:29,366 [Worker-56: Download sources and javadoc] INFO  o.e.m.c.i.e.AbstractTransferListenerAdapter - Downloading https://repo.maven.apache.org/maven2/org/awaitility/awaitility/4.2.2/awaitility-4.2.2-sources.jar
2024-12-13 16:51:29,472 [Worker-56: Download sources and javadoc] INFO  o.e.m.c.i.e.AbstractTransferListenerAdapter - Downloaded https://repo.maven.apache.org/maven2/org/awaitility/awaitility/4.2.2/awaitility-4.2.2-sources.jar
2024-12-13 16:51:29,479 [Worker-56: Download sources and javadoc] INFO  o.e.m.j.internal.DownloadSourcesJob - Downloaded sources for org.awaitility:awaitility:4.2.2
2024-12-13 16:51:29,721 [Worker-56: Download sources and javadoc] INFO  o.e.m.c.i.e.AbstractTransferListenerAdapter - Downloading https://repo.maven.apache.org/maven2/org/junit/jupiter/junit-jupiter/5.11.3/junit-jupiter-5.11.3-sources.jar
2024-12-13 16:51:29,736 [Worker-56: Download sources and javadoc] INFO  o.e.m.c.i.e.AbstractTransferListenerAdapter - Downloaded https://repo.maven.apache.org/maven2/org/junit/jupiter/junit-jupiter/5.11.3/junit-jupiter-5.11.3-sources.jar
2024-12-13 16:51:29,742 [Worker-56: Download sources and javadoc] INFO  o.e.m.j.internal.DownloadSourcesJob - Downloaded sources for org.junit.jupiter:junit-jupiter:5.11.3
2024-12-13 16:51:29,963 [Worker-56: Download sources and javadoc] INFO  o.e.m.c.i.e.AbstractTransferListenerAdapter - Downloading https://repo.maven.apache.org/maven2/org/junit/jupiter/junit-jupiter-params/5.11.3/junit-jupiter-params-5.11.3-sources.jar
2024-12-13 16:51:30,065 [Worker-56: Download sources and javadoc] INFO  o.e.m.c.i.e.AbstractTransferListenerAdapter - Downloaded https://repo.maven.apache.org/maven2/org/junit/jupiter/junit-jupiter-params/5.11.3/junit-jupiter-params-5.11.3-sources.jar
2024-12-13 16:51:30,071 [Worker-56: Download sources and javadoc] INFO  o.e.m.j.internal.DownloadSourcesJob - Downloaded sources for org.junit.jupiter:junit-jupiter-params:5.11.3
2024-12-13 16:51:30,323 [Worker-56: Download sources and javadoc] INFO  o.e.m.c.i.e.AbstractTransferListenerAdapter - Downloading https://repo.maven.apache.org/maven2/org/junit/jupiter/junit-jupiter-engine/5.11.3/junit-jupiter-engine-5.11.3-sources.jar
2024-12-13 16:51:30,490 [Worker-56: Download sources and javadoc] INFO  o.e.m.c.i.e.AbstractTransferListenerAdapter - Downloaded https://repo.maven.apache.org/maven2/org/junit/jupiter/junit-jupiter-engine/5.11.3/junit-jupiter-engine-5.11.3-sources.jar
2024-12-13 16:51:30,493 [Worker-56: Download sources and javadoc] INFO  o.e.m.j.internal.DownloadSourcesJob - Downloaded sources for org.junit.jupiter:junit-jupiter-engine:5.11.3
2024-12-13 16:51:30,713 [Worker-56: Download sources and javadoc] INFO  o.e.m.c.i.e.AbstractTransferListenerAdapter - Downloading https://repo.maven.apache.org/maven2/org/junit/platform/junit-platform-engine/1.11.3/junit-platform-engine-1.11.3-sources.jar
2024-12-13 16:51:30,900 [Worker-56: Download sources and javadoc] INFO  o.e.m.c.i.e.AbstractTransferListenerAdapter - Downloaded https://repo.maven.apache.org/maven2/org/junit/platform/junit-platform-engine/1.11.3/junit-platform-engine-1.11.3-sources.jar
2024-12-13 16:51:30,904 [Worker-56: Download sources and javadoc] INFO  o.e.m.j.internal.DownloadSourcesJob - Downloaded sources for org.junit.platform:junit-platform-engine:1.11.3
2024-12-13 16:51:31,167 [Worker-56: Download sources and javadoc] INFO  o.e.m.c.i.e.AbstractTransferListenerAdapter - Downloading https://repo.maven.apache.org/maven2/org/mockito/mockito-core/5.14.2/mockito-core-5.14.2-sources.jar
2024-12-13 16:51:31,526 [Worker-56: Download sources and javadoc] INFO  o.e.m.c.i.e.AbstractTransferListenerAdapter - Downloaded https://repo.maven.apache.org/maven2/org/mockito/mockito-core/5.14.2/mockito-core-5.14.2-sources.jar
2024-12-13 16:51:31,530 [Worker-56: Download sources and javadoc] INFO  o.e.m.j.internal.DownloadSourcesJob - Downloaded sources for org.mockito:mockito-core:5.14.2
2024-12-13 16:51:31,767 [Worker-56: Download sources and javadoc] INFO  o.e.m.c.i.e.AbstractTransferListenerAdapter - Downloading https://repo.maven.apache.org/maven2/net/bytebuddy/byte-buddy-agent/1.15.10/byte-buddy-agent-1.15.10-sources.jar
2024-12-13 16:51:31,954 [Worker-56: Download sources and javadoc] INFO  o.e.m.c.i.e.AbstractTransferListenerAdapter - Downloaded https://repo.maven.apache.org/maven2/net/bytebuddy/byte-buddy-agent/1.15.10/byte-buddy-agent-1.15.10-sources.jar
2024-12-13 16:51:31,958 [Worker-56: Download sources and javadoc] INFO  o.e.m.j.internal.DownloadSourcesJob - Downloaded sources for net.bytebuddy:byte-buddy-agent:1.15.10
2024-12-13 16:51:32,197 [Worker-56: Download sources and javadoc] INFO  o.e.m.c.i.e.AbstractTransferListenerAdapter - Downloading https://repo.maven.apache.org/maven2/org/objenesis/objenesis/3.3/objenesis-3.3-sources.jar
2024-12-13 16:51:32,283 [Worker-56: Download sources and javadoc] INFO  o.e.m.c.i.e.AbstractTransferListenerAdapter - Downloaded https://repo.maven.apache.org/maven2/org/objenesis/objenesis/3.3/objenesis-3.3-sources.jar
2024-12-13 16:51:32,287 [Worker-56: Download sources and javadoc] INFO  o.e.m.j.internal.DownloadSourcesJob - Downloaded sources for org.objenesis:objenesis:3.3
2024-12-13 16:51:32,518 [Worker-56: Download sources and javadoc] INFO  o.e.m.c.i.e.AbstractTransferListenerAdapter - Downloading https://repo.maven.apache.org/maven2/org/mockito/mockito-junit-jupiter/5.14.2/mockito-junit-jupiter-5.14.2-sources.jar
2024-12-13 16:51:32,531 [Worker-56: Download sources and javadoc] INFO  o.e.m.c.i.e.AbstractTransferListenerAdapter - Downloaded https://repo.maven.apache.org/maven2/org/mockito/mockito-junit-jupiter/5.14.2/mockito-junit-jupiter-5.14.2-sources.jar
2024-12-13 16:51:32,536 [Worker-56: Download sources and javadoc] INFO  o.e.m.j.internal.DownloadSourcesJob - Downloaded sources for org.mockito:mockito-junit-jupiter:5.14.2
2024-12-13 16:51:32,757 [Worker-56: Download sources and javadoc] INFO  o.e.m.c.i.e.AbstractTransferListenerAdapter - Downloading https://repo.maven.apache.org/maven2/org/skyscreamer/jsonassert/1.5.3/jsonassert-1.5.3-sources.jar
2024-12-13 16:51:32,783 [Worker-56: Download sources and javadoc] INFO  o.e.m.c.i.e.AbstractTransferListenerAdapter - Downloaded https://repo.maven.apache.org/maven2/org/skyscreamer/jsonassert/1.5.3/jsonassert-1.5.3-sources.jar
2024-12-13 16:51:32,787 [Worker-56: Download sources and javadoc] INFO  o.e.m.j.internal.DownloadSourcesJob - Downloaded sources for org.skyscreamer:jsonassert:1.5.3
2024-12-13 16:51:33,000 [Worker-56: Download sources and javadoc] INFO  o.e.m.c.i.e.AbstractTransferListenerAdapter - Downloading https://repo.maven.apache.org/maven2/com/vaadin/external/google/android-json/0.0.20131108.vaadin1/android-json-0.0.20131108.vaadin1-sources.jar
2024-12-13 16:51:33,021 [Worker-56: Download sources and javadoc] INFO  o.e.m.c.i.e.AbstractTransferListenerAdapter - Downloaded https://repo.maven.apache.org/maven2/com/vaadin/external/google/android-json/0.0.20131108.vaadin1/android-json-0.0.20131108.vaadin1-sources.jar
2024-12-13 16:51:33,026 [Worker-56: Download sources and javadoc] INFO  o.e.m.j.internal.DownloadSourcesJob - Downloaded sources for com.vaadin.external.google:android-json:0.0.20131108.vaadin1
2024-12-13 16:51:33,238 [Worker-56: Download sources and javadoc] INFO  o.e.m.c.i.e.AbstractTransferListenerAdapter - Downloading https://repo.maven.apache.org/maven2/org/springframework/spring-core/6.2.0/spring-core-6.2.0-sources.jar
2024-12-13 16:51:33,949 [Worker-56: Download sources and javadoc] INFO  o.e.m.c.i.e.AbstractTransferListenerAdapter - Downloaded https://repo.maven.apache.org/maven2/org/springframework/spring-core/6.2.0/spring-core-6.2.0-sources.jar
2024-12-13 16:51:33,953 [Worker-56: Download sources and javadoc] INFO  o.e.m.j.internal.DownloadSourcesJob - Downloaded sources for org.springframework:spring-core:6.2.0
2024-12-13 16:51:34,206 [Worker-56: Download sources and javadoc] INFO  o.e.m.c.i.e.AbstractTransferListenerAdapter - Downloading https://repo.maven.apache.org/maven2/org/springframework/spring-jcl/6.2.0/spring-jcl-6.2.0-sources.jar
2024-12-13 16:51:34,220 [Worker-56: Download sources and javadoc] INFO  o.e.m.c.i.e.AbstractTransferListenerAdapter - Downloaded https://repo.maven.apache.org/maven2/org/springframework/spring-jcl/6.2.0/spring-jcl-6.2.0-sources.jar
2024-12-13 16:51:34,224 [Worker-56: Download sources and javadoc] INFO  o.e.m.j.internal.DownloadSourcesJob - Downloaded sources for org.springframework:spring-jcl:6.2.0
2024-12-13 16:51:34,451 [Worker-56: Download sources and javadoc] INFO  o.e.m.c.i.e.AbstractTransferListenerAdapter - Downloading https://repo.maven.apache.org/maven2/org/springframework/spring-test/6.2.0/spring-test-6.2.0-sources.jar
2024-12-13 16:51:34,911 [Worker-56: Download sources and javadoc] INFO  o.e.m.c.i.e.AbstractTransferListenerAdapter - Downloaded https://repo.maven.apache.org/maven2/org/springframework/spring-test/6.2.0/spring-test-6.2.0-sources.jar
2024-12-13 16:51:34,913 [Worker-56: Download sources and javadoc] INFO  o.e.m.j.internal.DownloadSourcesJob - Downloaded sources for org.springframework:spring-test:6.2.0
2024-12-13 16:51:35,163 [Worker-56: Download sources and javadoc] INFO  o.e.m.c.i.e.AbstractTransferListenerAdapter - Downloading https://repo.maven.apache.org/maven2/org/xmlunit/xmlunit-core/2.10.0/xmlunit-core-2.10.0-sources.jar
2024-12-13 16:51:35,351 [Worker-56: Download sources and javadoc] INFO  o.e.m.c.i.e.AbstractTransferListenerAdapter - Downloaded https://repo.maven.apache.org/maven2/org/xmlunit/xmlunit-core/2.10.0/xmlunit-core-2.10.0-sources.jar
2024-12-13 16:51:35,355 [Worker-56: Download sources and javadoc] INFO  o.e.m.j.internal.DownloadSourcesJob - Downloaded sources for org.xmlunit:xmlunit-core:2.10.0
2024-12-17 19:41:14,331 [Worker-4: Loading available Gradle versions] INFO  o.e.b.c.i.u.g.PublishedGradleVersions - Gradle version information cache is out-of-date. Trying to update.
2024-12-17 20:04:51,207 [Worker-35: Building] INFO  o.a.m.s.f.DefaultMavenResourcesFiltering - Copying 1 resource from src\main\resources to target\classes
2024-12-17 20:04:51,224 [Worker-35: Building] INFO  o.a.m.s.f.DefaultMavenResourcesFiltering - Copying 0 resource from src\main\resources to target\classes
2024-12-17 20:04:51,227 [Worker-35: Building] INFO  o.a.m.s.f.DefaultMavenResourcesFiltering - Copying 0 resource from src\test\resources to target\test-classes
2024-12-17 20:13:24,494 [Worker-36: Building] INFO  o.a.m.s.f.DefaultMavenResourcesFiltering - Copying 1 resource from src\main\resources to target\classes
2024-12-17 20:13:24,501 [Worker-36: Building] INFO  o.a.m.s.f.DefaultMavenResourcesFiltering - Copying 0 resource from src\main\resources to target\classes
2024-12-17 20:13:24,503 [Worker-36: Building] INFO  o.a.m.s.f.DefaultMavenResourcesFiltering - Copying 0 resource from src\test\resources to target\test-classes
2024-12-17 20:15:54,269 [Worker-45: Building] INFO  o.a.m.s.f.DefaultMavenResourcesFiltering - Copying 0 resource from src\main\resources to target\classes
2024-12-17 20:15:54,272 [Worker-45: Building] INFO  o.a.m.s.f.DefaultMavenResourcesFiltering - Copying 1 resource from src\main\resources to target\classes
2024-12-17 20:15:54,275 [Worker-45: Building] INFO  o.a.m.s.f.DefaultMavenResourcesFiltering - Copying 0 resource from src\test\resources to target\test-classes
2024-12-17 20:20:17,612 [Worker-53: Building] INFO  o.e.m.c.i.l.LifecycleMappingFactory - Using org.eclipse.m2e.jdt.JarLifecycleMapping lifecycle mapping for MavenProject: com.jose:ejemplo1:0.0.1-SNAPSHOT @ C:\STS\springProjects\ejemplo1\pom.xml.
2024-12-17 20:20:18,118 [Worker-53: Building] INFO  o.a.m.s.f.DefaultMavenResourcesFiltering - Copying 0 resource from src\main\resources to target\classes
2024-12-17 20:20:18,119 [Worker-53: Building] INFO  o.a.m.s.f.DefaultMavenResourcesFiltering - Copying 0 resource from src\main\resources to target\classes
2024-12-17 20:20:18,122 [Worker-53: Building] INFO  o.a.m.s.f.DefaultMavenResourcesFiltering - Copying 0 resource from src\test\resources to target\test-classes
2024-12-17 20:20:19,364 [Worker-61: Building] INFO  o.a.m.s.f.DefaultMavenResourcesFiltering - Copying 1 resource from src\main\resources to target\classes
2024-12-17 20:20:19,378 [Worker-61: Building] INFO  o.a.m.s.f.DefaultMavenResourcesFiltering - Copying 1 resource from src\main\resources to target\classes
2024-12-17 20:20:19,381 [Worker-61: Building] INFO  o.a.m.s.f.DefaultMavenResourcesFiltering - Copying 0 resource from src\test\resources to target\test-classes
2024-12-17 20:21:15,879 [Worker-61: Launching ejemplo1 - Ejemplo1Application] INFO  o.e.m.c.i.l.LifecycleMappingFactory - Using org.eclipse.m2e.jdt.JarLifecycleMapping lifecycle mapping for MavenProject: com.jose:ejemplo1:0.0.1-SNAPSHOT @ C:\STS\springProjects\ejemplo1\pom.xml.
2024-12-17 20:21:16,141 [Worker-61: Launching ejemplo1 - Ejemplo1Application] INFO  o.a.m.s.f.DefaultMavenResourcesFiltering - Copying 0 resource from src\main\resources to target\classes
2024-12-17 20:21:16,141 [Worker-61: Launching ejemplo1 - Ejemplo1Application] INFO  o.a.m.s.f.DefaultMavenResourcesFiltering - Copying 1 resource from src\main\resources to target\classes
2024-12-17 20:21:16,146 [Worker-61: Launching ejemplo1 - Ejemplo1Application] INFO  o.a.m.s.f.DefaultMavenResourcesFiltering - Copying 0 resource from src\test\resources to target\test-classes
2024-12-17 20:21:16,841 [Worker-52: Building] INFO  o.a.m.s.f.DefaultMavenResourcesFiltering - Copying 1 resource from src\main\resources to target\classes
2024-12-17 20:21:16,857 [Worker-52: Building] INFO  o.a.m.s.f.DefaultMavenResourcesFiltering - Copying 1 resource from src\main\resources to target\classes
2024-12-17 20:21:16,861 [Worker-52: Building] INFO  o.a.m.s.f.DefaultMavenResourcesFiltering - Copying 0 resource from src\test\resources to target\test-classes
2024-12-17 20:27:26,300 [Worker-60: Building] INFO  o.a.m.s.f.DefaultMavenResourcesFiltering - Copying 1 resource from src\main\resources to target\classes
2024-12-17 20:27:26,305 [Worker-60: Building] INFO  o.a.m.s.f.DefaultMavenResourcesFiltering - Copying 0 resource from src\main\resources to target\classes
2024-12-17 20:27:26,307 [Worker-60: Building] INFO  o.a.m.s.f.DefaultMavenResourcesFiltering - Copying 0 resource from src\test\resources to target\test-classes
2024-12-17 20:32:05,369 [Worker-70: Building] INFO  o.a.m.s.f.DefaultMavenResourcesFiltering - Copying 0 resource from src\main\resources to target\classes
2024-12-17 20:32:05,370 [Worker-70: Building] INFO  o.a.m.s.f.DefaultMavenResourcesFiltering - Copying 1 resource from src\main\resources to target\classes
2024-12-17 20:32:05,374 [Worker-70: Building] INFO  o.a.m.s.f.DefaultMavenResourcesFiltering - Copying 0 resource from src\test\resources to target\test-classes
2024-12-17 20:42:42,260 [Worker-71: Building] INFO  o.a.m.s.f.DefaultMavenResourcesFiltering - Copying 1 resource from src\main\resources to target\classes
2024-12-17 20:42:42,267 [Worker-71: Building] INFO  o.a.m.s.f.DefaultMavenResourcesFiltering - Copying 0 resource from src\main\resources to target\classes
2024-12-17 20:42:42,270 [Worker-71: Building] INFO  o.a.m.s.f.DefaultMavenResourcesFiltering - Copying 0 resource from src\test\resources to target\test-classes
2024-12-17 20:42:46,674 [Worker-81: Launching ejemplo1 - Ejemplo1Application] INFO  o.a.m.s.f.DefaultMavenResourcesFiltering - Copying 1 resource from src\main\resources to target\classes
2024-12-17 20:42:46,680 [Worker-81: Launching ejemplo1 - Ejemplo1Application] INFO  o.a.m.s.f.DefaultMavenResourcesFiltering - Copying 1 resource from src\main\resources to target\classes
2024-12-17 20:42:46,683 [Worker-81: Launching ejemplo1 - Ejemplo1Application] INFO  o.a.m.s.f.DefaultMavenResourcesFiltering - Copying 0 resource from src\test\resources to target\test-classes
2024-12-17 20:45:34,881 [Worker-85: Building] INFO  o.a.m.s.f.DefaultMavenResourcesFiltering - Copying 1 resource from src\main\resources to target\classes
2024-12-17 20:45:34,886 [Worker-85: Building] INFO  o.a.m.s.f.DefaultMavenResourcesFiltering - Copying 1 resource from src\main\resources to target\classes
2024-12-17 20:45:34,888 [Worker-85: Building] INFO  o.a.m.s.f.DefaultMavenResourcesFiltering - Copying 0 resource from src\test\resources to target\test-classes
2024-12-17 20:46:30,783 [Worker-71: Building] INFO  o.a.m.s.f.DefaultMavenResourcesFiltering - Copying 1 resource from src\main\resources to target\classes
2024-12-17 20:46:30,789 [Worker-71: Building] INFO  o.a.m.s.f.DefaultMavenResourcesFiltering - Copying 1 resource from src\main\resources to target\classes
2024-12-17 20:46:30,790 [Worker-71: Building] INFO  o.a.m.s.f.DefaultMavenResourcesFiltering - Copying 0 resource from src\test\resources to target\test-classes
2024-12-17 20:47:42,005 [Worker-89: Building] INFO  o.a.m.s.f.DefaultMavenResourcesFiltering - Copying 0 resource from src\main\resources to target\classes
2024-12-17 20:47:42,006 [Worker-89: Building] INFO  o.a.m.s.f.DefaultMavenResourcesFiltering - Copying 1 resource from src\main\resources to target\classes
2024-12-17 20:47:42,008 [Worker-89: Building] INFO  o.a.m.s.f.DefaultMavenResourcesFiltering - Copying 0 resource from src\test\resources to target\test-classes
2024-12-17 20:49:37,646 [Worker-81: Building] INFO  o.a.m.s.f.DefaultMavenResourcesFiltering - Copying 0 resource from src\main\resources to target\classes
2024-12-17 20:49:37,647 [Worker-81: Building] INFO  o.a.m.s.f.DefaultMavenResourcesFiltering - Copying 1 resource from src\main\resources to target\classes
2024-12-17 20:49:37,649 [Worker-81: Building] INFO  o.a.m.s.f.DefaultMavenResourcesFiltering - Copying 0 resource from src\test\resources to target\test-classes
2024-12-17 20:50:56,898 [Worker-87: Building] INFO  o.a.m.s.f.DefaultMavenResourcesFiltering - Copying 0 resource from src\main\resources to target\classes
2024-12-17 20:50:56,898 [Worker-87: Building] INFO  o.a.m.s.f.DefaultMavenResourcesFiltering - Copying 1 resource from src\main\resources to target\classes
2024-12-17 20:50:56,901 [Worker-87: Building] INFO  o.a.m.s.f.DefaultMavenResourcesFiltering - Copying 0 resource from src\test\resources to target\test-classes
2024-12-17 20:56:42,257 [Worker-94: Building] INFO  o.a.m.s.f.DefaultMavenResourcesFiltering - Copying 1 resource from src\main\resources to target\classes
2024-12-17 20:56:42,263 [Worker-94: Building] INFO  o.a.m.s.f.DefaultMavenResourcesFiltering - Copying 1 resource from src\main\resources to target\classes
2024-12-17 20:56:42,264 [Worker-94: Building] INFO  o.a.m.s.f.DefaultMavenResourcesFiltering - Copying 0 resource from src\test\resources to target\test-classes
2024-12-23 11:51:52,643 [Worker-4: Loading available Gradle versions] INFO  o.e.b.c.i.u.g.PublishedGradleVersions - Gradle version information cache is out-of-date. Trying to update.
2024-12-23 11:55:24,488 [Worker-0: Building] INFO  o.a.m.s.f.DefaultMavenResourcesFiltering - skip non existing resourceDirectory C:\STS\springProjects\hibernateanotaciones3\src\main\resources
2024-12-23 11:55:24,493 [Worker-0: Building] INFO  o.a.m.s.f.DefaultMavenResourcesFiltering - skip non existing resourceDirectory C:\STS\springProjects\hibernateanotaciones3\src\test\resources
2024-12-23 12:14:55,610 [Worker-30: Launching mavenrun-6f40aac6-2823-4aff-95b2-d57fd7eaa72c] INFO  o.eclipse.m2e.core.internal.Bundles - getClasspathEntries(Bundle=org.eclipse.m2e.maven.runtime_3.9.900.20240824-1409 [360])
2024-12-23 12:14:55,611 [Worker-30: Launching mavenrun-6f40aac6-2823-4aff-95b2-d57fd7eaa72c] INFO  o.eclipse.m2e.core.internal.Bundles - 	Entry: C:\STS\SpringTool\sts-4.26.0.RELEASE\plugins\org.eclipse.m2e.maven.runtime_3.9.900.20240824-1409
2024-12-23 12:14:55,611 [Worker-30: Launching mavenrun-6f40aac6-2823-4aff-95b2-d57fd7eaa72c] INFO  o.eclipse.m2e.core.internal.Bundles - 	Entry: C:\STS\SpringTool\sts-4.26.0.RELEASE\plugins\org.eclipse.m2e.maven.runtime_3.9.900.20240824-1409\jars\aopalliance-1.0.jar
2024-12-23 12:14:55,611 [Worker-30: Launching mavenrun-6f40aac6-2823-4aff-95b2-d57fd7eaa72c] INFO  o.eclipse.m2e.core.internal.Bundles - 	Entry: C:\STS\SpringTool\sts-4.26.0.RELEASE\plugins\org.eclipse.m2e.maven.runtime_3.9.900.20240824-1409\jars\guice-5.1.0.jar
2024-12-23 12:14:55,611 [Worker-30: Launching mavenrun-6f40aac6-2823-4aff-95b2-d57fd7eaa72c] INFO  o.eclipse.m2e.core.internal.Bundles - 	Entry: C:\STS\SpringTool\sts-4.26.0.RELEASE\plugins\org.eclipse.m2e.maven.runtime_3.9.900.20240824-1409\jars\httpclient-4.5.14.jar
2024-12-23 12:14:55,611 [Worker-30: Launching mavenrun-6f40aac6-2823-4aff-95b2-d57fd7eaa72c] INFO  o.eclipse.m2e.core.internal.Bundles - 	Entry: C:\STS\SpringTool\sts-4.26.0.RELEASE\plugins\org.eclipse.m2e.maven.runtime_3.9.900.20240824-1409\jars\httpcore-4.4.16.jar
2024-12-23 12:14:55,612 [Worker-30: Launching mavenrun-6f40aac6-2823-4aff-95b2-d57fd7eaa72c] INFO  o.eclipse.m2e.core.internal.Bundles - 	Entry: C:\STS\SpringTool\sts-4.26.0.RELEASE\plugins\org.eclipse.m2e.maven.runtime_3.9.900.20240824-1409\jars\jansi-2.4.1.jar
2024-12-23 12:14:55,612 [Worker-30: Launching mavenrun-6f40aac6-2823-4aff-95b2-d57fd7eaa72c] INFO  o.eclipse.m2e.core.internal.Bundles - 	Entry: C:\STS\SpringTool\sts-4.26.0.RELEASE\plugins\org.eclipse.m2e.maven.runtime_3.9.900.20240824-1409\jars\jcl-over-slf4j-1.7.36.jar
2024-12-23 12:14:55,612 [Worker-30: Launching mavenrun-6f40aac6-2823-4aff-95b2-d57fd7eaa72c] INFO  o.eclipse.m2e.core.internal.Bundles - 	Entry: C:\STS\SpringTool\sts-4.26.0.RELEASE\plugins\org.eclipse.m2e.maven.runtime_3.9.900.20240824-1409\jars\maven-artifact-3.9.9.jar
2024-12-23 12:14:55,612 [Worker-30: Launching mavenrun-6f40aac6-2823-4aff-95b2-d57fd7eaa72c] INFO  o.eclipse.m2e.core.internal.Bundles - 	Entry: C:\STS\SpringTool\sts-4.26.0.RELEASE\plugins\org.eclipse.m2e.maven.runtime_3.9.900.20240824-1409\jars\maven-builder-support-3.9.9.jar
2024-12-23 12:14:55,612 [Worker-30: Launching mavenrun-6f40aac6-2823-4aff-95b2-d57fd7eaa72c] INFO  o.eclipse.m2e.core.internal.Bundles - 	Entry: C:\STS\SpringTool\sts-4.26.0.RELEASE\plugins\org.eclipse.m2e.maven.runtime_3.9.900.20240824-1409\jars\maven-compat-3.9.9.jar
2024-12-23 12:14:55,612 [Worker-30: Launching mavenrun-6f40aac6-2823-4aff-95b2-d57fd7eaa72c] INFO  o.eclipse.m2e.core.internal.Bundles - 	Entry: C:\STS\SpringTool\sts-4.26.0.RELEASE\plugins\org.eclipse.m2e.maven.runtime_3.9.900.20240824-1409\jars\maven-core-3.9.9.jar
2024-12-23 12:14:55,612 [Worker-30: Launching mavenrun-6f40aac6-2823-4aff-95b2-d57fd7eaa72c] INFO  o.eclipse.m2e.core.internal.Bundles - 	Entry: C:\STS\SpringTool\sts-4.26.0.RELEASE\plugins\org.eclipse.m2e.maven.runtime_3.9.900.20240824-1409\jars\maven-embedder-3.9.9.jar
2024-12-23 12:14:55,612 [Worker-30: Launching mavenrun-6f40aac6-2823-4aff-95b2-d57fd7eaa72c] INFO  o.eclipse.m2e.core.internal.Bundles - 	Entry: C:\STS\SpringTool\sts-4.26.0.RELEASE\plugins\org.eclipse.m2e.maven.runtime_3.9.900.20240824-1409\jars\maven-model-3.9.9.jar
2024-12-23 12:14:55,612 [Worker-30: Launching mavenrun-6f40aac6-2823-4aff-95b2-d57fd7eaa72c] INFO  o.eclipse.m2e.core.internal.Bundles - 	Entry: C:\STS\SpringTool\sts-4.26.0.RELEASE\plugins\org.eclipse.m2e.maven.runtime_3.9.900.20240824-1409\jars\maven-model-builder-3.9.9.jar
2024-12-23 12:14:55,612 [Worker-30: Launching mavenrun-6f40aac6-2823-4aff-95b2-d57fd7eaa72c] INFO  o.eclipse.m2e.core.internal.Bundles - 	Entry: C:\STS\SpringTool\sts-4.26.0.RELEASE\plugins\org.eclipse.m2e.maven.runtime_3.9.900.20240824-1409\jars\maven-plugin-api-3.9.9.jar
2024-12-23 12:14:55,612 [Worker-30: Launching mavenrun-6f40aac6-2823-4aff-95b2-d57fd7eaa72c] INFO  o.eclipse.m2e.core.internal.Bundles - 	Entry: C:\STS\SpringTool\sts-4.26.0.RELEASE\plugins\org.eclipse.m2e.maven.runtime_3.9.900.20240824-1409\jars\maven-repository-metadata-3.9.9.jar
2024-12-23 12:14:55,612 [Worker-30: Launching mavenrun-6f40aac6-2823-4aff-95b2-d57fd7eaa72c] INFO  o.eclipse.m2e.core.internal.Bundles - 	Entry: C:\STS\SpringTool\sts-4.26.0.RELEASE\plugins\org.eclipse.m2e.maven.runtime_3.9.900.20240824-1409\jars\maven-resolver-api-1.9.22.jar
2024-12-23 12:14:55,612 [Worker-30: Launching mavenrun-6f40aac6-2823-4aff-95b2-d57fd7eaa72c] INFO  o.eclipse.m2e.core.internal.Bundles - 	Entry: C:\STS\SpringTool\sts-4.26.0.RELEASE\plugins\org.eclipse.m2e.maven.runtime_3.9.900.20240824-1409\jars\maven-resolver-connector-basic-1.9.22.jar
2024-12-23 12:14:55,612 [Worker-30: Launching mavenrun-6f40aac6-2823-4aff-95b2-d57fd7eaa72c] INFO  o.eclipse.m2e.core.internal.Bundles - 	Entry: C:\STS\SpringTool\sts-4.26.0.RELEASE\plugins\org.eclipse.m2e.maven.runtime_3.9.900.20240824-1409\jars\maven-resolver-impl-1.9.22.jar
2024-12-23 12:14:55,612 [Worker-30: Launching mavenrun-6f40aac6-2823-4aff-95b2-d57fd7eaa72c] INFO  o.eclipse.m2e.core.internal.Bundles - 	Entry: C:\STS\SpringTool\sts-4.26.0.RELEASE\plugins\org.eclipse.m2e.maven.runtime_3.9.900.20240824-1409\jars\maven-resolver-named-locks-1.9.22.jar
2024-12-23 12:14:55,612 [Worker-30: Launching mavenrun-6f40aac6-2823-4aff-95b2-d57fd7eaa72c] INFO  o.eclipse.m2e.core.internal.Bundles - 	Entry: C:\STS\SpringTool\sts-4.26.0.RELEASE\plugins\org.eclipse.m2e.maven.runtime_3.9.900.20240824-1409\jars\maven-resolver-provider-3.9.9.jar
2024-12-23 12:14:55,612 [Worker-30: Launching mavenrun-6f40aac6-2823-4aff-95b2-d57fd7eaa72c] INFO  o.eclipse.m2e.core.internal.Bundles - 	Entry: C:\STS\SpringTool\sts-4.26.0.RELEASE\plugins\org.eclipse.m2e.maven.runtime_3.9.900.20240824-1409\jars\maven-resolver-spi-1.9.22.jar
2024-12-23 12:14:55,613 [Worker-30: Launching mavenrun-6f40aac6-2823-4aff-95b2-d57fd7eaa72c] INFO  o.eclipse.m2e.core.internal.Bundles - 	Entry: C:\STS\SpringTool\sts-4.26.0.RELEASE\plugins\org.eclipse.m2e.maven.runtime_3.9.900.20240824-1409\jars\maven-resolver-transport-file-1.9.22.jar
2024-12-23 12:14:55,613 [Worker-30: Launching mavenrun-6f40aac6-2823-4aff-95b2-d57fd7eaa72c] INFO  o.eclipse.m2e.core.internal.Bundles - 	Entry: C:\STS\SpringTool\sts-4.26.0.RELEASE\plugins\org.eclipse.m2e.maven.runtime_3.9.900.20240824-1409\jars\maven-resolver-transport-http-1.9.22.jar
2024-12-23 12:14:55,613 [Worker-30: Launching mavenrun-6f40aac6-2823-4aff-95b2-d57fd7eaa72c] INFO  o.eclipse.m2e.core.internal.Bundles - 	Entry: C:\STS\SpringTool\sts-4.26.0.RELEASE\plugins\org.eclipse.m2e.maven.runtime_3.9.900.20240824-1409\jars\maven-resolver-transport-wagon-1.9.22.jar
2024-12-23 12:14:55,613 [Worker-30: Launching mavenrun-6f40aac6-2823-4aff-95b2-d57fd7eaa72c] INFO  o.eclipse.m2e.core.internal.Bundles - 	Entry: C:\STS\SpringTool\sts-4.26.0.RELEASE\plugins\org.eclipse.m2e.maven.runtime_3.9.900.20240824-1409\jars\maven-resolver-util-1.9.22.jar
2024-12-23 12:14:55,613 [Worker-30: Launching mavenrun-6f40aac6-2823-4aff-95b2-d57fd7eaa72c] INFO  o.eclipse.m2e.core.internal.Bundles - 	Entry: C:\STS\SpringTool\sts-4.26.0.RELEASE\plugins\org.eclipse.m2e.maven.runtime_3.9.900.20240824-1409\jars\maven-settings-3.9.9.jar
2024-12-23 12:14:55,613 [Worker-30: Launching mavenrun-6f40aac6-2823-4aff-95b2-d57fd7eaa72c] INFO  o.eclipse.m2e.core.internal.Bundles - 	Entry: C:\STS\SpringTool\sts-4.26.0.RELEASE\plugins\org.eclipse.m2e.maven.runtime_3.9.900.20240824-1409\jars\maven-settings-builder-3.9.9.jar
2024-12-23 12:14:55,613 [Worker-30: Launching mavenrun-6f40aac6-2823-4aff-95b2-d57fd7eaa72c] INFO  o.eclipse.m2e.core.internal.Bundles - 	Entry: C:\STS\SpringTool\sts-4.26.0.RELEASE\plugins\org.eclipse.m2e.maven.runtime_3.9.900.20240824-1409\jars\maven-shared-utils-3.4.2.jar
2024-12-23 12:14:55,613 [Worker-30: Launching mavenrun-6f40aac6-2823-4aff-95b2-d57fd7eaa72c] INFO  o.eclipse.m2e.core.internal.Bundles - 	Entry: C:\STS\SpringTool\sts-4.26.0.RELEASE\plugins\org.eclipse.m2e.maven.runtime_3.9.900.20240824-1409\jars\org.eclipse.sisu.inject-0.9.0.M3.jar
2024-12-23 12:14:55,613 [Worker-30: Launching mavenrun-6f40aac6-2823-4aff-95b2-d57fd7eaa72c] INFO  o.eclipse.m2e.core.internal.Bundles - 	Entry: C:\STS\SpringTool\sts-4.26.0.RELEASE\plugins\org.eclipse.m2e.maven.runtime_3.9.900.20240824-1409\jars\org.eclipse.sisu.plexus-0.9.0.M3.jar
2024-12-23 12:14:55,613 [Worker-30: Launching mavenrun-6f40aac6-2823-4aff-95b2-d57fd7eaa72c] INFO  o.eclipse.m2e.core.internal.Bundles - 	Entry: C:\STS\SpringTool\sts-4.26.0.RELEASE\plugins\org.eclipse.m2e.maven.runtime_3.9.900.20240824-1409\jars\plexus-build-api-0.0.7.jar
2024-12-23 12:14:55,613 [Worker-30: Launching mavenrun-6f40aac6-2823-4aff-95b2-d57fd7eaa72c] INFO  o.eclipse.m2e.core.internal.Bundles - 	Entry: C:\STS\SpringTool\sts-4.26.0.RELEASE\plugins\org.eclipse.m2e.maven.runtime_3.9.900.20240824-1409\jars\plexus-build-api-1.2.0.jar
2024-12-23 12:14:55,613 [Worker-30: Launching mavenrun-6f40aac6-2823-4aff-95b2-d57fd7eaa72c] INFO  o.eclipse.m2e.core.internal.Bundles - 	Entry: C:\STS\SpringTool\sts-4.26.0.RELEASE\plugins\org.eclipse.m2e.maven.runtime_3.9.900.20240824-1409\jars\plexus-cipher-2.0.jar
2024-12-23 12:14:55,614 [Worker-30: Launching mavenrun-6f40aac6-2823-4aff-95b2-d57fd7eaa72c] INFO  o.eclipse.m2e.core.internal.Bundles - 	Entry: C:\STS\SpringTool\sts-4.26.0.RELEASE\plugins\org.eclipse.m2e.maven.runtime_3.9.900.20240824-1409\jars\plexus-classworlds-2.8.0.jar
2024-12-23 12:14:55,614 [Worker-30: Launching mavenrun-6f40aac6-2823-4aff-95b2-d57fd7eaa72c] INFO  o.eclipse.m2e.core.internal.Bundles - 	Entry: C:\STS\SpringTool\sts-4.26.0.RELEASE\plugins\org.eclipse.m2e.maven.runtime_3.9.900.20240824-1409\jars\plexus-component-annotations-2.1.0.jar
2024-12-23 12:14:55,614 [Worker-30: Launching mavenrun-6f40aac6-2823-4aff-95b2-d57fd7eaa72c] INFO  o.eclipse.m2e.core.internal.Bundles - 	Entry: C:\STS\SpringTool\sts-4.26.0.RELEASE\plugins\org.eclipse.m2e.maven.runtime_3.9.900.20240824-1409\jars\plexus-interpolation-1.27.jar
2024-12-23 12:14:55,614 [Worker-30: Launching mavenrun-6f40aac6-2823-4aff-95b2-d57fd7eaa72c] INFO  o.eclipse.m2e.core.internal.Bundles - 	Entry: C:\STS\SpringTool\sts-4.26.0.RELEASE\plugins\org.eclipse.m2e.maven.runtime_3.9.900.20240824-1409\jars\plexus-sec-dispatcher-2.0.jar
2024-12-23 12:14:55,614 [Worker-30: Launching mavenrun-6f40aac6-2823-4aff-95b2-d57fd7eaa72c] INFO  o.eclipse.m2e.core.internal.Bundles - 	Entry: C:\STS\SpringTool\sts-4.26.0.RELEASE\plugins\org.eclipse.m2e.maven.runtime_3.9.900.20240824-1409\jars\plexus-utils-3.5.1.jar
2024-12-23 12:14:55,615 [Worker-30: Launching mavenrun-6f40aac6-2823-4aff-95b2-d57fd7eaa72c] INFO  o.eclipse.m2e.core.internal.Bundles - 	Entry: C:\STS\SpringTool\sts-4.26.0.RELEASE\plugins\org.eclipse.m2e.maven.runtime_3.9.900.20240824-1409\jars\plexus-xml-3.0.1.jar
2024-12-23 12:14:55,615 [Worker-30: Launching mavenrun-6f40aac6-2823-4aff-95b2-d57fd7eaa72c] INFO  o.eclipse.m2e.core.internal.Bundles - 	Entry: C:\STS\SpringTool\sts-4.26.0.RELEASE\plugins\org.eclipse.m2e.maven.runtime_3.9.900.20240824-1409\jars\wagon-file-3.5.3.jar
2024-12-23 12:14:55,615 [Worker-30: Launching mavenrun-6f40aac6-2823-4aff-95b2-d57fd7eaa72c] INFO  o.eclipse.m2e.core.internal.Bundles - 	Entry: C:\STS\SpringTool\sts-4.26.0.RELEASE\plugins\org.eclipse.m2e.maven.runtime_3.9.900.20240824-1409\jars\wagon-http-3.5.3.jar
2024-12-23 12:14:55,615 [Worker-30: Launching mavenrun-6f40aac6-2823-4aff-95b2-d57fd7eaa72c] INFO  o.eclipse.m2e.core.internal.Bundles - 	Entry: C:\STS\SpringTool\sts-4.26.0.RELEASE\plugins\org.eclipse.m2e.maven.runtime_3.9.900.20240824-1409\jars\wagon-http-shared-3.5.3.jar
2024-12-23 12:14:55,615 [Worker-30: Launching mavenrun-6f40aac6-2823-4aff-95b2-d57fd7eaa72c] INFO  o.eclipse.m2e.core.internal.Bundles - 	Entry: C:\STS\SpringTool\sts-4.26.0.RELEASE\plugins\org.eclipse.m2e.maven.runtime_3.9.900.20240824-1409\jars\wagon-provider-api-3.5.3.jar
2024-12-23 12:14:55,616 [Worker-30: Launching mavenrun-6f40aac6-2823-4aff-95b2-d57fd7eaa72c] INFO  o.eclipse.m2e.core.internal.Bundles - getClasspathEntries(Bundle=com.google.guava_33.3.0.jre [29])
2024-12-23 12:14:55,616 [Worker-30: Launching mavenrun-6f40aac6-2823-4aff-95b2-d57fd7eaa72c] INFO  o.eclipse.m2e.core.internal.Bundles - 	Entry: C:\STS\SpringTool\sts-4.26.0.RELEASE\plugins\com.google.guava_33.3.0.jre.jar
2024-12-23 12:14:55,616 [Worker-30: Launching mavenrun-6f40aac6-2823-4aff-95b2-d57fd7eaa72c] INFO  o.eclipse.m2e.core.internal.Bundles - getClasspathEntries(Bundle=slf4j.api_2.0.16 [593])
2024-12-23 12:14:55,616 [Worker-30: Launching mavenrun-6f40aac6-2823-4aff-95b2-d57fd7eaa72c] INFO  o.eclipse.m2e.core.internal.Bundles - 	Entry: C:\STS\SpringTool\sts-4.26.0.RELEASE\plugins\slf4j.api_2.0.16.jar
2024-12-23 12:14:55,616 [Worker-30: Launching mavenrun-6f40aac6-2823-4aff-95b2-d57fd7eaa72c] INFO  o.eclipse.m2e.core.internal.Bundles - getClasspathEntries(Bundle=javax.inject_1.0.0.v20091030 [604])
2024-12-23 12:14:55,617 [Worker-30: Launching mavenrun-6f40aac6-2823-4aff-95b2-d57fd7eaa72c] INFO  o.eclipse.m2e.core.internal.Bundles - 	Entry: C:\STS\SpringTool\sts-4.26.0.RELEASE\plugins\javax.inject_1.0.0.v20091030.jar
2024-12-23 12:14:55,617 [Worker-30: Launching mavenrun-6f40aac6-2823-4aff-95b2-d57fd7eaa72c] INFO  o.eclipse.m2e.core.internal.Bundles - getClasspathEntries(Bundle=javax.annotation_1.3.5.v20200909-1856 [603])
2024-12-23 12:14:55,617 [Worker-30: Launching mavenrun-6f40aac6-2823-4aff-95b2-d57fd7eaa72c] INFO  o.eclipse.m2e.core.internal.Bundles - 	Entry: C:\STS\SpringTool\sts-4.26.0.RELEASE\plugins\javax.annotation_1.3.5.v20200909-1856.jar
2024-12-23 12:14:55,617 [Worker-30: Launching mavenrun-6f40aac6-2823-4aff-95b2-d57fd7eaa72c] INFO  o.eclipse.m2e.core.internal.Bundles - getClasspathEntries(Bundle=org.apache.commons.cli_1.9.0 [77])
2024-12-23 12:14:55,617 [Worker-30: Launching mavenrun-6f40aac6-2823-4aff-95b2-d57fd7eaa72c] INFO  o.eclipse.m2e.core.internal.Bundles - 	Entry: C:\STS\SpringTool\sts-4.26.0.RELEASE\plugins\org.apache.commons.cli_1.9.0.jar
2024-12-23 12:14:55,617 [Worker-30: Launching mavenrun-6f40aac6-2823-4aff-95b2-d57fd7eaa72c] INFO  o.eclipse.m2e.core.internal.Bundles - getClasspathEntries(Bundle=org.apache.commons.commons-codec_1.16.0 [80])
2024-12-23 12:14:55,617 [Worker-30: Launching mavenrun-6f40aac6-2823-4aff-95b2-d57fd7eaa72c] INFO  o.eclipse.m2e.core.internal.Bundles - 	Entry: C:\STS\SpringTool\sts-4.26.0.RELEASE\plugins\org.apache.commons.commons-codec_1.16.0.jar
2024-12-23 12:14:55,617 [Worker-30: Launching mavenrun-6f40aac6-2823-4aff-95b2-d57fd7eaa72c] INFO  o.eclipse.m2e.core.internal.Bundles - getClasspathEntries(Bundle=com.google.guava.failureaccess_1.0.2 [30])
2024-12-23 12:14:55,617 [Worker-30: Launching mavenrun-6f40aac6-2823-4aff-95b2-d57fd7eaa72c] INFO  o.eclipse.m2e.core.internal.Bundles - 	Entry: C:\STS\SpringTool\sts-4.26.0.RELEASE\plugins\com.google.guava.failureaccess_1.0.2.jar
2024-12-23 12:14:55,619 [Worker-30: Launching mavenrun-6f40aac6-2823-4aff-95b2-d57fd7eaa72c] INFO  o.e.m.i.launch.MavenLaunchDelegate - Run build in "C:\Users\JOSEPI~1\AppData\Local\Temp\m2e-archetypeGenerator3474159261260061680":
2024-12-23 12:14:55,622 [Worker-30: Launching mavenrun-6f40aac6-2823-4aff-95b2-d57fd7eaa72c] INFO  o.e.m.i.launch.MavenLaunchDelegate -  mvn  -DarchetypeGroupId=org.apache.maven.archetypes -DarchetypeArtifactId=maven-archetype-quickstart -DarchetypeVersion=1.1 -DgroupId=com.jose -DartifactId=practica04 -Dversion=0.0.1-SNAPSHOT -Dpackage=com.jose.practica04 -DoutputDirectory=C:\STS\springProjects -Dstyle.color=always -U archetype:generate
2024-12-23 12:16:21,150 [Worker-33: Creating maven-archetype-quickstart] INFO  o.e.m.c.i.p.ProjectConfigurationManager - Collecting project info '/pom.xml' C:\STS\springProjects\practica04\pom.xml
2024-12-23 12:16:21,394 [Worker-33: Creating maven-archetype-quickstart] INFO  o.e.m.c.i.l.LifecycleMappingFactory - Using org.eclipse.m2e.jdt.JarLifecycleMapping lifecycle mapping for MavenProject: com.jose:practica04:0.0.1-SNAPSHOT @ C:\STS\springProjects\practica04\pom.xml.
2024-12-23 12:16:21,656 [Worker-33: Creating maven-archetype-quickstart] INFO  o.e.m.j.i.AbstractJavaProjectConfigurator - Adding source folder /practica04/src/main/java
2024-12-23 12:16:21,657 [Worker-33: Creating maven-archetype-quickstart] INFO  o.e.m.j.i.AbstractJavaProjectConfigurator - Adding resource folder /practica04/src/main/resources
2024-12-23 12:16:21,660 [Worker-33: Creating maven-archetype-quickstart] INFO  o.e.m.j.i.AbstractJavaProjectConfigurator - Adding source folder /practica04/src/test/java
2024-12-23 12:16:21,661 [Worker-33: Creating maven-archetype-quickstart] INFO  o.e.m.j.i.AbstractJavaProjectConfigurator - Adding resource folder /practica04/src/test/resources
2024-12-23 12:16:21,728 [Worker-33: Creating maven-archetype-quickstart] INFO  o.e.m.c.i.p.ProjectConfigurationManager - Imported and configured 1 project(s) in 0 sec
2024-12-23 12:16:22,012 [Worker-36: Building] INFO  o.a.m.s.f.DefaultMavenResourcesFiltering - skip non existing resourceDirectory C:\STS\springProjects\practica04\src\main\resources
2024-12-23 12:16:22,016 [Worker-36: Building] INFO  o.a.m.s.f.DefaultMavenResourcesFiltering - skip non existing resourceDirectory C:\STS\springProjects\practica04\src\test\resources
2024-12-23 12:16:55,388 [Worker-32: Building] INFO  o.a.m.s.f.DefaultMavenResourcesFiltering - skip non existing resourceDirectory C:\STS\springProjects\practica04\src\main\resources
2024-12-23 12:16:55,390 [Worker-32: Building] INFO  o.a.m.s.f.DefaultMavenResourcesFiltering - skip non existing resourceDirectory C:\STS\springProjects\practica04\src\test\resources
2024-12-23 12:18:33,928 [Worker-29: Building] INFO  o.e.m.c.i.l.LifecycleMappingFactory - Using org.eclipse.m2e.jdt.JarLifecycleMapping lifecycle mapping for MavenProject: com.jose:practica04:0.0.1-SNAPSHOT @ C:\STS\springProjects\practica04\pom.xml.
2024-12-23 12:18:34,098 [Worker-29: Building] INFO  o.a.m.s.f.DefaultMavenResourcesFiltering - skip non existing resourceDirectory C:\STS\springProjects\practica04\src\main\resources
2024-12-23 12:18:34,103 [Worker-29: Building] INFO  o.a.m.s.f.DefaultMavenResourcesFiltering - skip non existing resourceDirectory C:\STS\springProjects\practica04\src\test\resources
2024-12-23 12:18:35,490 [Worker-29: Building] INFO  o.a.m.s.f.DefaultMavenResourcesFiltering - skip non existing resourceDirectory C:\STS\springProjects\practica04\src\main\resources
2024-12-23 12:18:35,491 [Worker-29: Building] INFO  o.a.m.s.f.DefaultMavenResourcesFiltering - skip non existing resourceDirectory C:\STS\springProjects\practica04\src\test\resources
2024-12-23 12:19:24,630 [Worker-37: Building] INFO  o.a.m.s.f.DefaultMavenResourcesFiltering - skip non existing resourceDirectory C:\STS\springProjects\practica04\src\main\resources
2024-12-23 12:19:24,632 [Worker-37: Building] INFO  o.a.m.s.f.DefaultMavenResourcesFiltering - skip non existing resourceDirectory C:\STS\springProjects\practica04\src\test\resources
2024-12-23 12:21:33,000 [Worker-33: Building] INFO  o.a.m.s.f.DefaultMavenResourcesFiltering - skip non existing resourceDirectory C:\STS\springProjects\practica04\src\main\resources
2024-12-23 12:21:33,001 [Worker-33: Building] INFO  o.a.m.s.f.DefaultMavenResourcesFiltering - skip non existing resourceDirectory C:\STS\springProjects\practica04\src\test\resources
2024-12-23 12:23:09,571 [main] INFO  org.hibernate.cfg.Environment - Hibernate 3.5.6-Final
2024-12-23 12:23:09,575 [main] INFO  org.hibernate.cfg.Environment - hibernate.properties not found
2024-12-23 12:23:09,577 [main] INFO  org.hibernate.cfg.Environment - Bytecode provider name : javassist
2024-12-23 12:23:09,582 [main] INFO  org.hibernate.cfg.Environment - using JDK 1.4 java.sql.Timestamp handling
2024-12-23 12:23:09,649 [main] INFO  org.hibernate.cfg.Configuration - configuring from XML document
2024-12-23 12:23:09,650 [main] INFO  org.hibernate.cfg.Configuration - Configured SessionFactory: null
2024-12-23 12:23:14,678 [main] INFO  org.hibernate.cfg.Configuration - configuring from XML document
2024-12-23 12:23:14,678 [main] INFO  org.hibernate.cfg.Configuration - Configured SessionFactory: null
2024-12-23 12:23:52,105 [main] INFO  org.hibernate.cfg.Configuration - configuring from XML document
2024-12-23 12:23:52,106 [main] INFO  org.hibernate.cfg.Configuration - Configured SessionFactory: null
2024-12-23 12:23:52,125 [main] INFO  org.hibernate.cfg.Configuration - configuring from XML document
2024-12-23 12:23:52,126 [main] INFO  org.hibernate.cfg.Configuration - Configured SessionFactory: null
2024-12-23 12:23:52,157 [main] INFO  org.hibernate.cfg.Configuration - configuring from XML document
2024-12-23 12:23:52,157 [main] INFO  org.hibernate.cfg.Configuration - Configured SessionFactory: null
2024-12-23 12:23:53,510 [main] INFO  org.hibernate.cfg.Configuration - configuring from XML document
2024-12-23 12:23:53,511 [main] INFO  org.hibernate.cfg.Configuration - Configured SessionFactory: null
2024-12-23 12:24:19,771 [main] INFO  o.hibernate.cfg.annotations.Version - Hibernate Annotations 3.5.6-Final
2024-12-23 12:24:19,789 [main] INFO  org.hibernate.cfg.Configuration - configuring from XML document
2024-12-23 12:24:19,789 [main] INFO  org.hibernate.cfg.Configuration - Configured SessionFactory: null
2024-12-23 12:24:19,806 [main] INFO  o.h.cfg.AnnotationConfiguration - Hibernate Validator not found: ignoring
2024-12-23 12:28:17,359 [Worker-35: Building] INFO  o.a.m.s.f.DefaultMavenResourcesFiltering - skip non existing resourceDirectory C:\STS\springProjects\practica04\src\main\resources
2024-12-23 12:28:17,362 [Worker-35: Building] INFO  o.a.m.s.f.DefaultMavenResourcesFiltering - skip non existing resourceDirectory C:\STS\springProjects\practica04\src\test\resources
2024-12-23 12:35:06,130 [Worker-44: Building] INFO  o.a.m.s.f.DefaultMavenResourcesFiltering - skip non existing resourceDirectory C:\STS\springProjects\hibernateanotaciones3\src\main\resources
2024-12-23 12:35:06,133 [Worker-44: Building] INFO  o.a.m.s.f.DefaultMavenResourcesFiltering - skip non existing resourceDirectory C:\STS\springProjects\hibernateanotaciones3\src\test\resources
2024-12-23 12:36:31,448 [Worker-44: Building] INFO  o.a.m.s.f.DefaultMavenResourcesFiltering - skip non existing resourceDirectory C:\STS\springProjects\practica04\src\main\resources
2024-12-23 12:36:31,451 [Worker-44: Building] INFO  o.a.m.s.f.DefaultMavenResourcesFiltering - skip non existing resourceDirectory C:\STS\springProjects\practica04\src\test\resources
2024-12-23 12:36:45,006 [Worker-35: Building] INFO  o.a.m.s.f.DefaultMavenResourcesFiltering - skip non existing resourceDirectory C:\STS\springProjects\hibernateanotaciones3\src\main\resources
2024-12-23 12:36:45,008 [Worker-35: Building] INFO  o.a.m.s.f.DefaultMavenResourcesFiltering - skip non existing resourceDirectory C:\STS\springProjects\hibernateanotaciones3\src\test\resources
2024-12-23 12:46:04,879 [Worker-42: Building] INFO  o.a.m.s.f.DefaultMavenResourcesFiltering - skip non existing resourceDirectory C:\STS\springProjects\practica04\src\main\resources
2024-12-23 12:46:04,881 [Worker-42: Building] INFO  o.a.m.s.f.DefaultMavenResourcesFiltering - skip non existing resourceDirectory C:\STS\springProjects\practica04\src\test\resources
2024-12-23 12:46:20,143 [Worker-44: Building] INFO  o.a.m.s.f.DefaultMavenResourcesFiltering - skip non existing resourceDirectory C:\STS\springProjects\practica04\src\main\resources
2024-12-23 12:46:20,145 [Worker-44: Building] INFO  o.a.m.s.f.DefaultMavenResourcesFiltering - skip non existing resourceDirectory C:\STS\springProjects\practica04\src\test\resources
2024-12-23 18:24:29,406 [Worker-7: Loading available Gradle versions] INFO  o.e.b.c.i.u.g.PublishedGradleVersions - Gradle version information cache is up-to-date. Trying to read.
2024-12-23 18:26:39,866 [main] INFO  org.hibernate.cfg.Environment - Hibernate 3.5.6-Final
2024-12-23 18:26:39,884 [main] INFO  org.hibernate.cfg.Environment - hibernate.properties not found
2024-12-23 18:26:39,888 [main] INFO  org.hibernate.cfg.Environment - Bytecode provider name : javassist
2024-12-23 18:26:39,895 [main] INFO  org.hibernate.cfg.Environment - using JDK 1.4 java.sql.Timestamp handling
2024-12-23 18:26:40,004 [main] INFO  org.hibernate.cfg.Configuration - configuring from XML document
2024-12-23 18:26:40,005 [main] INFO  org.hibernate.cfg.Configuration - Configured SessionFactory: null
2024-12-23 18:35:27,203 [Worker-27: Building] INFO  o.a.m.s.f.DefaultMavenResourcesFiltering - skip non existing resourceDirectory C:\STS\springProjects\practica04\src\main\resources
2024-12-23 18:35:27,207 [Worker-27: Building] INFO  o.a.m.s.f.DefaultMavenResourcesFiltering - skip non existing resourceDirectory C:\STS\springProjects\practica04\src\test\resources
2024-12-23 18:35:37,031 [Worker-25: Building] INFO  o.a.m.s.f.DefaultMavenResourcesFiltering - skip non existing resourceDirectory C:\STS\springProjects\practica04\src\main\resources
2024-12-23 18:35:37,032 [Worker-25: Building] INFO  o.a.m.s.f.DefaultMavenResourcesFiltering - skip non existing resourceDirectory C:\STS\springProjects\practica04\src\test\resources
2024-12-23 18:39:17,901 [Worker-28: Building] INFO  o.a.m.s.f.DefaultMavenResourcesFiltering - skip non existing resourceDirectory C:\STS\springProjects\practica04\src\main\resources
2024-12-23 18:39:17,903 [Worker-28: Building] INFO  o.a.m.s.f.DefaultMavenResourcesFiltering - skip non existing resourceDirectory C:\STS\springProjects\practica04\src\test\resources
2024-12-23 18:40:26,741 [Worker-1: Launching App (4)] INFO  o.a.m.s.f.DefaultMavenResourcesFiltering - skip non existing resourceDirectory C:\STS\springProjects\practica04\src\main\resources
2024-12-23 18:40:26,743 [Worker-1: Launching App (4)] INFO  o.a.m.s.f.DefaultMavenResourcesFiltering - skip non existing resourceDirectory C:\STS\springProjects\practica04\src\test\resources
2024-12-23 18:42:10,295 [Worker-26: Launching App (4)] INFO  o.a.m.s.f.DefaultMavenResourcesFiltering - skip non existing resourceDirectory C:\STS\springProjects\practica04\src\main\resources
2024-12-23 18:42:10,297 [Worker-26: Launching App (4)] INFO  o.a.m.s.f.DefaultMavenResourcesFiltering - skip non existing resourceDirectory C:\STS\springProjects\practica04\src\test\resources
2024-12-23 18:43:18,341 [Worker-1: Building] INFO  o.a.m.s.f.DefaultMavenResourcesFiltering - skip non existing resourceDirectory C:\STS\springProjects\practica04\src\main\resources
2024-12-23 18:43:18,343 [Worker-1: Building] INFO  o.a.m.s.f.DefaultMavenResourcesFiltering - skip non existing resourceDirectory C:\STS\springProjects\practica04\src\test\resources
2024-12-23 18:47:40,535 [Worker-26: Launching App (4)] INFO  o.a.m.s.f.DefaultMavenResourcesFiltering - skip non existing resourceDirectory C:\STS\springProjects\practica04\src\main\resources
2024-12-23 18:47:40,537 [Worker-26: Launching App (4)] INFO  o.a.m.s.f.DefaultMavenResourcesFiltering - skip non existing resourceDirectory C:\STS\springProjects\practica04\src\test\resources
2024-12-23 19:00:16,940 [Worker-33: Building] INFO  o.a.m.s.f.DefaultMavenResourcesFiltering - skip non existing resourceDirectory C:\STS\springProjects\practica04\src\main\resources
2024-12-23 19:00:16,941 [Worker-33: Building] INFO  o.a.m.s.f.DefaultMavenResourcesFiltering - skip non existing resourceDirectory C:\STS\springProjects\practica04\src\test\resources
2024-12-23 19:00:19,127 [Worker-31: Building] INFO  o.a.m.s.f.DefaultMavenResourcesFiltering - skip non existing resourceDirectory C:\STS\springProjects\practica04\src\main\resources
2024-12-23 19:00:19,128 [Worker-31: Building] INFO  o.a.m.s.f.DefaultMavenResourcesFiltering - skip non existing resourceDirectory C:\STS\springProjects\practica04\src\test\resources
2024-12-23 19:00:41,626 [Worker-29: Building] INFO  o.a.m.s.f.DefaultMavenResourcesFiltering - skip non existing resourceDirectory C:\STS\springProjects\practica04\src\main\resources
2024-12-23 19:00:41,628 [Worker-29: Building] INFO  o.a.m.s.f.DefaultMavenResourcesFiltering - skip non existing resourceDirectory C:\STS\springProjects\practica04\src\test\resources
2024-12-23 19:05:07,530 [Worker-36: Launching App (4)] INFO  o.a.m.s.f.DefaultMavenResourcesFiltering - skip non existing resourceDirectory C:\STS\springProjects\practica04\src\main\resources
2024-12-23 19:05:07,531 [Worker-36: Launching App (4)] INFO  o.a.m.s.f.DefaultMavenResourcesFiltering - skip non existing resourceDirectory C:\STS\springProjects\practica04\src\test\resources
2024-12-23 19:06:26,707 [Worker-36: Launching App (2)] INFO  o.a.m.s.f.DefaultMavenResourcesFiltering - skip non existing resourceDirectory C:\STS\springProjects\hibernateanotaciones2\src\main\resources
2024-12-23 19:06:26,709 [Worker-36: Launching App (2)] INFO  o.a.m.s.f.DefaultMavenResourcesFiltering - skip non existing resourceDirectory C:\STS\springProjects\hibernateanotaciones2\src\test\resources
2024-12-23 19:07:47,740 [Worker-32: Launching App (2)] INFO  o.a.m.s.f.DefaultMavenResourcesFiltering - skip non existing resourceDirectory C:\STS\springProjects\hibernateanotaciones2\src\main\resources
2024-12-23 19:07:47,743 [Worker-32: Launching App (2)] INFO  o.a.m.s.f.DefaultMavenResourcesFiltering - skip non existing resourceDirectory C:\STS\springProjects\hibernateanotaciones2\src\test\resources
2024-12-23 19:08:10,563 [Worker-34: Launching App (4)] INFO  o.a.m.s.f.DefaultMavenResourcesFiltering - skip non existing resourceDirectory C:\STS\springProjects\practica04\src\main\resources
2024-12-23 19:08:10,565 [Worker-34: Launching App (4)] INFO  o.a.m.s.f.DefaultMavenResourcesFiltering - skip non existing resourceDirectory C:\STS\springProjects\practica04\src\test\resources
2024-12-23 19:10:29,678 [Worker-38: Launching App (4)] INFO  o.a.m.s.f.DefaultMavenResourcesFiltering - skip non existing resourceDirectory C:\STS\springProjects\practica04\src\main\resources
2024-12-23 19:10:29,681 [Worker-38: Launching App (4)] INFO  o.a.m.s.f.DefaultMavenResourcesFiltering - skip non existing resourceDirectory C:\STS\springProjects\practica04\src\test\resources
2024-12-23 19:15:12,744 [Worker-43: Launching App (4)] INFO  o.a.m.s.f.DefaultMavenResourcesFiltering - skip non existing resourceDirectory C:\STS\springProjects\practica04\src\main\resources
2024-12-23 19:15:12,747 [Worker-43: Launching App (4)] INFO  o.a.m.s.f.DefaultMavenResourcesFiltering - skip non existing resourceDirectory C:\STS\springProjects\practica04\src\test\resources
2024-12-23 19:21:59,456 [Worker-45: Launching App (4)] INFO  o.a.m.s.f.DefaultMavenResourcesFiltering - skip non existing resourceDirectory C:\STS\springProjects\practica04\src\main\resources
2024-12-23 19:21:59,460 [Worker-45: Launching App (4)] INFO  o.a.m.s.f.DefaultMavenResourcesFiltering - skip non existing resourceDirectory C:\STS\springProjects\practica04\src\test\resources
2024-12-23 19:23:19,647 [Worker-48: Launching App (4)] INFO  o.a.m.s.f.DefaultMavenResourcesFiltering - skip non existing resourceDirectory C:\STS\springProjects\practica04\src\main\resources
2024-12-23 19:23:19,649 [Worker-48: Launching App (4)] INFO  o.a.m.s.f.DefaultMavenResourcesFiltering - skip non existing resourceDirectory C:\STS\springProjects\practica04\src\test\resources
2024-12-23 19:25:55,282 [Worker-46: Launching App (4)] INFO  o.a.m.s.f.DefaultMavenResourcesFiltering - skip non existing resourceDirectory C:\STS\springProjects\practica04\src\main\resources
2024-12-23 19:25:55,285 [Worker-46: Launching App (4)] INFO  o.a.m.s.f.DefaultMavenResourcesFiltering - skip non existing resourceDirectory C:\STS\springProjects\practica04\src\test\resources
2024-12-23 19:32:41,085 [Worker-52: Launching App (4)] INFO  o.a.m.s.f.DefaultMavenResourcesFiltering - skip non existing resourceDirectory C:\STS\springProjects\practica04\src\main\resources
2024-12-23 19:32:41,088 [Worker-52: Launching App (4)] INFO  o.a.m.s.f.DefaultMavenResourcesFiltering - skip non existing resourceDirectory C:\STS\springProjects\practica04\src\test\resources
2024-12-23 19:41:06,973 [Worker-56: Building] INFO  o.a.m.s.f.DefaultMavenResourcesFiltering - skip non existing resourceDirectory C:\STS\springProjects\practica04\src\main\resources
2024-12-23 19:41:06,974 [Worker-56: Building] INFO  o.a.m.s.f.DefaultMavenResourcesFiltering - skip non existing resourceDirectory C:\STS\springProjects\practica04\src\test\resources
2024-12-23 19:41:09,631 [Worker-46: Building] INFO  o.a.m.s.f.DefaultMavenResourcesFiltering - skip non existing resourceDirectory C:\STS\springProjects\hibernateanotaciones2\src\main\resources
2024-12-23 19:41:09,632 [Worker-46: Building] INFO  o.a.m.s.f.DefaultMavenResourcesFiltering - skip non existing resourceDirectory C:\STS\springProjects\hibernateanotaciones2\src\test\resources
2024-12-23 19:46:46,468 [Worker-57: Launching App (4)] INFO  o.a.m.s.f.DefaultMavenResourcesFiltering - skip non existing resourceDirectory C:\STS\springProjects\practica04\src\main\resources
2024-12-23 19:46:46,470 [Worker-57: Launching App (4)] INFO  o.a.m.s.f.DefaultMavenResourcesFiltering - skip non existing resourceDirectory C:\STS\springProjects\practica04\src\test\resources
2024-12-23 19:48:20,272 [Worker-59: Launching App (4)] INFO  o.a.m.s.f.DefaultMavenResourcesFiltering - skip non existing resourceDirectory C:\STS\springProjects\practica04\src\main\resources
2024-12-23 19:48:20,274 [Worker-59: Launching App (4)] INFO  o.a.m.s.f.DefaultMavenResourcesFiltering - skip non existing resourceDirectory C:\STS\springProjects\practica04\src\test\resources
2024-12-23 19:49:12,209 [Worker-58: Launching App (4)] INFO  o.a.m.s.f.DefaultMavenResourcesFiltering - skip non existing resourceDirectory C:\STS\springProjects\practica04\src\main\resources
2024-12-23 19:49:12,211 [Worker-58: Launching App (4)] INFO  o.a.m.s.f.DefaultMavenResourcesFiltering - skip non existing resourceDirectory C:\STS\springProjects\practica04\src\test\resources
2024-12-23 19:50:35,132 [Worker-57: Launching App (4)] INFO  o.a.m.s.f.DefaultMavenResourcesFiltering - skip non existing resourceDirectory C:\STS\springProjects\practica04\src\main\resources
2024-12-23 19:50:35,134 [Worker-57: Launching App (4)] INFO  o.a.m.s.f.DefaultMavenResourcesFiltering - skip non existing resourceDirectory C:\STS\springProjects\practica04\src\test\resources
2024-12-23 19:51:12,610 [Worker-57: Launching App (4)] INFO  o.a.m.s.f.DefaultMavenResourcesFiltering - skip non existing resourceDirectory C:\STS\springProjects\practica04\src\main\resources
2024-12-23 19:51:12,612 [Worker-57: Launching App (4)] INFO  o.a.m.s.f.DefaultMavenResourcesFiltering - skip non existing resourceDirectory C:\STS\springProjects\practica04\src\test\resources
2024-12-23 19:51:23,665 [Worker-57: Launching App (4)] INFO  o.a.m.s.f.DefaultMavenResourcesFiltering - skip non existing resourceDirectory C:\STS\springProjects\practica04\src\main\resources
2024-12-23 19:51:23,667 [Worker-57: Launching App (4)] INFO  o.a.m.s.f.DefaultMavenResourcesFiltering - skip non existing resourceDirectory C:\STS\springProjects\practica04\src\test\resources
2024-12-23 19:52:07,588 [Worker-61: Launching App (4)] INFO  o.a.m.s.f.DefaultMavenResourcesFiltering - skip non existing resourceDirectory C:\STS\springProjects\practica04\src\main\resources
2024-12-23 19:52:07,589 [Worker-61: Launching App (4)] INFO  o.a.m.s.f.DefaultMavenResourcesFiltering - skip non existing resourceDirectory C:\STS\springProjects\practica04\src\test\resources
2024-12-24 11:21:52,153 [Worker-4: Loading available Gradle versions] INFO  o.e.b.c.i.u.g.PublishedGradleVersions - Gradle version information cache is up-to-date. Trying to read.
2024-12-24 11:43:30,048 [Worker-28: Launching App (4)] INFO  o.a.m.s.f.DefaultMavenResourcesFiltering - skip non existing resourceDirectory C:\STS\springProjects\practica04\src\main\resources
2024-12-24 11:43:30,056 [Worker-28: Launching App (4)] INFO  o.a.m.s.f.DefaultMavenResourcesFiltering - skip non existing resourceDirectory C:\STS\springProjects\practica04\src\test\resources
2024-12-24 11:43:44,762 [Worker-28: Building] INFO  o.a.m.s.f.DefaultMavenResourcesFiltering - skip non existing resourceDirectory C:\STS\springProjects\practica04\src\main\resources
2024-12-24 11:43:44,764 [Worker-28: Building] INFO  o.a.m.s.f.DefaultMavenResourcesFiltering - skip non existing resourceDirectory C:\STS\springProjects\practica04\src\test\resources
2024-12-24 11:51:52,201 [Worker-23: Launching App (4)] INFO  o.a.m.s.f.DefaultMavenResourcesFiltering - skip non existing resourceDirectory C:\STS\springProjects\practica04\src\main\resources
2024-12-24 11:51:52,203 [Worker-23: Launching App (4)] INFO  o.a.m.s.f.DefaultMavenResourcesFiltering - skip non existing resourceDirectory C:\STS\springProjects\practica04\src\test\resources
2024-12-24 12:02:38,723 [Worker-29: Launching App (4)] INFO  o.a.m.s.f.DefaultMavenResourcesFiltering - skip non existing resourceDirectory C:\STS\springProjects\practica04\src\main\resources
2024-12-24 12:02:38,726 [Worker-29: Launching App (4)] INFO  o.a.m.s.f.DefaultMavenResourcesFiltering - skip non existing resourceDirectory C:\STS\springProjects\practica04\src\test\resources
2024-12-24 12:04:27,918 [Worker-42: Launching App (4)] INFO  o.a.m.s.f.DefaultMavenResourcesFiltering - skip non existing resourceDirectory C:\STS\springProjects\practica04\src\main\resources
2024-12-24 12:04:27,921 [Worker-42: Launching App (4)] INFO  o.a.m.s.f.DefaultMavenResourcesFiltering - skip non existing resourceDirectory C:\STS\springProjects\practica04\src\test\resources
2024-12-24 12:08:55,210 [Worker-41: Launching App (4)] INFO  o.a.m.s.f.DefaultMavenResourcesFiltering - skip non existing resourceDirectory C:\STS\springProjects\practica04\src\main\resources
2024-12-24 12:08:55,213 [Worker-41: Launching App (4)] INFO  o.a.m.s.f.DefaultMavenResourcesFiltering - skip non existing resourceDirectory C:\STS\springProjects\practica04\src\test\resources
2024-12-24 12:20:07,450 [Worker-49: Launching App (4)] INFO  o.a.m.s.f.DefaultMavenResourcesFiltering - skip non existing resourceDirectory C:\STS\springProjects\practica04\src\main\resources
2024-12-24 12:20:07,453 [Worker-49: Launching App (4)] INFO  o.a.m.s.f.DefaultMavenResourcesFiltering - skip non existing resourceDirectory C:\STS\springProjects\practica04\src\test\resources
2024-12-24 12:20:40,719 [Worker-48: Launching App (4)] INFO  o.a.m.s.f.DefaultMavenResourcesFiltering - skip non existing resourceDirectory C:\STS\springProjects\practica04\src\main\resources
2024-12-24 12:20:40,722 [Worker-48: Launching App (4)] INFO  o.a.m.s.f.DefaultMavenResourcesFiltering - skip non existing resourceDirectory C:\STS\springProjects\practica04\src\test\resources
2024-12-24 12:22:01,468 [Worker-50: Launching App (4)] INFO  o.a.m.s.f.DefaultMavenResourcesFiltering - skip non existing resourceDirectory C:\STS\springProjects\practica04\src\main\resources
2024-12-24 12:22:01,471 [Worker-50: Launching App (4)] INFO  o.a.m.s.f.DefaultMavenResourcesFiltering - skip non existing resourceDirectory C:\STS\springProjects\practica04\src\test\resources
2024-12-24 12:26:45,385 [Worker-52: Launching App (4)] INFO  o.a.m.s.f.DefaultMavenResourcesFiltering - skip non existing resourceDirectory C:\STS\springProjects\practica04\src\main\resources
2024-12-24 12:26:45,388 [Worker-52: Launching App (4)] INFO  o.a.m.s.f.DefaultMavenResourcesFiltering - skip non existing resourceDirectory C:\STS\springProjects\practica04\src\test\resources
2024-12-24 12:36:44,302 [Worker-58: Launching App (4)] INFO  o.a.m.s.f.DefaultMavenResourcesFiltering - skip non existing resourceDirectory C:\STS\springProjects\practica04\src\main\resources
2024-12-24 12:36:44,304 [Worker-58: Launching App (4)] INFO  o.a.m.s.f.DefaultMavenResourcesFiltering - skip non existing resourceDirectory C:\STS\springProjects\practica04\src\test\resources
2024-12-26 10:16:26,400 [Worker-4: Loading available Gradle versions] INFO  o.e.b.c.i.u.g.PublishedGradleVersions - Gradle version information cache is out-of-date. Trying to update.
2024-12-26 11:01:54,728 [Worker-40: Building] INFO  o.a.m.s.f.DefaultMavenResourcesFiltering - skip non existing resourceDirectory C:\STS\springProjects\practica04\src\main\resources
2024-12-26 11:01:54,746 [Worker-40: Building] INFO  o.a.m.s.f.DefaultMavenResourcesFiltering - skip non existing resourceDirectory C:\STS\springProjects\practica04\src\test\resources
2024-12-26 11:08:06,407 [Worker-40: Launching App (4)] INFO  o.a.m.s.f.DefaultMavenResourcesFiltering - skip non existing resourceDirectory C:\STS\springProjects\practica04\src\main\resources
2024-12-26 11:08:06,416 [Worker-40: Launching App (4)] INFO  o.a.m.s.f.DefaultMavenResourcesFiltering - skip non existing resourceDirectory C:\STS\springProjects\practica04\src\test\resources
2024-12-26 11:10:00,901 [Worker-47: Launching App (4)] INFO  o.a.m.s.f.DefaultMavenResourcesFiltering - skip non existing resourceDirectory C:\STS\springProjects\practica04\src\main\resources
2024-12-26 11:10:00,905 [Worker-47: Launching App (4)] INFO  o.a.m.s.f.DefaultMavenResourcesFiltering - skip non existing resourceDirectory C:\STS\springProjects\practica04\src\test\resources
2024-12-26 16:56:18,286 [Worker-4: Loading available Gradle versions] INFO  o.e.b.c.i.u.g.PublishedGradleVersions - Gradle version information cache is up-to-date. Trying to read.
2024-12-26 17:31:23,350 [Worker-49: Building] INFO  o.a.m.s.f.DefaultMavenResourcesFiltering - skip non existing resourceDirectory C:\STS\springProjects\practica04\src\main\resources
2024-12-26 17:31:23,377 [Worker-49: Building] INFO  o.a.m.s.f.DefaultMavenResourcesFiltering - skip non existing resourceDirectory C:\STS\springProjects\practica04\src\test\resources
2024-12-26 17:31:30,996 [Worker-46: Launching App (4)] INFO  o.a.m.s.f.DefaultMavenResourcesFiltering - skip non existing resourceDirectory C:\STS\springProjects\practica04\src\main\resources
2024-12-26 17:31:31,004 [Worker-46: Launching App (4)] INFO  o.a.m.s.f.DefaultMavenResourcesFiltering - skip non existing resourceDirectory C:\STS\springProjects\practica04\src\test\resources
2024-12-26 17:54:00,119 [Worker-59: Launching App (4)] INFO  o.a.m.s.f.DefaultMavenResourcesFiltering - skip non existing resourceDirectory C:\STS\springProjects\practica04\src\main\resources
2024-12-26 17:54:00,124 [Worker-59: Launching App (4)] INFO  o.a.m.s.f.DefaultMavenResourcesFiltering - skip non existing resourceDirectory C:\STS\springProjects\practica04\src\test\resources
2024-12-27 11:27:54,752 [Worker-7: Loading available Gradle versions] INFO  o.e.b.c.i.u.g.PublishedGradleVersions - Gradle version information cache is out-of-date. Trying to update.
2024-12-27 11:31:54,246 [Worker-24: Building] INFO  o.a.m.s.f.DefaultMavenResourcesFiltering - skip non existing resourceDirectory C:\STS\springProjects\practica04\src\main\resources
2024-12-27 11:31:54,251 [Worker-24: Building] INFO  o.a.m.s.f.DefaultMavenResourcesFiltering - skip non existing resourceDirectory C:\STS\springProjects\practica04\src\test\resources
2024-12-27 11:34:53,180 [Worker-20: Launching App (4)] INFO  o.a.m.s.f.DefaultMavenResourcesFiltering - skip non existing resourceDirectory C:\STS\springProjects\practica04\src\main\resources
2024-12-27 11:34:53,182 [Worker-20: Launching App (4)] INFO  o.a.m.s.f.DefaultMavenResourcesFiltering - skip non existing resourceDirectory C:\STS\springProjects\practica04\src\test\resources
2024-12-27 11:37:16,938 [Worker-27: Building] INFO  o.a.m.s.f.DefaultMavenResourcesFiltering - skip non existing resourceDirectory C:\STS\springProjects\practica04\src\main\resources
2024-12-27 11:37:16,939 [Worker-27: Building] INFO  o.a.m.s.f.DefaultMavenResourcesFiltering - skip non existing resourceDirectory C:\STS\springProjects\practica04\src\test\resources
2024-12-27 11:48:36,835 [Worker-33: Launching App (4)] INFO  o.a.m.s.f.DefaultMavenResourcesFiltering - skip non existing resourceDirectory C:\STS\springProjects\practica04\src\main\resources
2024-12-27 11:48:36,838 [Worker-33: Launching App (4)] INFO  o.a.m.s.f.DefaultMavenResourcesFiltering - skip non existing resourceDirectory C:\STS\springProjects\practica04\src\test\resources
2024-12-27 12:10:11,150 [Worker-40: Building] INFO  o.a.m.s.f.DefaultMavenResourcesFiltering - skip non existing resourceDirectory C:\STS\springProjects\practica04\src\main\resources
2024-12-27 12:10:11,154 [Worker-40: Building] INFO  o.a.m.s.f.DefaultMavenResourcesFiltering - skip non existing resourceDirectory C:\STS\springProjects\practica04\src\test\resources
2024-12-27 12:13:34,638 [Worker-37: Building] INFO  o.a.m.s.f.DefaultMavenResourcesFiltering - skip non existing resourceDirectory C:\STS\springProjects\practica04\src\main\resources
2024-12-27 12:13:34,641 [Worker-37: Building] INFO  o.a.m.s.f.DefaultMavenResourcesFiltering - skip non existing resourceDirectory C:\STS\springProjects\practica04\src\test\resources
2024-12-27 12:17:22,429 [Worker-45: Launching App (4)] INFO  o.a.m.s.f.DefaultMavenResourcesFiltering - skip non existing resourceDirectory C:\STS\springProjects\practica04\src\main\resources
2024-12-27 12:17:22,432 [Worker-45: Launching App (4)] INFO  o.a.m.s.f.DefaultMavenResourcesFiltering - skip non existing resourceDirectory C:\STS\springProjects\practica04\src\test\resources
2024-12-27 12:18:26,951 [Worker-47: Launching App (4)] INFO  o.a.m.s.f.DefaultMavenResourcesFiltering - skip non existing resourceDirectory C:\STS\springProjects\practica04\src\main\resources
2024-12-27 12:18:26,954 [Worker-47: Launching App (4)] INFO  o.a.m.s.f.DefaultMavenResourcesFiltering - skip non existing resourceDirectory C:\STS\springProjects\practica04\src\test\resources
2024-12-27 12:20:46,789 [Worker-46: Launching App (4)] INFO  o.a.m.s.f.DefaultMavenResourcesFiltering - skip non existing resourceDirectory C:\STS\springProjects\practica04\src\main\resources
2024-12-27 12:20:46,792 [Worker-46: Launching App (4)] INFO  o.a.m.s.f.DefaultMavenResourcesFiltering - skip non existing resourceDirectory C:\STS\springProjects\practica04\src\test\resources
2024-12-27 12:22:16,701 [Worker-50: Building] INFO  o.a.m.s.f.DefaultMavenResourcesFiltering - skip non existing resourceDirectory C:\STS\springProjects\practica04\src\main\resources
2024-12-27 12:22:16,703 [Worker-50: Building] INFO  o.a.m.s.f.DefaultMavenResourcesFiltering - skip non existing resourceDirectory C:\STS\springProjects\practica04\src\test\resources
2024-12-27 16:43:50,942 [Worker-4: Loading available Gradle versions] INFO  o.e.b.c.i.u.g.PublishedGradleVersions - Gradle version information cache is up-to-date. Trying to read.
2024-12-27 16:47:38,953 [Worker-10: Launching App (4)] INFO  o.a.m.s.f.DefaultMavenResourcesFiltering - skip non existing resourceDirectory C:\STS\springProjects\practica04\src\main\resources
2024-12-27 16:47:38,960 [Worker-10: Launching App (4)] INFO  o.a.m.s.f.DefaultMavenResourcesFiltering - skip non existing resourceDirectory C:\STS\springProjects\practica04\src\test\resources
2024-12-27 16:58:52,514 [Worker-30: Launching App (4)] INFO  o.a.m.s.f.DefaultMavenResourcesFiltering - skip non existing resourceDirectory C:\STS\springProjects\practica04\src\main\resources
2024-12-27 16:58:52,517 [Worker-30: Launching App (4)] INFO  o.a.m.s.f.DefaultMavenResourcesFiltering - skip non existing resourceDirectory C:\STS\springProjects\practica04\src\test\resources
2024-12-27 17:29:14,624 [Worker-37: Launching App (4)] INFO  o.a.m.s.f.DefaultMavenResourcesFiltering - skip non existing resourceDirectory C:\STS\springProjects\practica04\src\main\resources
2024-12-27 17:29:14,626 [Worker-37: Launching App (4)] INFO  o.a.m.s.f.DefaultMavenResourcesFiltering - skip non existing resourceDirectory C:\STS\springProjects\practica04\src\test\resources
2024-12-27 17:34:01,218 [Worker-37: Building] INFO  o.a.m.s.f.DefaultMavenResourcesFiltering - skip non existing resourceDirectory C:\STS\springProjects\practica04\src\main\resources
2024-12-27 17:34:01,220 [Worker-37: Building] INFO  o.a.m.s.f.DefaultMavenResourcesFiltering - skip non existing resourceDirectory C:\STS\springProjects\practica04\src\test\resources
2024-12-27 17:45:11,403 [Worker-47: Building] INFO  o.a.m.s.f.DefaultMavenResourcesFiltering - skip non existing resourceDirectory C:\STS\springProjects\practica04\src\main\resources
2024-12-27 17:45:11,404 [Worker-47: Building] INFO  o.a.m.s.f.DefaultMavenResourcesFiltering - skip non existing resourceDirectory C:\STS\springProjects\practica04\src\test\resources
2024-12-27 17:45:17,065 [Worker-50: Launching App (4)] INFO  o.a.m.s.f.DefaultMavenResourcesFiltering - skip non existing resourceDirectory C:\STS\springProjects\practica04\src\main\resources
2024-12-27 17:45:17,068 [Worker-50: Launching App (4)] INFO  o.a.m.s.f.DefaultMavenResourcesFiltering - skip non existing resourceDirectory C:\STS\springProjects\practica04\src\test\resources
2024-12-27 17:49:54,756 [Worker-52: Building] INFO  o.a.m.s.f.DefaultMavenResourcesFiltering - skip non existing resourceDirectory C:\STS\springProjects\practica04\src\main\resources
2024-12-27 17:49:54,757 [Worker-52: Building] INFO  o.a.m.s.f.DefaultMavenResourcesFiltering - skip non existing resourceDirectory C:\STS\springProjects\practica04\src\test\resources
2024-12-27 18:01:00,132 [Worker-61: Building] INFO  o.a.m.s.f.DefaultMavenResourcesFiltering - skip non existing resourceDirectory C:\STS\springProjects\practica04\src\main\resources
2024-12-27 18:01:00,134 [Worker-61: Building] INFO  o.a.m.s.f.DefaultMavenResourcesFiltering - skip non existing resourceDirectory C:\STS\springProjects\practica04\src\test\resources
2024-12-27 18:20:17,950 [Worker-65: Building] INFO  o.a.m.s.f.DefaultMavenResourcesFiltering - skip non existing resourceDirectory C:\STS\springProjects\practica04\src\main\resources
2024-12-27 18:20:17,951 [Worker-65: Building] INFO  o.a.m.s.f.DefaultMavenResourcesFiltering - skip non existing resourceDirectory C:\STS\springProjects\practica04\src\test\resources
2024-12-27 18:22:36,318 [Worker-65: Launching App (4)] INFO  o.a.m.s.f.DefaultMavenResourcesFiltering - skip non existing resourceDirectory C:\STS\springProjects\practica04\src\main\resources
2024-12-27 18:22:36,320 [Worker-65: Launching App (4)] INFO  o.a.m.s.f.DefaultMavenResourcesFiltering - skip non existing resourceDirectory C:\STS\springProjects\practica04\src\test\resources
2024-12-27 18:26:54,181 [Worker-67: Launching App (4)] INFO  o.a.m.s.f.DefaultMavenResourcesFiltering - skip non existing resourceDirectory C:\STS\springProjects\practica04\src\main\resources
2024-12-27 18:26:54,184 [Worker-67: Launching App (4)] INFO  o.a.m.s.f.DefaultMavenResourcesFiltering - skip non existing resourceDirectory C:\STS\springProjects\practica04\src\test\resources
2024-12-27 19:15:07,398 [Worker-71: Building] INFO  o.a.m.s.f.DefaultMavenResourcesFiltering - skip non existing resourceDirectory C:\STS\springProjects\practica04\src\main\resources
2024-12-27 19:15:07,399 [Worker-71: Building] INFO  o.a.m.s.f.DefaultMavenResourcesFiltering - skip non existing resourceDirectory C:\STS\springProjects\practica04\src\test\resources
2024-12-27 19:17:09,580 [Worker-66: Launching App (4)] INFO  o.a.m.s.f.DefaultMavenResourcesFiltering - skip non existing resourceDirectory C:\STS\springProjects\practica04\src\main\resources
2024-12-27 19:17:09,582 [Worker-66: Launching App (4)] INFO  o.a.m.s.f.DefaultMavenResourcesFiltering - skip non existing resourceDirectory C:\STS\springProjects\practica04\src\test\resources
2024-12-27 19:18:46,934 [Worker-77: Launching App (4)] INFO  o.a.m.s.f.DefaultMavenResourcesFiltering - skip non existing resourceDirectory C:\STS\springProjects\practica04\src\main\resources
2024-12-27 19:18:46,936 [Worker-77: Launching App (4)] INFO  o.a.m.s.f.DefaultMavenResourcesFiltering - skip non existing resourceDirectory C:\STS\springProjects\practica04\src\test\resources
2024-12-27 19:26:53,871 [Worker-83: Building] INFO  o.a.m.s.f.DefaultMavenResourcesFiltering - skip non existing resourceDirectory C:\STS\springProjects\practica04\src\main\resources
2024-12-27 19:26:53,873 [Worker-83: Building] INFO  o.a.m.s.f.DefaultMavenResourcesFiltering - skip non existing resourceDirectory C:\STS\springProjects\practica04\src\test\resources
2024-12-27 19:31:04,833 [Worker-81: Building] INFO  o.a.m.s.f.DefaultMavenResourcesFiltering - skip non existing resourceDirectory C:\STS\springProjects\practica04\src\main\resources
2024-12-27 19:31:04,835 [Worker-81: Building] INFO  o.a.m.s.f.DefaultMavenResourcesFiltering - skip non existing resourceDirectory C:\STS\springProjects\practica04\src\test\resources
2024-12-27 19:32:28,935 [Worker-82: Launching App (4)] INFO  o.a.m.s.f.DefaultMavenResourcesFiltering - skip non existing resourceDirectory C:\STS\springProjects\practica04\src\main\resources
2024-12-27 19:32:28,937 [Worker-82: Launching App (4)] INFO  o.a.m.s.f.DefaultMavenResourcesFiltering - skip non existing resourceDirectory C:\STS\springProjects\practica04\src\test\resources
2024-12-27 19:34:00,174 [Worker-80: Launching App (4)] INFO  o.a.m.s.f.DefaultMavenResourcesFiltering - skip non existing resourceDirectory C:\STS\springProjects\practica04\src\main\resources
2024-12-27 19:34:00,178 [Worker-80: Launching App (4)] INFO  o.a.m.s.f.DefaultMavenResourcesFiltering - skip non existing resourceDirectory C:\STS\springProjects\practica04\src\test\resources
2024-12-27 19:36:12,464 [Worker-80: Building] INFO  o.a.m.s.f.DefaultMavenResourcesFiltering - skip non existing resourceDirectory C:\STS\springProjects\practica04\src\main\resources
2024-12-27 19:36:12,466 [Worker-80: Building] INFO  o.a.m.s.f.DefaultMavenResourcesFiltering - skip non existing resourceDirectory C:\STS\springProjects\practica04\src\test\resources
2024-12-27 19:38:29,652 [Worker-86: Building] INFO  o.a.m.s.f.DefaultMavenResourcesFiltering - skip non existing resourceDirectory C:\STS\springProjects\practica04\src\main\resources
2024-12-27 19:38:29,654 [Worker-86: Building] INFO  o.a.m.s.f.DefaultMavenResourcesFiltering - skip non existing resourceDirectory C:\STS\springProjects\practica04\src\test\resources
2024-12-27 19:46:08,884 [Worker-89: Launching App (4)] INFO  o.a.m.s.f.DefaultMavenResourcesFiltering - skip non existing resourceDirectory C:\STS\springProjects\practica04\src\main\resources
2024-12-27 19:46:08,885 [Worker-89: Launching App (4)] INFO  o.a.m.s.f.DefaultMavenResourcesFiltering - skip non existing resourceDirectory C:\STS\springProjects\practica04\src\test\resources
2024-12-27 19:50:51,739 [Worker-91: Launching App (4)] INFO  o.a.m.s.f.DefaultMavenResourcesFiltering - skip non existing resourceDirectory C:\STS\springProjects\practica04\src\main\resources
2024-12-27 19:50:51,741 [Worker-91: Launching App (4)] INFO  o.a.m.s.f.DefaultMavenResourcesFiltering - skip non existing resourceDirectory C:\STS\springProjects\practica04\src\test\resources
2024-12-27 20:05:58,396 [Worker-97: Launching App (4)] INFO  o.a.m.s.f.DefaultMavenResourcesFiltering - skip non existing resourceDirectory C:\STS\springProjects\practica04\src\main\resources
2024-12-27 20:05:58,407 [Worker-97: Launching App (4)] INFO  o.a.m.s.f.DefaultMavenResourcesFiltering - skip non existing resourceDirectory C:\STS\springProjects\practica04\src\test\resources
2024-12-27 20:21:14,928 [Worker-103: Building] INFO  o.a.m.s.f.DefaultMavenResourcesFiltering - skip non existing resourceDirectory C:\STS\springProjects\practica04\src\main\resources
2024-12-27 20:21:14,929 [Worker-103: Building] INFO  o.a.m.s.f.DefaultMavenResourcesFiltering - skip non existing resourceDirectory C:\STS\springProjects\practica04\src\test\resources
2024-12-27 20:24:32,073 [Worker-105: Building] INFO  o.a.m.s.f.DefaultMavenResourcesFiltering - skip non existing resourceDirectory C:\STS\springProjects\practica04\src\main\resources
2024-12-27 20:24:32,076 [Worker-105: Building] INFO  o.a.m.s.f.DefaultMavenResourcesFiltering - skip non existing resourceDirectory C:\STS\springProjects\practica04\src\test\resources
2024-12-27 20:25:22,697 [Worker-107: Building] INFO  o.a.m.s.f.DefaultMavenResourcesFiltering - skip non existing resourceDirectory C:\STS\springProjects\practica04\src\main\resources
2024-12-27 20:25:22,698 [Worker-107: Building] INFO  o.a.m.s.f.DefaultMavenResourcesFiltering - skip non existing resourceDirectory C:\STS\springProjects\practica04\src\test\resources
2024-12-27 20:36:39,972 [Worker-111: Launching App (4)] INFO  o.a.m.s.f.DefaultMavenResourcesFiltering - skip non existing resourceDirectory C:\STS\springProjects\practica04\src\main\resources
2024-12-27 20:36:39,975 [Worker-111: Launching App (4)] INFO  o.a.m.s.f.DefaultMavenResourcesFiltering - skip non existing resourceDirectory C:\STS\springProjects\practica04\src\test\resources
2024-12-27 20:58:09,045 [Worker-115: Launching App (4)] INFO  o.a.m.s.f.DefaultMavenResourcesFiltering - skip non existing resourceDirectory C:\STS\springProjects\practica04\src\main\resources
2024-12-27 20:58:09,048 [Worker-115: Launching App (4)] INFO  o.a.m.s.f.DefaultMavenResourcesFiltering - skip non existing resourceDirectory C:\STS\springProjects\practica04\src\test\resources
2024-12-27 21:09:00,691 [Worker-121: Launching App (4)] INFO  o.a.m.s.f.DefaultMavenResourcesFiltering - skip non existing resourceDirectory C:\STS\springProjects\practica04\src\main\resources
2024-12-27 21:09:00,692 [Worker-121: Launching App (4)] INFO  o.a.m.s.f.DefaultMavenResourcesFiltering - skip non existing resourceDirectory C:\STS\springProjects\practica04\src\test\resources
2024-12-27 21:10:45,427 [Worker-126: Launching App (4)] INFO  o.a.m.s.f.DefaultMavenResourcesFiltering - skip non existing resourceDirectory C:\STS\springProjects\practica04\src\main\resources
2024-12-27 21:10:45,428 [Worker-126: Launching App (4)] INFO  o.a.m.s.f.DefaultMavenResourcesFiltering - skip non existing resourceDirectory C:\STS\springProjects\practica04\src\test\resources
2024-12-27 21:15:33,982 [Worker-124: Launching App (4)] INFO  o.a.m.s.f.DefaultMavenResourcesFiltering - skip non existing resourceDirectory C:\STS\springProjects\practica04\src\main\resources
2024-12-27 21:15:33,985 [Worker-124: Launching App (4)] INFO  o.a.m.s.f.DefaultMavenResourcesFiltering - skip non existing resourceDirectory C:\STS\springProjects\practica04\src\test\resources
2024-12-27 21:21:28,438 [Worker-128: Launching App (4)] INFO  o.a.m.s.f.DefaultMavenResourcesFiltering - skip non existing resourceDirectory C:\STS\springProjects\practica04\src\main\resources
2024-12-27 21:21:28,441 [Worker-128: Launching App (4)] INFO  o.a.m.s.f.DefaultMavenResourcesFiltering - skip non existing resourceDirectory C:\STS\springProjects\practica04\src\test\resources
2024-12-27 21:36:51,590 [Worker-7: Loading available Gradle versions] INFO  o.e.b.c.i.u.g.PublishedGradleVersions - Gradle version information cache is up-to-date. Trying to read.
2024-12-27 21:40:34,865 [Worker-26: Building] INFO  o.a.m.s.f.DefaultMavenResourcesFiltering - skip non existing resourceDirectory C:\STS\springProjects\practica04\src\main\resources
2024-12-27 21:40:34,871 [Worker-26: Building] INFO  o.a.m.s.f.DefaultMavenResourcesFiltering - skip non existing resourceDirectory C:\STS\springProjects\practica04\src\test\resources
2024-12-27 21:43:43,333 [Worker-25: Building] INFO  o.a.m.s.f.DefaultMavenResourcesFiltering - skip non existing resourceDirectory C:\STS\springProjects\practica04\src\main\resources
2024-12-27 21:43:43,335 [Worker-25: Building] INFO  o.a.m.s.f.DefaultMavenResourcesFiltering - skip non existing resourceDirectory C:\STS\springProjects\practica04\src\test\resources
2024-12-27 22:05:00,351 [Worker-37: Launching App (4)] INFO  o.a.m.s.f.DefaultMavenResourcesFiltering - skip non existing resourceDirectory C:\STS\springProjects\practica04\src\main\resources
2024-12-27 22:05:00,353 [Worker-37: Launching App (4)] INFO  o.a.m.s.f.DefaultMavenResourcesFiltering - skip non existing resourceDirectory C:\STS\springProjects\practica04\src\test\resources
2024-12-27 22:07:39,933 [Worker-33: Building] INFO  o.a.m.s.f.DefaultMavenResourcesFiltering - skip non existing resourceDirectory C:\STS\springProjects\practica04\src\main\resources
2024-12-27 22:07:39,935 [Worker-33: Building] INFO  o.a.m.s.f.DefaultMavenResourcesFiltering - skip non existing resourceDirectory C:\STS\springProjects\practica04\src\test\resources
2024-12-28 14:04:56,286 [Worker-4: Loading available Gradle versions] INFO  o.e.b.c.i.u.g.PublishedGradleVersions - Gradle version information cache is out-of-date. Trying to update.
2024-12-28 14:22:46,314 [Worker-24: Launching App (4)] INFO  o.a.m.s.f.DefaultMavenResourcesFiltering - skip non existing resourceDirectory C:\STS\springProjects\practica04\src\main\resources
2024-12-28 14:22:46,321 [Worker-24: Launching App (4)] INFO  o.a.m.s.f.DefaultMavenResourcesFiltering - skip non existing resourceDirectory C:\STS\springProjects\practica04\src\test\resources
2024-12-28 14:34:10,714 [Worker-27: Launching App (4)] INFO  o.a.m.s.f.DefaultMavenResourcesFiltering - skip non existing resourceDirectory C:\STS\springProjects\practica04\src\main\resources
2024-12-28 14:34:10,716 [Worker-27: Launching App (4)] INFO  o.a.m.s.f.DefaultMavenResourcesFiltering - skip non existing resourceDirectory C:\STS\springProjects\practica04\src\test\resources
2024-12-28 14:36:13,122 [Worker-37: Launching App (4)] INFO  o.a.m.s.f.DefaultMavenResourcesFiltering - skip non existing resourceDirectory C:\STS\springProjects\practica04\src\main\resources
2024-12-28 14:36:13,124 [Worker-37: Launching App (4)] INFO  o.a.m.s.f.DefaultMavenResourcesFiltering - skip non existing resourceDirectory C:\STS\springProjects\practica04\src\test\resources
2024-12-28 14:37:44,535 [Worker-31: Launching App (4)] INFO  o.a.m.s.f.DefaultMavenResourcesFiltering - skip non existing resourceDirectory C:\STS\springProjects\practica04\src\main\resources
2024-12-28 14:37:44,536 [Worker-31: Launching App (4)] INFO  o.a.m.s.f.DefaultMavenResourcesFiltering - skip non existing resourceDirectory C:\STS\springProjects\practica04\src\test\resources
2024-12-28 14:44:55,659 [Worker-40: Launching App (4)] INFO  o.a.m.s.f.DefaultMavenResourcesFiltering - skip non existing resourceDirectory C:\STS\springProjects\practica04\src\main\resources
2024-12-28 14:44:55,662 [Worker-40: Launching App (4)] INFO  o.a.m.s.f.DefaultMavenResourcesFiltering - skip non existing resourceDirectory C:\STS\springProjects\practica04\src\test\resources
2024-12-28 15:01:57,217 [Worker-48: Launching App (4)] INFO  o.a.m.s.f.DefaultMavenResourcesFiltering - skip non existing resourceDirectory C:\STS\springProjects\practica04\src\main\resources
2024-12-28 15:01:57,222 [Worker-48: Launching App (4)] INFO  o.a.m.s.f.DefaultMavenResourcesFiltering - skip non existing resourceDirectory C:\STS\springProjects\practica04\src\test\resources
2024-12-28 15:05:09,815 [Worker-27: Launching App (4)] INFO  o.a.m.s.f.DefaultMavenResourcesFiltering - skip non existing resourceDirectory C:\STS\springProjects\practica04\src\main\resources
2024-12-28 15:05:09,819 [Worker-27: Launching App (4)] INFO  o.a.m.s.f.DefaultMavenResourcesFiltering - skip non existing resourceDirectory C:\STS\springProjects\practica04\src\test\resources
2024-12-28 15:08:31,516 [Worker-51: Launching App (4)] INFO  o.a.m.s.f.DefaultMavenResourcesFiltering - skip non existing resourceDirectory C:\STS\springProjects\practica04\src\main\resources
2024-12-28 15:08:31,518 [Worker-51: Launching App (4)] INFO  o.a.m.s.f.DefaultMavenResourcesFiltering - skip non existing resourceDirectory C:\STS\springProjects\practica04\src\test\resources
2024-12-28 15:14:56,526 [Worker-47: Launching App (4)] INFO  o.a.m.s.f.DefaultMavenResourcesFiltering - skip non existing resourceDirectory C:\STS\springProjects\practica04\src\main\resources
2024-12-28 15:14:56,528 [Worker-47: Launching App (4)] INFO  o.a.m.s.f.DefaultMavenResourcesFiltering - skip non existing resourceDirectory C:\STS\springProjects\practica04\src\test\resources
2024-12-28 15:19:13,952 [Worker-58: Building] INFO  o.a.m.s.f.DefaultMavenResourcesFiltering - skip non existing resourceDirectory C:\STS\springProjects\practica04\src\main\resources
2024-12-28 15:19:13,953 [Worker-58: Building] INFO  o.a.m.s.f.DefaultMavenResourcesFiltering - skip non existing resourceDirectory C:\STS\springProjects\practica04\src\test\resources
2024-12-28 15:26:14,349 [Worker-47: Launching App (4)] INFO  o.a.m.s.f.DefaultMavenResourcesFiltering - skip non existing resourceDirectory C:\STS\springProjects\practica04\src\main\resources
2024-12-28 15:26:14,352 [Worker-47: Launching App (4)] INFO  o.a.m.s.f.DefaultMavenResourcesFiltering - skip non existing resourceDirectory C:\STS\springProjects\practica04\src\test\resources
2024-12-28 15:33:39,784 [Worker-65: Launching App (4)] INFO  o.a.m.s.f.DefaultMavenResourcesFiltering - skip non existing resourceDirectory C:\STS\springProjects\practica04\src\main\resources
2024-12-28 15:33:39,787 [Worker-65: Launching App (4)] INFO  o.a.m.s.f.DefaultMavenResourcesFiltering - skip non existing resourceDirectory C:\STS\springProjects\practica04\src\test\resources
2024-12-28 15:44:30,528 [Worker-74: Building] INFO  o.a.m.s.f.DefaultMavenResourcesFiltering - skip non existing resourceDirectory C:\STS\springProjects\practica04\src\main\resources
2024-12-28 15:44:30,529 [Worker-74: Building] INFO  o.a.m.s.f.DefaultMavenResourcesFiltering - skip non existing resourceDirectory C:\STS\springProjects\practica04\src\test\resources
2024-12-28 15:58:38,429 [Worker-84: Building] INFO  o.a.m.s.f.DefaultMavenResourcesFiltering - skip non existing resourceDirectory C:\STS\springProjects\practica04\src\main\resources
2024-12-28 15:58:38,430 [Worker-84: Building] INFO  o.a.m.s.f.DefaultMavenResourcesFiltering - skip non existing resourceDirectory C:\STS\springProjects\practica04\src\test\resources
2024-12-28 16:01:44,204 [Worker-83: Building] INFO  o.a.m.s.f.DefaultMavenResourcesFiltering - skip non existing resourceDirectory C:\STS\springProjects\practica04\src\main\resources
2024-12-28 16:01:44,205 [Worker-83: Building] INFO  o.a.m.s.f.DefaultMavenResourcesFiltering - skip non existing resourceDirectory C:\STS\springProjects\practica04\src\test\resources
2024-12-28 16:02:13,154 [Worker-83: Building] INFO  o.a.m.s.f.DefaultMavenResourcesFiltering - skip non existing resourceDirectory C:\STS\springProjects\practica04\src\main\resources
2024-12-28 16:02:13,155 [Worker-83: Building] INFO  o.a.m.s.f.DefaultMavenResourcesFiltering - skip non existing resourceDirectory C:\STS\springProjects\practica04\src\test\resources
2024-12-28 16:06:08,111 [Worker-88: Building] INFO  o.a.m.s.f.DefaultMavenResourcesFiltering - skip non existing resourceDirectory C:\STS\springProjects\practica04\src\main\resources
2024-12-28 16:06:08,113 [Worker-88: Building] INFO  o.a.m.s.f.DefaultMavenResourcesFiltering - skip non existing resourceDirectory C:\STS\springProjects\practica04\src\test\resources
2024-12-28 18:12:33,725 [Worker-7: Loading available Gradle versions] INFO  o.e.b.c.i.u.g.PublishedGradleVersions - Gradle version information cache is up-to-date. Trying to read.
2024-12-28 18:31:27,614 [Worker-27: Building] INFO  o.a.m.s.f.DefaultMavenResourcesFiltering - skip non existing resourceDirectory C:\STS\springProjects\practica04\src\main\resources
2024-12-28 18:31:27,632 [Worker-27: Building] INFO  o.a.m.s.f.DefaultMavenResourcesFiltering - skip non existing resourceDirectory C:\STS\springProjects\practica04\src\test\resources
2024-12-28 18:38:08,366 [Worker-32: Launching App (4)] INFO  o.a.m.s.f.DefaultMavenResourcesFiltering - skip non existing resourceDirectory C:\STS\springProjects\practica04\src\main\resources
2024-12-28 18:38:08,372 [Worker-32: Launching App (4)] INFO  o.a.m.s.f.DefaultMavenResourcesFiltering - skip non existing resourceDirectory C:\STS\springProjects\practica04\src\test\resources
2024-12-28 19:15:19,877 [Worker-32: Launching App (4)] INFO  o.a.m.s.f.DefaultMavenResourcesFiltering - skip non existing resourceDirectory C:\STS\springProjects\practica04\src\main\resources
2024-12-28 19:15:19,883 [Worker-32: Launching App (4)] INFO  o.a.m.s.f.DefaultMavenResourcesFiltering - skip non existing resourceDirectory C:\STS\springProjects\practica04\src\test\resources
2024-12-28 19:28:15,448 [Worker-44: Building] INFO  o.a.m.s.f.DefaultMavenResourcesFiltering - skip non existing resourceDirectory C:\STS\springProjects\practica04\src\main\resources
2024-12-28 19:28:15,457 [Worker-44: Building] INFO  o.a.m.s.f.DefaultMavenResourcesFiltering - skip non existing resourceDirectory C:\STS\springProjects\practica04\src\test\resources
2024-12-28 19:29:20,783 [Worker-48: Launching App (4)] INFO  o.a.m.s.f.DefaultMavenResourcesFiltering - skip non existing resourceDirectory C:\STS\springProjects\practica04\src\main\resources
2024-12-28 19:29:20,795 [Worker-48: Launching App (4)] INFO  o.a.m.s.f.DefaultMavenResourcesFiltering - skip non existing resourceDirectory C:\STS\springProjects\practica04\src\test\resources
2024-12-28 19:42:13,376 [Worker-54: Building] INFO  o.a.m.s.f.DefaultMavenResourcesFiltering - skip non existing resourceDirectory C:\STS\springProjects\practica04\src\main\resources
2024-12-28 19:42:13,384 [Worker-54: Building] INFO  o.a.m.s.f.DefaultMavenResourcesFiltering - skip non existing resourceDirectory C:\STS\springProjects\practica04\src\test\resources
2024-12-28 20:12:37,976 [Worker-86: Building] INFO  o.a.m.s.f.DefaultMavenResourcesFiltering - skip non existing resourceDirectory C:\STS\springProjects\practica04\src\main\resources
2024-12-28 20:12:37,979 [Worker-86: Building] INFO  o.a.m.s.f.DefaultMavenResourcesFiltering - skip non existing resourceDirectory C:\STS\springProjects\practica04\src\test\resources
2024-12-28 20:20:58,906 [Worker-85: Launching App (4)] INFO  o.a.m.s.f.DefaultMavenResourcesFiltering - skip non existing resourceDirectory C:\STS\springProjects\practica04\src\main\resources
2024-12-28 20:20:58,916 [Worker-85: Launching App (4)] INFO  o.a.m.s.f.DefaultMavenResourcesFiltering - skip non existing resourceDirectory C:\STS\springProjects\practica04\src\test\resources
2024-12-28 20:22:37,642 [Worker-89: Launching App (4)] INFO  o.a.m.s.f.DefaultMavenResourcesFiltering - skip non existing resourceDirectory C:\STS\springProjects\practica04\src\main\resources
2024-12-28 20:22:37,648 [Worker-89: Launching App (4)] INFO  o.a.m.s.f.DefaultMavenResourcesFiltering - skip non existing resourceDirectory C:\STS\springProjects\practica04\src\test\resources
2024-12-29 15:55:17,628 [Worker-7: Loading available Gradle versions] INFO  o.e.b.c.i.u.g.PublishedGradleVersions - Gradle version information cache is out-of-date. Trying to update.
2024-12-29 15:58:44,057 [Worker-12: Launching App (4)] INFO  o.a.m.s.f.DefaultMavenResourcesFiltering - skip non existing resourceDirectory C:\STS\springProjects\practica04\src\main\resources
2024-12-29 15:58:44,067 [Worker-12: Launching App (4)] INFO  o.a.m.s.f.DefaultMavenResourcesFiltering - skip non existing resourceDirectory C:\STS\springProjects\practica04\src\test\resources
2024-12-29 16:00:07,722 [Worker-20: Launching App (4)] INFO  o.a.m.s.f.DefaultMavenResourcesFiltering - skip non existing resourceDirectory C:\STS\springProjects\practica04\src\main\resources
2024-12-29 16:00:07,724 [Worker-20: Launching App (4)] INFO  o.a.m.s.f.DefaultMavenResourcesFiltering - skip non existing resourceDirectory C:\STS\springProjects\practica04\src\test\resources
2024-12-29 16:01:56,674 [Worker-7: Launching App (4)] INFO  o.a.m.s.f.DefaultMavenResourcesFiltering - skip non existing resourceDirectory C:\STS\springProjects\practica04\src\main\resources
2024-12-29 16:01:56,693 [Worker-7: Launching App (4)] INFO  o.a.m.s.f.DefaultMavenResourcesFiltering - skip non existing resourceDirectory C:\STS\springProjects\practica04\src\test\resources
2024-12-29 16:03:53,483 [Worker-25: Building] INFO  o.a.m.s.f.DefaultMavenResourcesFiltering - skip non existing resourceDirectory C:\STS\springProjects\practica04\src\main\resources
2024-12-29 16:03:53,486 [Worker-25: Building] INFO  o.a.m.s.f.DefaultMavenResourcesFiltering - skip non existing resourceDirectory C:\STS\springProjects\practica04\src\test\resources
2024-12-29 16:14:48,274 [Worker-16: Launching App (4)] INFO  o.a.m.s.f.DefaultMavenResourcesFiltering - skip non existing resourceDirectory C:\STS\springProjects\practica04\src\main\resources
2024-12-29 16:14:48,277 [Worker-16: Launching App (4)] INFO  o.a.m.s.f.DefaultMavenResourcesFiltering - skip non existing resourceDirectory C:\STS\springProjects\practica04\src\test\resources
2024-12-29 16:15:51,190 [Worker-26: Launching App (4)] INFO  o.a.m.s.f.DefaultMavenResourcesFiltering - skip non existing resourceDirectory C:\STS\springProjects\practica04\src\main\resources
2024-12-29 16:15:51,193 [Worker-26: Launching App (4)] INFO  o.a.m.s.f.DefaultMavenResourcesFiltering - skip non existing resourceDirectory C:\STS\springProjects\practica04\src\test\resources
2024-12-29 16:18:46,973 [Worker-29: Launching App (4)] INFO  o.a.m.s.f.DefaultMavenResourcesFiltering - skip non existing resourceDirectory C:\STS\springProjects\practica04\src\main\resources
2024-12-29 16:18:46,977 [Worker-29: Launching App (4)] INFO  o.a.m.s.f.DefaultMavenResourcesFiltering - skip non existing resourceDirectory C:\STS\springProjects\practica04\src\test\resources
2024-12-29 16:19:02,942 [Worker-30: Launching App (4)] INFO  o.a.m.s.f.DefaultMavenResourcesFiltering - skip non existing resourceDirectory C:\STS\springProjects\practica04\src\main\resources
2024-12-29 16:19:02,946 [Worker-30: Launching App (4)] INFO  o.a.m.s.f.DefaultMavenResourcesFiltering - skip non existing resourceDirectory C:\STS\springProjects\practica04\src\test\resources
2024-12-29 16:25:15,230 [Worker-30: Building] INFO  o.a.m.s.f.DefaultMavenResourcesFiltering - skip non existing resourceDirectory C:\STS\springProjects\practica04\src\main\resources
2024-12-29 16:25:15,232 [Worker-30: Building] INFO  o.a.m.s.f.DefaultMavenResourcesFiltering - skip non existing resourceDirectory C:\STS\springProjects\practica04\src\test\resources
2024-12-29 16:34:05,647 [Worker-35: Building] INFO  o.a.m.s.f.DefaultMavenResourcesFiltering - skip non existing resourceDirectory C:\STS\springProjects\practica04\src\main\resources
2024-12-29 16:34:05,648 [Worker-35: Building] INFO  o.a.m.s.f.DefaultMavenResourcesFiltering - skip non existing resourceDirectory C:\STS\springProjects\practica04\src\test\resources
2024-12-29 16:37:28,599 [Worker-35: Building] INFO  o.a.m.s.f.DefaultMavenResourcesFiltering - skip non existing resourceDirectory C:\STS\springProjects\practica04\src\main\resources
2024-12-29 16:37:28,600 [Worker-35: Building] INFO  o.a.m.s.f.DefaultMavenResourcesFiltering - skip non existing resourceDirectory C:\STS\springProjects\practica04\src\test\resources
2024-12-29 16:53:41,068 [Worker-42: Building] INFO  o.a.m.s.f.DefaultMavenResourcesFiltering - skip non existing resourceDirectory C:\STS\springProjects\practica04\src\main\resources
2024-12-29 16:53:41,070 [Worker-42: Building] INFO  o.a.m.s.f.DefaultMavenResourcesFiltering - skip non existing resourceDirectory C:\STS\springProjects\practica04\src\test\resources
2024-12-29 16:54:30,706 [Worker-39: Building] INFO  o.a.m.s.f.DefaultMavenResourcesFiltering - skip non existing resourceDirectory C:\STS\springProjects\practica04\src\main\resources
2024-12-29 16:54:30,707 [Worker-39: Building] INFO  o.a.m.s.f.DefaultMavenResourcesFiltering - skip non existing resourceDirectory C:\STS\springProjects\practica04\src\test\resources
2024-12-29 17:43:31,671 [Worker-62: Launching App (4)] INFO  o.a.m.s.f.DefaultMavenResourcesFiltering - skip non existing resourceDirectory C:\STS\springProjects\practica04\src\main\resources
2024-12-29 17:43:31,674 [Worker-62: Launching App (4)] INFO  o.a.m.s.f.DefaultMavenResourcesFiltering - skip non existing resourceDirectory C:\STS\springProjects\practica04\src\test\resources
2024-12-29 17:53:23,563 [Worker-62: Building] INFO  o.a.m.s.f.DefaultMavenResourcesFiltering - skip non existing resourceDirectory C:\STS\springProjects\practica04\src\main\resources
2024-12-29 17:53:23,565 [Worker-62: Building] INFO  o.a.m.s.f.DefaultMavenResourcesFiltering - skip non existing resourceDirectory C:\STS\springProjects\practica04\src\test\resources
2024-12-29 17:55:08,473 [Worker-65: Building] INFO  o.a.m.s.f.DefaultMavenResourcesFiltering - skip non existing resourceDirectory C:\STS\springProjects\practica04\src\main\resources
2024-12-29 17:55:08,474 [Worker-65: Building] INFO  o.a.m.s.f.DefaultMavenResourcesFiltering - skip non existing resourceDirectory C:\STS\springProjects\practica04\src\test\resources
2024-12-29 18:02:15,848 [Worker-52: Building] INFO  o.a.m.s.f.DefaultMavenResourcesFiltering - skip non existing resourceDirectory C:\STS\springProjects\practica04\src\main\resources
2024-12-29 18:02:15,849 [Worker-52: Building] INFO  o.a.m.s.f.DefaultMavenResourcesFiltering - skip non existing resourceDirectory C:\STS\springProjects\practica04\src\test\resources
2025-01-07 19:59:22,900 [Worker-4: Loading available Gradle versions] INFO  o.e.b.c.i.u.g.PublishedGradleVersions - Gradle version information cache is out-of-date. Trying to update.
2025-01-07 20:02:01,183 [Worker-21: Building] INFO  o.a.m.s.f.DefaultMavenResourcesFiltering - skip non existing resourceDirectory C:\STS\springProjects\practica04\src\main\resources
2025-01-07 20:02:01,191 [Worker-21: Building] INFO  o.a.m.s.f.DefaultMavenResourcesFiltering - skip non existing resourceDirectory C:\STS\springProjects\practica04\src\test\resources
2025-01-07 20:09:34,222 [Worker-4: Loading available Gradle versions] INFO  o.e.b.c.i.u.g.PublishedGradleVersions - Gradle version information cache is up-to-date. Trying to read.
2025-01-08 09:24:39,178 [Worker-6: Loading available Gradle versions] INFO  o.e.b.c.i.u.g.PublishedGradleVersions - Gradle version information cache is up-to-date. Trying to read.
2025-01-08 09:25:35,720 [Worker-0: Launching App (4)] INFO  o.a.m.s.f.DefaultMavenResourcesFiltering - skip non existing resourceDirectory C:\STS\springProjects\practica04\src\main\resources
2025-01-08 09:25:35,731 [Worker-0: Launching App (4)] INFO  o.a.m.s.f.DefaultMavenResourcesFiltering - skip non existing resourceDirectory C:\STS\springProjects\practica04\src\test\resources
2025-01-08 09:25:37,075 [Worker-8: Building] INFO  o.a.m.s.f.DefaultMavenResourcesFiltering - skip non existing resourceDirectory C:\STS\springProjects\biblioteca1\src\main\resources
2025-01-08 09:25:37,079 [Worker-8: Building] INFO  o.a.m.s.f.DefaultMavenResourcesFiltering - skip non existing resourceDirectory C:\STS\springProjects\biblioteca1\src\test\resources
2025-01-08 09:25:38,432 [Worker-8: Building] INFO  o.a.m.s.f.DefaultMavenResourcesFiltering - skip non existing resourceDirectory C:\STS\springProjects\bibliotecah2\src\main\resources
2025-01-08 09:25:38,445 [Worker-8: Building] INFO  o.a.m.s.f.DefaultMavenResourcesFiltering - skip non existing resourceDirectory C:\STS\springProjects\bibliotecah2\src\test\resources
2025-01-08 09:25:45,656 [Worker-8: Building] INFO  o.a.m.s.f.DefaultMavenResourcesFiltering - Copying 1 resource from src\main\resources to target\classes
2025-01-08 09:25:45,826 [Worker-8: Building] INFO  o.a.m.s.f.DefaultMavenResourcesFiltering - Copying 1 resource from src\main\resources to target\classes
2025-01-08 09:25:45,835 [Worker-8: Building] INFO  o.a.m.s.f.DefaultMavenResourcesFiltering - Copying 0 resource from src\test\resources to target\test-classes
2025-01-08 09:25:46,912 [Worker-8: Building] INFO  o.a.m.s.f.DefaultMavenResourcesFiltering - skip non existing resourceDirectory C:\STS\springProjects\hibernateanotaciones1\src\main\resources
2025-01-08 09:25:46,918 [Worker-8: Building] INFO  o.a.m.s.f.DefaultMavenResourcesFiltering - skip non existing resourceDirectory C:\STS\springProjects\hibernateanotaciones1\src\test\resources
2025-01-08 09:25:47,248 [Worker-8: Building] INFO  o.a.m.s.f.DefaultMavenResourcesFiltering - skip non existing resourceDirectory C:\STS\springProjects\hibernateanotaciones2\src\main\resources
2025-01-08 09:25:47,252 [Worker-8: Building] INFO  o.a.m.s.f.DefaultMavenResourcesFiltering - skip non existing resourceDirectory C:\STS\springProjects\hibernateanotaciones2\src\test\resources
2025-01-08 09:25:47,946 [Worker-8: Building] INFO  o.a.m.s.f.DefaultMavenResourcesFiltering - skip non existing resourceDirectory C:\STS\springProjects\hibernateanotaciones3\src\main\resources
2025-01-08 09:25:47,952 [Worker-8: Building] INFO  o.a.m.s.f.DefaultMavenResourcesFiltering - skip non existing resourceDirectory C:\STS\springProjects\hibernateanotaciones3\src\test\resources
2025-01-08 09:32:24,035 [Worker-22: Launching App (4)] INFO  o.a.m.s.f.DefaultMavenResourcesFiltering - skip non existing resourceDirectory C:\STS\springProjects\practica04\src\main\resources
2025-01-08 09:32:24,043 [Worker-22: Launching App (4)] INFO  o.a.m.s.f.DefaultMavenResourcesFiltering - skip non existing resourceDirectory C:\STS\springProjects\practica04\src\test\resources
2025-01-08 09:34:57,897 [Worker-23: Launching App (4)] INFO  o.a.m.s.f.DefaultMavenResourcesFiltering - skip non existing resourceDirectory C:\STS\springProjects\practica04\src\main\resources
2025-01-08 09:34:57,902 [Worker-23: Launching App (4)] INFO  o.a.m.s.f.DefaultMavenResourcesFiltering - skip non existing resourceDirectory C:\STS\springProjects\practica04\src\test\resources
2025-01-08 09:36:35,433 [Worker-23: Launching App (4)] INFO  o.a.m.s.f.DefaultMavenResourcesFiltering - skip non existing resourceDirectory C:\STS\springProjects\practica04\src\main\resources
2025-01-08 09:36:35,438 [Worker-23: Launching App (4)] INFO  o.a.m.s.f.DefaultMavenResourcesFiltering - skip non existing resourceDirectory C:\STS\springProjects\practica04\src\test\resources
2025-01-08 09:38:23,984 [Worker-16: Launching App (4)] INFO  o.a.m.s.f.DefaultMavenResourcesFiltering - skip non existing resourceDirectory C:\STS\springProjects\practica04\src\main\resources
2025-01-08 09:38:23,990 [Worker-16: Launching App (4)] INFO  o.a.m.s.f.DefaultMavenResourcesFiltering - skip non existing resourceDirectory C:\STS\springProjects\practica04\src\test\resources
2025-01-08 09:42:24,084 [Worker-27: Launching App (4)] INFO  o.a.m.s.f.DefaultMavenResourcesFiltering - skip non existing resourceDirectory C:\STS\springProjects\practica04\src\main\resources
2025-01-08 09:42:24,091 [Worker-27: Launching App (4)] INFO  o.a.m.s.f.DefaultMavenResourcesFiltering - skip non existing resourceDirectory C:\STS\springProjects\practica04\src\test\resources
2025-01-08 09:45:10,527 [Worker-25: Building] INFO  o.a.m.s.f.DefaultMavenResourcesFiltering - skip non existing resourceDirectory C:\STS\springProjects\practica04\src\main\resources
2025-01-08 09:45:10,531 [Worker-25: Building] INFO  o.a.m.s.f.DefaultMavenResourcesFiltering - skip non existing resourceDirectory C:\STS\springProjects\practica04\src\test\resources
2025-01-08 09:52:19,021 [Worker-30: Launching App (4)] INFO  o.a.m.s.f.DefaultMavenResourcesFiltering - skip non existing resourceDirectory C:\STS\springProjects\practica04\src\main\resources
2025-01-08 09:52:19,027 [Worker-30: Launching App (4)] INFO  o.a.m.s.f.DefaultMavenResourcesFiltering - skip non existing resourceDirectory C:\STS\springProjects\practica04\src\test\resources
2025-01-08 09:58:19,546 [Worker-34: Launching App (4)] INFO  o.a.m.s.f.DefaultMavenResourcesFiltering - skip non existing resourceDirectory C:\STS\springProjects\practica04\src\main\resources
2025-01-08 09:58:19,550 [Worker-34: Launching App (4)] INFO  o.a.m.s.f.DefaultMavenResourcesFiltering - skip non existing resourceDirectory C:\STS\springProjects\practica04\src\test\resources
2025-01-08 10:01:12,204 [Worker-33: Launching App (4)] INFO  o.a.m.s.f.DefaultMavenResourcesFiltering - skip non existing resourceDirectory C:\STS\springProjects\practica04\src\main\resources
2025-01-08 10:01:12,210 [Worker-33: Launching App (4)] INFO  o.a.m.s.f.DefaultMavenResourcesFiltering - skip non existing resourceDirectory C:\STS\springProjects\practica04\src\test\resources
2025-01-08 10:15:16,223 [Worker-40: Launching App (4)] INFO  o.a.m.s.f.DefaultMavenResourcesFiltering - skip non existing resourceDirectory C:\STS\springProjects\practica04\src\main\resources
2025-01-08 10:15:16,230 [Worker-40: Launching App (4)] INFO  o.a.m.s.f.DefaultMavenResourcesFiltering - skip non existing resourceDirectory C:\STS\springProjects\practica04\src\test\resources
2025-01-08 10:16:01,973 [Worker-44: Launching App (4)] INFO  o.a.m.s.f.DefaultMavenResourcesFiltering - skip non existing resourceDirectory C:\STS\springProjects\practica04\src\main\resources
2025-01-08 10:16:01,979 [Worker-44: Launching App (4)] INFO  o.a.m.s.f.DefaultMavenResourcesFiltering - skip non existing resourceDirectory C:\STS\springProjects\practica04\src\test\resources
2025-01-08 10:19:58,933 [Worker-43: Launching App (4)] INFO  o.a.m.s.f.DefaultMavenResourcesFiltering - skip non existing resourceDirectory C:\STS\springProjects\practica04\src\main\resources
2025-01-08 10:19:58,937 [Worker-43: Launching App (4)] INFO  o.a.m.s.f.DefaultMavenResourcesFiltering - skip non existing resourceDirectory C:\STS\springProjects\practica04\src\test\resources
2025-01-08 10:20:45,899 [Worker-49: Launching App (4)] INFO  o.a.m.s.f.DefaultMavenResourcesFiltering - skip non existing resourceDirectory C:\STS\springProjects\practica04\src\main\resources
2025-01-08 10:20:45,903 [Worker-49: Launching App (4)] INFO  o.a.m.s.f.DefaultMavenResourcesFiltering - skip non existing resourceDirectory C:\STS\springProjects\practica04\src\test\resources
2025-01-08 10:21:33,727 [Worker-45: Launching App (4)] INFO  o.a.m.s.f.DefaultMavenResourcesFiltering - skip non existing resourceDirectory C:\STS\springProjects\practica04\src\main\resources
2025-01-08 10:21:33,733 [Worker-45: Launching App (4)] INFO  o.a.m.s.f.DefaultMavenResourcesFiltering - skip non existing resourceDirectory C:\STS\springProjects\practica04\src\test\resources
2025-01-08 10:24:46,838 [Worker-45: Launching App (4)] INFO  o.a.m.s.f.DefaultMavenResourcesFiltering - skip non existing resourceDirectory C:\STS\springProjects\practica04\src\main\resources
2025-01-08 10:24:46,847 [Worker-45: Launching App (4)] INFO  o.a.m.s.f.DefaultMavenResourcesFiltering - skip non existing resourceDirectory C:\STS\springProjects\practica04\src\test\resources
2025-01-08 10:28:25,939 [Worker-48: Launching App (4)] INFO  o.a.m.s.f.DefaultMavenResourcesFiltering - skip non existing resourceDirectory C:\STS\springProjects\practica04\src\main\resources
2025-01-08 10:28:25,942 [Worker-48: Launching App (4)] INFO  o.a.m.s.f.DefaultMavenResourcesFiltering - skip non existing resourceDirectory C:\STS\springProjects\practica04\src\test\resources
2025-01-08 10:29:11,732 [Worker-50: Launching App (4)] INFO  o.a.m.s.f.DefaultMavenResourcesFiltering - skip non existing resourceDirectory C:\STS\springProjects\practica04\src\main\resources
2025-01-08 10:29:11,737 [Worker-50: Launching App (4)] INFO  o.a.m.s.f.DefaultMavenResourcesFiltering - skip non existing resourceDirectory C:\STS\springProjects\practica04\src\test\resources
2025-01-08 10:29:42,521 [Worker-52: Launching App (4)] INFO  o.a.m.s.f.DefaultMavenResourcesFiltering - skip non existing resourceDirectory C:\STS\springProjects\practica04\src\main\resources
2025-01-08 10:29:42,526 [Worker-52: Launching App (4)] INFO  o.a.m.s.f.DefaultMavenResourcesFiltering - skip non existing resourceDirectory C:\STS\springProjects\practica04\src\test\resources
2025-01-08 10:30:50,029 [Worker-52: Launching App (4)] INFO  o.a.m.s.f.DefaultMavenResourcesFiltering - skip non existing resourceDirectory C:\STS\springProjects\practica04\src\main\resources
2025-01-08 10:30:50,035 [Worker-52: Launching App (4)] INFO  o.a.m.s.f.DefaultMavenResourcesFiltering - skip non existing resourceDirectory C:\STS\springProjects\practica04\src\test\resources
2025-01-08 10:33:57,255 [Worker-43: Launching App (4)] INFO  o.a.m.s.f.DefaultMavenResourcesFiltering - skip non existing resourceDirectory C:\STS\springProjects\practica04\src\main\resources
2025-01-08 10:33:57,258 [Worker-43: Launching App (4)] INFO  o.a.m.s.f.DefaultMavenResourcesFiltering - skip non existing resourceDirectory C:\STS\springProjects\practica04\src\test\resources
2025-01-08 10:35:34,701 [Worker-55: Launching App (4)] INFO  o.a.m.s.f.DefaultMavenResourcesFiltering - skip non existing resourceDirectory C:\STS\springProjects\practica04\src\main\resources
2025-01-08 10:35:34,707 [Worker-55: Launching App (4)] INFO  o.a.m.s.f.DefaultMavenResourcesFiltering - skip non existing resourceDirectory C:\STS\springProjects\practica04\src\test\resources
2025-01-08 10:39:03,258 [Worker-58: Launching App (4)] INFO  o.a.m.s.f.DefaultMavenResourcesFiltering - skip non existing resourceDirectory C:\STS\springProjects\practica04\src\main\resources
2025-01-08 10:39:03,262 [Worker-58: Launching App (4)] INFO  o.a.m.s.f.DefaultMavenResourcesFiltering - skip non existing resourceDirectory C:\STS\springProjects\practica04\src\test\resources
2025-01-08 10:41:35,580 [Worker-65: Launching App (4)] INFO  o.a.m.s.f.DefaultMavenResourcesFiltering - skip non existing resourceDirectory C:\STS\springProjects\practica04\src\main\resources
2025-01-08 10:41:35,584 [Worker-65: Launching App (4)] INFO  o.a.m.s.f.DefaultMavenResourcesFiltering - skip non existing resourceDirectory C:\STS\springProjects\practica04\src\test\resources
2025-01-08 10:42:32,297 [Worker-67: Launching App (4)] INFO  o.a.m.s.f.DefaultMavenResourcesFiltering - skip non existing resourceDirectory C:\STS\springProjects\practica04\src\main\resources
2025-01-08 10:42:32,301 [Worker-67: Launching App (4)] INFO  o.a.m.s.f.DefaultMavenResourcesFiltering - skip non existing resourceDirectory C:\STS\springProjects\practica04\src\test\resources
2025-01-08 11:25:15,553 [Worker-84: Launching App (4)] INFO  o.a.m.s.f.DefaultMavenResourcesFiltering - skip non existing resourceDirectory C:\STS\springProjects\practica04\src\main\resources
2025-01-08 11:25:15,584 [Worker-84: Launching App (4)] INFO  o.a.m.s.f.DefaultMavenResourcesFiltering - skip non existing resourceDirectory C:\STS\springProjects\practica04\src\test\resources
2025-01-08 11:32:25,104 [Worker-91: Building] INFO  o.a.m.s.f.DefaultMavenResourcesFiltering - skip non existing resourceDirectory C:\STS\springProjects\practica04\src\main\resources
2025-01-08 11:32:25,106 [Worker-91: Building] INFO  o.a.m.s.f.DefaultMavenResourcesFiltering - skip non existing resourceDirectory C:\STS\springProjects\practica04\src\test\resources
2025-01-08 11:36:25,819 [Worker-95: Building] INFO  o.a.m.s.f.DefaultMavenResourcesFiltering - skip non existing resourceDirectory C:\STS\springProjects\practica04\src\main\resources
2025-01-08 11:36:25,822 [Worker-95: Building] INFO  o.a.m.s.f.DefaultMavenResourcesFiltering - skip non existing resourceDirectory C:\STS\springProjects\practica04\src\test\resources
2025-01-08 11:43:58,062 [Worker-94: Building] INFO  o.a.m.s.f.DefaultMavenResourcesFiltering - skip non existing resourceDirectory C:\STS\springProjects\practica04\src\main\resources
2025-01-08 11:43:58,064 [Worker-94: Building] INFO  o.a.m.s.f.DefaultMavenResourcesFiltering - skip non existing resourceDirectory C:\STS\springProjects\practica04\src\test\resources
2025-01-08 12:22:09,377 [Worker-113: Building] INFO  o.a.m.s.f.DefaultMavenResourcesFiltering - skip non existing resourceDirectory C:\STS\springProjects\practica04\src\main\resources
2025-01-08 12:22:09,380 [Worker-113: Building] INFO  o.a.m.s.f.DefaultMavenResourcesFiltering - skip non existing resourceDirectory C:\STS\springProjects\practica04\src\test\resources
2025-01-08 12:25:23,471 [Worker-117: Launching App (4)] INFO  o.a.m.s.f.DefaultMavenResourcesFiltering - skip non existing resourceDirectory C:\STS\springProjects\practica04\src\main\resources
2025-01-08 12:25:23,475 [Worker-117: Launching App (4)] INFO  o.a.m.s.f.DefaultMavenResourcesFiltering - skip non existing resourceDirectory C:\STS\springProjects\practica04\src\test\resources
2025-01-08 12:27:55,694 [Worker-118: Building] INFO  o.a.m.s.f.DefaultMavenResourcesFiltering - skip non existing resourceDirectory C:\STS\springProjects\practica04\src\main\resources
2025-01-08 12:27:55,695 [Worker-118: Building] INFO  o.a.m.s.f.DefaultMavenResourcesFiltering - skip non existing resourceDirectory C:\STS\springProjects\practica04\src\test\resources
2025-01-08 12:32:11,997 [Worker-118: Building] INFO  o.a.m.s.f.DefaultMavenResourcesFiltering - skip non existing resourceDirectory C:\STS\springProjects\practica04\src\main\resources
2025-01-08 12:32:11,998 [Worker-118: Building] INFO  o.a.m.s.f.DefaultMavenResourcesFiltering - skip non existing resourceDirectory C:\STS\springProjects\practica04\src\test\resources
2025-01-08 12:32:35,827 [Worker-121: Building] INFO  o.a.m.s.f.DefaultMavenResourcesFiltering - skip non existing resourceDirectory C:\STS\springProjects\practica04\src\main\resources
2025-01-08 12:32:35,829 [Worker-121: Building] INFO  o.a.m.s.f.DefaultMavenResourcesFiltering - skip non existing resourceDirectory C:\STS\springProjects\practica04\src\test\resources
2025-01-08 12:36:34,103 [Worker-123: Building] INFO  o.a.m.s.f.DefaultMavenResourcesFiltering - skip non existing resourceDirectory C:\STS\springProjects\practica04\src\main\resources
2025-01-08 12:36:34,105 [Worker-123: Building] INFO  o.a.m.s.f.DefaultMavenResourcesFiltering - skip non existing resourceDirectory C:\STS\springProjects\practica04\src\test\resources
2025-01-08 12:36:54,019 [Worker-123: Building] INFO  o.a.m.s.f.DefaultMavenResourcesFiltering - skip non existing resourceDirectory C:\STS\springProjects\practica04\src\main\resources
2025-01-08 12:36:54,020 [Worker-123: Building] INFO  o.a.m.s.f.DefaultMavenResourcesFiltering - skip non existing resourceDirectory C:\STS\springProjects\practica04\src\test\resources
2025-01-08 12:44:43,707 [Worker-4: Loading available Gradle versions] INFO  o.e.b.c.i.u.g.PublishedGradleVersions - Gradle version information cache is up-to-date. Trying to read.
2025-01-08 15:06:59,629 [Worker-6: Loading available Gradle versions] INFO  o.e.b.c.i.u.g.PublishedGradleVersions - Gradle version information cache is up-to-date. Trying to read.
2025-01-08 15:13:40,201 [Worker-6: Loading available Gradle versions] INFO  o.e.b.c.i.u.g.PublishedGradleVersions - Gradle version information cache is up-to-date. Trying to read.
2025-01-08 15:41:49,262 [Worker-22: Import Getting Started Content] INFO  o.e.m.c.i.l.LifecycleMappingFactory - Using org.eclipse.m2e.jdt.JarLifecycleMapping lifecycle mapping for MavenProject: com.jose.springboot.backend:mvc:1 @ C:\STS\springProjects\SpringMvc\pom.xml.
2025-01-08 15:41:49,500 [Worker-22: Import Getting Started Content] INFO  o.e.m.c.i.e.AbstractTransferListenerAdapter - Downloading https://repo.maven.apache.org/maven2/org/springframework/boot/spring-boot-starter-data-jpa/3.4.1/spring-boot-starter-data-jpa-3.4.1.pom
2025-01-08 15:41:49,511 [Worker-22: Import Getting Started Content] INFO  o.e.m.c.i.e.AbstractTransferListenerAdapter - Downloaded https://repo.maven.apache.org/maven2/org/springframework/boot/spring-boot-starter-data-jpa/3.4.1/spring-boot-starter-data-jpa-3.4.1.pom
2025-01-08 15:41:49,572 [Worker-22: Import Getting Started Content] INFO  o.e.m.c.i.e.AbstractTransferListenerAdapter - Downloading https://repo.maven.apache.org/maven2/org/springframework/boot/spring-boot-starter-jdbc/3.4.1/spring-boot-starter-jdbc-3.4.1.pom
2025-01-08 15:41:49,576 [Worker-22: Import Getting Started Content] INFO  o.e.m.c.i.e.AbstractTransferListenerAdapter - Downloaded https://repo.maven.apache.org/maven2/org/springframework/boot/spring-boot-starter-jdbc/3.4.1/spring-boot-starter-jdbc-3.4.1.pom
2025-01-08 15:41:49,601 [Worker-22: Import Getting Started Content] INFO  o.e.m.c.i.e.AbstractTransferListenerAdapter - Downloading https://repo.maven.apache.org/maven2/org/springframework/spring-jdbc/6.2.1/spring-jdbc-6.2.1.pom
2025-01-08 15:41:49,604 [Worker-22: Import Getting Started Content] INFO  o.e.m.c.i.e.AbstractTransferListenerAdapter - Downloaded https://repo.maven.apache.org/maven2/org/springframework/spring-jdbc/6.2.1/spring-jdbc-6.2.1.pom
2025-01-08 15:41:49,629 [Worker-22: Import Getting Started Content] INFO  o.e.m.c.i.e.AbstractTransferListenerAdapter - Downloading https://repo.maven.apache.org/maven2/org/hibernate/orm/hibernate-core/6.6.4.Final/hibernate-core-6.6.4.Final.pom
2025-01-08 15:41:49,636 [Worker-22: Import Getting Started Content] INFO  o.e.m.c.i.e.AbstractTransferListenerAdapter - Downloaded https://repo.maven.apache.org/maven2/org/hibernate/orm/hibernate-core/6.6.4.Final/hibernate-core-6.6.4.Final.pom
2025-01-08 15:41:49,708 [Worker-22: Import Getting Started Content] INFO  o.e.m.c.i.e.AbstractTransferListenerAdapter - Downloading https://repo.maven.apache.org/maven2/org/springframework/data/spring-data-jpa/3.4.1/spring-data-jpa-3.4.1.pom
2025-01-08 15:41:49,713 [Worker-22: Import Getting Started Content] INFO  o.e.m.c.i.e.AbstractTransferListenerAdapter - Downloaded https://repo.maven.apache.org/maven2/org/springframework/data/spring-data-jpa/3.4.1/spring-data-jpa-3.4.1.pom
2025-01-08 15:41:49,740 [Worker-22: Import Getting Started Content] INFO  o.e.m.c.i.e.AbstractTransferListenerAdapter - Downloading https://repo.maven.apache.org/maven2/org/springframework/data/spring-data-jpa-parent/3.4.1/spring-data-jpa-parent-3.4.1.pom
2025-01-08 15:41:49,744 [Worker-22: Import Getting Started Content] INFO  o.e.m.c.i.e.AbstractTransferListenerAdapter - Downloaded https://repo.maven.apache.org/maven2/org/springframework/data/spring-data-jpa-parent/3.4.1/spring-data-jpa-parent-3.4.1.pom
2025-01-08 15:41:49,787 [Worker-22: Import Getting Started Content] INFO  o.e.m.c.i.e.AbstractTransferListenerAdapter - Downloading https://repo.maven.apache.org/maven2/org/springframework/spring-orm/6.2.1/spring-orm-6.2.1.pom
2025-01-08 15:41:49,789 [Worker-22: Import Getting Started Content] INFO  o.e.m.c.i.e.AbstractTransferListenerAdapter - Downloaded https://repo.maven.apache.org/maven2/org/springframework/spring-orm/6.2.1/spring-orm-6.2.1.pom
2025-01-08 15:41:49,815 [Worker-22: Import Getting Started Content] INFO  o.e.m.c.i.e.AbstractTransferListenerAdapter - Downloading https://repo.maven.apache.org/maven2/org/springframework/spring-aspects/6.2.1/spring-aspects-6.2.1.pom
2025-01-08 15:41:49,820 [Worker-22: Import Getting Started Content] INFO  o.e.m.c.i.e.AbstractTransferListenerAdapter - Downloaded https://repo.maven.apache.org/maven2/org/springframework/spring-aspects/6.2.1/spring-aspects-6.2.1.pom
2025-01-08 15:41:49,850 [Worker-22: Import Getting Started Content] INFO  o.e.m.c.i.e.AbstractTransferListenerAdapter - Downloading https://repo.maven.apache.org/maven2/org/springframework/boot/spring-boot-starter-thymeleaf/3.4.1/spring-boot-starter-thymeleaf-3.4.1.pom
2025-01-08 15:41:49,857 [Worker-22: Import Getting Started Content] INFO  o.e.m.c.i.e.AbstractTransferListenerAdapter - Downloaded https://repo.maven.apache.org/maven2/org/springframework/boot/spring-boot-starter-thymeleaf/3.4.1/spring-boot-starter-thymeleaf-3.4.1.pom
2025-01-08 15:41:49,880 [Worker-22: Import Getting Started Content] INFO  o.e.m.c.i.e.AbstractTransferListenerAdapter - Downloading https://repo.maven.apache.org/maven2/org/thymeleaf/thymeleaf-spring6/3.1.3.RELEASE/thymeleaf-spring6-3.1.3.RELEASE.pom
2025-01-08 15:41:49,887 [Worker-22: Import Getting Started Content] INFO  o.e.m.c.i.e.AbstractTransferListenerAdapter - Downloaded https://repo.maven.apache.org/maven2/org/thymeleaf/thymeleaf-spring6/3.1.3.RELEASE/thymeleaf-spring6-3.1.3.RELEASE.pom
2025-01-08 15:41:49,928 [Worker-22: Import Getting Started Content] INFO  o.e.m.c.i.e.AbstractTransferListenerAdapter - Downloading https://repo.maven.apache.org/maven2/org/thymeleaf/thymeleaf-lib/3.1.3.RELEASE/thymeleaf-lib-3.1.3.RELEASE.pom
2025-01-08 15:41:49,939 [Worker-22: Import Getting Started Content] INFO  o.e.m.c.i.e.AbstractTransferListenerAdapter - Downloaded https://repo.maven.apache.org/maven2/org/thymeleaf/thymeleaf-lib/3.1.3.RELEASE/thymeleaf-lib-3.1.3.RELEASE.pom
2025-01-08 15:41:49,962 [Worker-22: Import Getting Started Content] INFO  o.e.m.c.i.e.AbstractTransferListenerAdapter - Downloading https://repo.maven.apache.org/maven2/org/thymeleaf/thymeleaf-parent/3.1.3.RELEASE/thymeleaf-parent-3.1.3.RELEASE.pom
2025-01-08 15:41:49,972 [Worker-22: Import Getting Started Content] INFO  o.e.m.c.i.e.AbstractTransferListenerAdapter - Downloaded https://repo.maven.apache.org/maven2/org/thymeleaf/thymeleaf-parent/3.1.3.RELEASE/thymeleaf-parent-3.1.3.RELEASE.pom
2025-01-08 15:41:50,000 [Worker-22: Import Getting Started Content] INFO  o.e.m.c.i.e.AbstractTransferListenerAdapter - Downloading https://repo.maven.apache.org/maven2/org/apache/logging/log4j/log4j-bom/2.24.2/log4j-bom-2.24.2.pom
2025-01-08 15:41:50,006 [Worker-22: Import Getting Started Content] INFO  o.e.m.c.i.e.AbstractTransferListenerAdapter - Downloaded https://repo.maven.apache.org/maven2/org/apache/logging/log4j/log4j-bom/2.24.2/log4j-bom-2.24.2.pom
2025-01-08 15:41:50,043 [Worker-22: Import Getting Started Content] INFO  o.e.m.c.i.e.AbstractTransferListenerAdapter - Downloading https://repo.maven.apache.org/maven2/org/thymeleaf/thymeleaf/3.1.3.RELEASE/thymeleaf-3.1.3.RELEASE.pom
2025-01-08 15:41:50,055 [Worker-22: Import Getting Started Content] INFO  o.e.m.c.i.e.AbstractTransferListenerAdapter - Downloaded https://repo.maven.apache.org/maven2/org/thymeleaf/thymeleaf/3.1.3.RELEASE/thymeleaf-3.1.3.RELEASE.pom
2025-01-08 15:41:50,218 [Worker-22: Import Getting Started Content] INFO  o.e.m.c.i.e.AbstractTransferListenerAdapter - Downloading https://repo.maven.apache.org/maven2/org/springframework/boot/spring-boot-starter-data-jpa/3.4.1/spring-boot-starter-data-jpa-3.4.1.jar
2025-01-08 15:41:50,232 [Worker-22: Import Getting Started Content] INFO  o.e.m.c.i.e.AbstractTransferListenerAdapter - Downloaded https://repo.maven.apache.org/maven2/org/springframework/boot/spring-boot-starter-data-jpa/3.4.1/spring-boot-starter-data-jpa-3.4.1.jar
2025-01-08 15:41:50,263 [BasicRepositoryConnector-repo.maven.apache.org-0-2] INFO  o.e.m.c.i.e.AbstractTransferListenerAdapter - Downloading https://repo.maven.apache.org/maven2/org/hibernate/orm/hibernate-core/6.6.4.Final/hibernate-core-6.6.4.Final.jar
2025-01-08 15:41:50,308 [BasicRepositoryConnector-repo.maven.apache.org-0-4] INFO  o.e.m.c.i.e.AbstractTransferListenerAdapter - Downloading https://repo.maven.apache.org/maven2/org/springframework/spring-orm/6.2.1/spring-orm-6.2.1.jar
2025-01-08 15:41:50,308 [BasicRepositoryConnector-repo.maven.apache.org-0-0] INFO  o.e.m.c.i.e.AbstractTransferListenerAdapter - Downloading https://repo.maven.apache.org/maven2/org/springframework/boot/spring-boot-starter-jdbc/3.4.1/spring-boot-starter-jdbc-3.4.1.jar
2025-01-08 15:41:50,310 [BasicRepositoryConnector-repo.maven.apache.org-0-3] INFO  o.e.m.c.i.e.AbstractTransferListenerAdapter - Downloading https://repo.maven.apache.org/maven2/org/springframework/data/spring-data-jpa/3.4.1/spring-data-jpa-3.4.1.jar
2025-01-08 15:41:50,313 [BasicRepositoryConnector-repo.maven.apache.org-0-0] INFO  o.e.m.c.i.e.AbstractTransferListenerAdapter - Downloaded https://repo.maven.apache.org/maven2/org/springframework/boot/spring-boot-starter-jdbc/3.4.1/spring-boot-starter-jdbc-3.4.1.jar
2025-01-08 15:41:50,345 [BasicRepositoryConnector-repo.maven.apache.org-0-0] INFO  o.e.m.c.i.e.AbstractTransferListenerAdapter - Downloading https://repo.maven.apache.org/maven2/org/springframework/spring-aspects/6.2.1/spring-aspects-6.2.1.jar
2025-01-08 15:41:50,353 [BasicRepositoryConnector-repo.maven.apache.org-0-1] INFO  o.e.m.c.i.e.AbstractTransferListenerAdapter - Downloading https://repo.maven.apache.org/maven2/org/springframework/spring-jdbc/6.2.1/spring-jdbc-6.2.1.jar
2025-01-08 15:41:50,368 [BasicRepositoryConnector-repo.maven.apache.org-0-0] INFO  o.e.m.c.i.e.AbstractTransferListenerAdapter - Downloaded https://repo.maven.apache.org/maven2/org/springframework/spring-aspects/6.2.1/spring-aspects-6.2.1.jar
2025-01-08 15:41:50,384 [BasicRepositoryConnector-repo.maven.apache.org-0-4] INFO  o.e.m.c.i.e.AbstractTransferListenerAdapter - Downloaded https://repo.maven.apache.org/maven2/org/springframework/spring-orm/6.2.1/spring-orm-6.2.1.jar
2025-01-08 15:41:50,397 [BasicRepositoryConnector-repo.maven.apache.org-0-0] INFO  o.e.m.c.i.e.AbstractTransferListenerAdapter - Downloading https://repo.maven.apache.org/maven2/org/springframework/boot/spring-boot-starter-thymeleaf/3.4.1/spring-boot-starter-thymeleaf-3.4.1.jar
2025-01-08 15:41:50,400 [BasicRepositoryConnector-repo.maven.apache.org-0-0] INFO  o.e.m.c.i.e.AbstractTransferListenerAdapter - Downloaded https://repo.maven.apache.org/maven2/org/springframework/boot/spring-boot-starter-thymeleaf/3.4.1/spring-boot-starter-thymeleaf-3.4.1.jar
2025-01-08 15:41:50,406 [BasicRepositoryConnector-repo.maven.apache.org-0-4] INFO  o.e.m.c.i.e.AbstractTransferListenerAdapter - Downloading https://repo.maven.apache.org/maven2/org/thymeleaf/thymeleaf-spring6/3.1.3.RELEASE/thymeleaf-spring6-3.1.3.RELEASE.jar
2025-01-08 15:41:50,415 [BasicRepositoryConnector-repo.maven.apache.org-0-4] INFO  o.e.m.c.i.e.AbstractTransferListenerAdapter - Downloaded https://repo.maven.apache.org/maven2/org/thymeleaf/thymeleaf-spring6/3.1.3.RELEASE/thymeleaf-spring6-3.1.3.RELEASE.jar
2025-01-08 15:41:50,424 [BasicRepositoryConnector-repo.maven.apache.org-0-0] INFO  o.e.m.c.i.e.AbstractTransferListenerAdapter - Downloading https://repo.maven.apache.org/maven2/org/thymeleaf/thymeleaf/3.1.3.RELEASE/thymeleaf-3.1.3.RELEASE.jar
2025-01-08 15:41:50,509 [BasicRepositoryConnector-repo.maven.apache.org-0-1] INFO  o.e.m.c.i.e.AbstractTransferListenerAdapter - Downloaded https://repo.maven.apache.org/maven2/org/springframework/spring-jdbc/6.2.1/spring-jdbc-6.2.1.jar
2025-01-08 15:41:50,648 [BasicRepositoryConnector-repo.maven.apache.org-0-0] INFO  o.e.m.c.i.e.AbstractTransferListenerAdapter - Downloaded https://repo.maven.apache.org/maven2/org/thymeleaf/thymeleaf/3.1.3.RELEASE/thymeleaf-3.1.3.RELEASE.jar
2025-01-08 15:41:50,650 [BasicRepositoryConnector-repo.maven.apache.org-0-3] INFO  o.e.m.c.i.e.AbstractTransferListenerAdapter - Downloaded https://repo.maven.apache.org/maven2/org/springframework/data/spring-data-jpa/3.4.1/spring-data-jpa-3.4.1.jar
2025-01-08 15:41:51,284 [BasicRepositoryConnector-repo.maven.apache.org-0-2] INFO  o.e.m.c.i.e.AbstractTransferListenerAdapter - Downloaded https://repo.maven.apache.org/maven2/org/hibernate/orm/hibernate-core/6.6.4.Final/hibernate-core-6.6.4.Final.jar
2025-01-08 15:41:51,476 [Worker-22: Import Getting Started Content] INFO  o.e.m.c.i.l.LifecycleMappingFactory - Using org.eclipse.m2e.jdt.JarLifecycleMapping lifecycle mapping for MavenProject: com.jose:ejemplo1:0.0.1-SNAPSHOT @ C:\STS\springProjects\ejemplo1\pom.xml.
2025-01-08 15:41:52,179 [Worker-22: Import Getting Started Content] INFO  o.e.m.j.i.AbstractJavaProjectConfigurator - Adding source folder /SpringMvc/src/main/java
2025-01-08 15:41:52,180 [Worker-22: Import Getting Started Content] INFO  o.e.m.j.i.AbstractJavaProjectConfigurator - Adding resource folder /SpringMvc/src/main/resources
2025-01-08 15:41:52,183 [Worker-22: Import Getting Started Content] INFO  o.e.m.j.i.AbstractJavaProjectConfigurator - Adding resource folder /SpringMvc/src/main/resources
2025-01-08 15:41:52,185 [Worker-22: Import Getting Started Content] INFO  o.e.m.j.i.AbstractJavaProjectConfigurator - Adding source folder /SpringMvc/src/test/java
2025-01-08 15:41:52,186 [Worker-22: Import Getting Started Content] INFO  o.e.m.j.i.AbstractJavaProjectConfigurator - Adding resource folder /SpringMvc/src/test/resources
2025-01-08 15:41:52,988 [Worker-24: Download sources and javadoc] INFO  o.e.m.c.i.e.AbstractTransferListenerAdapter - Downloading https://repo.maven.apache.org/maven2/org/springframework/boot/spring-boot-starter-data-jpa/3.4.1/spring-boot-starter-data-jpa-3.4.1-sources.jar
2025-01-08 15:41:52,992 [Worker-24: Download sources and javadoc] INFO  o.e.m.c.i.e.AbstractTransferListenerAdapter - Downloaded https://repo.maven.apache.org/maven2/org/springframework/boot/spring-boot-starter-data-jpa/3.4.1/spring-boot-starter-data-jpa-3.4.1-sources.jar
2025-01-08 15:41:52,996 [Worker-24: Download sources and javadoc] INFO  o.e.m.j.internal.DownloadSourcesJob - Downloaded sources for org.springframework.boot:spring-boot-starter-data-jpa:3.4.1
2025-01-08 15:41:53,097 [Worker-24: Download sources and javadoc] INFO  o.e.m.c.i.e.AbstractTransferListenerAdapter - Downloading https://repo.maven.apache.org/maven2/org/springframework/boot/spring-boot-starter/3.4.1/spring-boot-starter-3.4.1-sources.jar
2025-01-08 15:41:53,099 [Worker-24: Download sources and javadoc] INFO  o.e.m.c.i.e.AbstractTransferListenerAdapter - Downloaded https://repo.maven.apache.org/maven2/org/springframework/boot/spring-boot-starter/3.4.1/spring-boot-starter-3.4.1-sources.jar
2025-01-08 15:41:53,102 [Worker-24: Download sources and javadoc] INFO  o.e.m.j.internal.DownloadSourcesJob - Downloaded sources for org.springframework.boot:spring-boot-starter:3.4.1
2025-01-08 15:41:53,278 [Worker-24: Download sources and javadoc] INFO  o.e.m.c.i.e.AbstractTransferListenerAdapter - Downloading https://repo.maven.apache.org/maven2/org/springframework/boot/spring-boot-starter-logging/3.4.1/spring-boot-starter-logging-3.4.1-sources.jar
2025-01-08 15:41:53,281 [Worker-24: Download sources and javadoc] INFO  o.e.m.c.i.e.AbstractTransferListenerAdapter - Downloaded https://repo.maven.apache.org/maven2/org/springframework/boot/spring-boot-starter-logging/3.4.1/spring-boot-starter-logging-3.4.1-sources.jar
2025-01-08 15:41:53,284 [Worker-24: Download sources and javadoc] INFO  o.e.m.j.internal.DownloadSourcesJob - Downloaded sources for org.springframework.boot:spring-boot-starter-logging:3.4.1
2025-01-08 15:41:53,397 [Worker-24: Download sources and javadoc] INFO  o.e.m.c.i.e.AbstractTransferListenerAdapter - Downloading https://repo.maven.apache.org/maven2/org/apache/logging/log4j/log4j-to-slf4j/2.24.3/log4j-to-slf4j-2.24.3-sources.jar
2025-01-08 15:41:53,425 [Worker-24: Download sources and javadoc] INFO  o.e.m.c.i.e.AbstractTransferListenerAdapter - Downloaded https://repo.maven.apache.org/maven2/org/apache/logging/log4j/log4j-to-slf4j/2.24.3/log4j-to-slf4j-2.24.3-sources.jar
2025-01-08 15:41:53,430 [Worker-24: Download sources and javadoc] INFO  o.e.m.j.internal.DownloadSourcesJob - Downloaded sources for org.apache.logging.log4j:log4j-to-slf4j:2.24.3
2025-01-08 15:41:53,597 [Worker-24: Download sources and javadoc] INFO  o.e.m.c.i.e.AbstractTransferListenerAdapter - Downloading https://repo.maven.apache.org/maven2/org/apache/logging/log4j/log4j-api/2.24.3/log4j-api-2.24.3-sources.jar
2025-01-08 15:41:53,623 [Worker-22: Import Getting Started Content] INFO  o.e.m.c.i.p.ProjectConfigurationManager - Imported and configured 1 project(s) in 5 sec
2025-01-08 15:41:53,628 [Worker-22: Import Getting Started Content] INFO  o.e.m.c.i.p.ProjectConfigurationManager - Update started
2025-01-08 15:41:53,824 [Worker-24: Download sources and javadoc] INFO  o.e.m.c.i.e.AbstractTransferListenerAdapter - Downloaded https://repo.maven.apache.org/maven2/org/apache/logging/log4j/log4j-api/2.24.3/log4j-api-2.24.3-sources.jar
2025-01-08 15:41:53,827 [Worker-24: Download sources and javadoc] INFO  o.e.m.j.internal.DownloadSourcesJob - Downloaded sources for org.apache.logging.log4j:log4j-api:2.24.3
2025-01-08 15:41:54,624 [Worker-22: Import Getting Started Content] INFO  o.e.m.c.i.l.LifecycleMappingFactory - Using org.eclipse.m2e.jdt.JarLifecycleMapping lifecycle mapping for MavenProject: com.jose.springboot.backend:mvc:1 @ C:\STS\springProjects\SpringMvc\pom.xml.
2025-01-08 15:41:54,689 [Worker-24: Download sources and javadoc] INFO  o.e.m.c.i.e.AbstractTransferListenerAdapter - Downloading https://repo.maven.apache.org/maven2/org/springframework/boot/spring-boot-starter-jdbc/3.4.1/spring-boot-starter-jdbc-3.4.1-sources.jar
2025-01-08 15:41:54,697 [Worker-24: Download sources and javadoc] INFO  o.e.m.c.i.e.AbstractTransferListenerAdapter - Downloaded https://repo.maven.apache.org/maven2/org/springframework/boot/spring-boot-starter-jdbc/3.4.1/spring-boot-starter-jdbc-3.4.1-sources.jar
2025-01-08 15:41:54,702 [Worker-24: Download sources and javadoc] INFO  o.e.m.j.internal.DownloadSourcesJob - Downloaded sources for org.springframework.boot:spring-boot-starter-jdbc:3.4.1
2025-01-08 15:41:54,879 [Worker-24: Download sources and javadoc] INFO  o.e.m.c.i.e.AbstractTransferListenerAdapter - Downloading https://repo.maven.apache.org/maven2/org/springframework/spring-jdbc/6.2.1/spring-jdbc-6.2.1-sources.jar
2025-01-08 15:41:55,115 [Worker-24: Download sources and javadoc] INFO  o.e.m.c.i.e.AbstractTransferListenerAdapter - Downloaded https://repo.maven.apache.org/maven2/org/springframework/spring-jdbc/6.2.1/spring-jdbc-6.2.1-sources.jar
2025-01-08 15:41:55,119 [Worker-24: Download sources and javadoc] INFO  o.e.m.j.internal.DownloadSourcesJob - Downloaded sources for org.springframework:spring-jdbc:6.2.1
2025-01-08 15:41:55,248 [Worker-24: Download sources and javadoc] INFO  o.e.m.c.i.e.AbstractTransferListenerAdapter - Downloading https://repo.maven.apache.org/maven2/org/hibernate/orm/hibernate-core/6.6.4.Final/hibernate-core-6.6.4.Final-sources.jar
2025-01-08 15:41:55,317 [Worker-22: Import Getting Started Content] INFO  o.e.m.j.i.AbstractJavaProjectConfigurator - Adding source folder /SpringMvc/src/main/java
2025-01-08 15:41:55,317 [Worker-22: Import Getting Started Content] INFO  o.e.m.j.i.AbstractJavaProjectConfigurator - Adding resource folder /SpringMvc/src/main/resources
2025-01-08 15:41:55,318 [Worker-22: Import Getting Started Content] INFO  o.e.m.j.i.AbstractJavaProjectConfigurator - Adding resource folder /SpringMvc/src/main/resources
2025-01-08 15:41:55,318 [Worker-22: Import Getting Started Content] INFO  o.e.m.j.i.AbstractJavaProjectConfigurator - Adding source folder /SpringMvc/src/test/java
2025-01-08 15:41:55,319 [Worker-22: Import Getting Started Content] INFO  o.e.m.j.i.AbstractJavaProjectConfigurator - Adding resource folder /SpringMvc/src/test/resources
2025-01-08 15:41:56,679 [Worker-22: Import Getting Started Content] INFO  o.e.m.c.i.p.ProjectConfigurationManager - Update completed for 1 poms: local refresh takes 0,00 sec, refresh facades takes 1,00 sec, update config takes 0,00 sec 
2025-01-08 15:41:56,876 [Worker-24: Download sources and javadoc] INFO  o.e.m.c.i.e.AbstractTransferListenerAdapter - Downloaded https://repo.maven.apache.org/maven2/org/hibernate/orm/hibernate-core/6.6.4.Final/hibernate-core-6.6.4.Final-sources.jar
2025-01-08 15:41:56,880 [Worker-24: Download sources and javadoc] INFO  o.e.m.j.internal.DownloadSourcesJob - Downloaded sources for org.hibernate.orm:hibernate-core:6.6.4.Final
2025-01-08 15:41:57,167 [Worker-24: Download sources and javadoc] INFO  o.e.m.c.i.e.AbstractTransferListenerAdapter - Downloading https://repo.maven.apache.org/maven2/net/bytebuddy/byte-buddy/1.15.11/byte-buddy-1.15.11-sources.jar
2025-01-08 15:41:57,839 [Worker-24: Download sources and javadoc] INFO  o.e.m.c.i.e.AbstractTransferListenerAdapter - Downloaded https://repo.maven.apache.org/maven2/net/bytebuddy/byte-buddy/1.15.11/byte-buddy-1.15.11-sources.jar
2025-01-08 15:41:57,843 [Worker-24: Download sources and javadoc] INFO  o.e.m.j.internal.DownloadSourcesJob - Downloaded sources for net.bytebuddy:byte-buddy:1.15.11
2025-01-08 15:41:58,147 [Worker-24: Download sources and javadoc] INFO  o.e.m.c.i.e.AbstractTransferListenerAdapter - Downloading https://repo.maven.apache.org/maven2/org/springframework/data/spring-data-jpa/3.4.1/spring-data-jpa-3.4.1-sources.jar
2025-01-08 15:41:58,428 [Worker-24: Download sources and javadoc] INFO  o.e.m.c.i.e.AbstractTransferListenerAdapter - Downloaded https://repo.maven.apache.org/maven2/org/springframework/data/spring-data-jpa/3.4.1/spring-data-jpa-3.4.1-sources.jar
2025-01-08 15:41:58,433 [Worker-24: Download sources and javadoc] INFO  o.e.m.j.internal.DownloadSourcesJob - Downloaded sources for org.springframework.data:spring-data-jpa:3.4.1
2025-01-08 15:41:58,691 [Worker-24: Download sources and javadoc] INFO  o.e.m.c.i.e.AbstractTransferListenerAdapter - Downloading https://repo.maven.apache.org/maven2/org/springframework/data/spring-data-commons/3.4.1/spring-data-commons-3.4.1-sources.jar
2025-01-08 15:41:59,101 [Worker-24: Download sources and javadoc] INFO  o.e.m.c.i.e.AbstractTransferListenerAdapter - Downloaded https://repo.maven.apache.org/maven2/org/springframework/data/spring-data-commons/3.4.1/spring-data-commons-3.4.1-sources.jar
2025-01-08 15:41:59,104 [Worker-24: Download sources and javadoc] INFO  o.e.m.j.internal.DownloadSourcesJob - Downloaded sources for org.springframework.data:spring-data-commons:3.4.1
2025-01-08 15:41:59,436 [Worker-24: Download sources and javadoc] INFO  o.e.m.c.i.e.AbstractTransferListenerAdapter - Downloading https://repo.maven.apache.org/maven2/org/springframework/spring-orm/6.2.1/spring-orm-6.2.1-sources.jar
2025-01-08 15:41:59,652 [Worker-24: Download sources and javadoc] INFO  o.e.m.c.i.e.AbstractTransferListenerAdapter - Downloaded https://repo.maven.apache.org/maven2/org/springframework/spring-orm/6.2.1/spring-orm-6.2.1-sources.jar
2025-01-08 15:41:59,655 [Worker-24: Download sources and javadoc] INFO  o.e.m.j.internal.DownloadSourcesJob - Downloaded sources for org.springframework:spring-orm:6.2.1
2025-01-08 15:41:59,850 [Worker-24: Download sources and javadoc] INFO  o.e.m.c.i.e.AbstractTransferListenerAdapter - Downloading https://repo.maven.apache.org/maven2/org/springframework/spring-context/6.2.1/spring-context-6.2.1-sources.jar
2025-01-08 15:42:00,148 [Worker-24: Download sources and javadoc] INFO  o.e.m.c.i.e.AbstractTransferListenerAdapter - Downloaded https://repo.maven.apache.org/maven2/org/springframework/spring-context/6.2.1/spring-context-6.2.1-sources.jar
2025-01-08 15:42:00,152 [Worker-24: Download sources and javadoc] INFO  o.e.m.j.internal.DownloadSourcesJob - Downloaded sources for org.springframework:spring-context:6.2.1
2025-01-08 15:42:00,385 [Worker-24: Download sources and javadoc] INFO  o.e.m.c.i.e.AbstractTransferListenerAdapter - Downloading https://repo.maven.apache.org/maven2/org/springframework/spring-aop/6.2.1/spring-aop-6.2.1-sources.jar
2025-01-08 15:42:00,560 [Worker-24: Download sources and javadoc] INFO  o.e.m.c.i.e.AbstractTransferListenerAdapter - Downloaded https://repo.maven.apache.org/maven2/org/springframework/spring-aop/6.2.1/spring-aop-6.2.1-sources.jar
2025-01-08 15:42:00,564 [Worker-24: Download sources and javadoc] INFO  o.e.m.j.internal.DownloadSourcesJob - Downloaded sources for org.springframework:spring-aop:6.2.1
2025-01-08 15:42:00,775 [Worker-24: Download sources and javadoc] INFO  o.e.m.c.i.e.AbstractTransferListenerAdapter - Downloading https://repo.maven.apache.org/maven2/org/springframework/spring-tx/6.2.1/spring-tx-6.2.1-sources.jar
2025-01-08 15:42:00,954 [Worker-24: Download sources and javadoc] INFO  o.e.m.c.i.e.AbstractTransferListenerAdapter - Downloaded https://repo.maven.apache.org/maven2/org/springframework/spring-tx/6.2.1/spring-tx-6.2.1-sources.jar
2025-01-08 15:42:00,956 [Worker-24: Download sources and javadoc] INFO  o.e.m.j.internal.DownloadSourcesJob - Downloaded sources for org.springframework:spring-tx:6.2.1
2025-01-08 15:42:01,124 [Worker-24: Download sources and javadoc] INFO  o.e.m.c.i.e.AbstractTransferListenerAdapter - Downloading https://repo.maven.apache.org/maven2/org/springframework/spring-beans/6.2.1/spring-beans-6.2.1-sources.jar
2025-01-08 15:42:01,418 [Worker-24: Download sources and javadoc] INFO  o.e.m.c.i.e.AbstractTransferListenerAdapter - Downloaded https://repo.maven.apache.org/maven2/org/springframework/spring-beans/6.2.1/spring-beans-6.2.1-sources.jar
2025-01-08 15:42:01,420 [Worker-24: Download sources and javadoc] INFO  o.e.m.j.internal.DownloadSourcesJob - Downloaded sources for org.springframework:spring-beans:6.2.1
2025-01-08 15:42:01,538 [Worker-24: Download sources and javadoc] INFO  o.e.m.c.i.e.AbstractTransferListenerAdapter - Downloading https://repo.maven.apache.org/maven2/org/springframework/spring-aspects/6.2.1/spring-aspects-6.2.1-sources.jar
2025-01-08 15:42:01,707 [Worker-24: Download sources and javadoc] INFO  o.e.m.c.i.e.AbstractTransferListenerAdapter - Downloaded https://repo.maven.apache.org/maven2/org/springframework/spring-aspects/6.2.1/spring-aspects-6.2.1-sources.jar
2025-01-08 15:42:01,709 [Worker-24: Download sources and javadoc] INFO  o.e.m.j.internal.DownloadSourcesJob - Downloaded sources for org.springframework:spring-aspects:6.2.1
2025-01-08 15:42:01,822 [Worker-24: Download sources and javadoc] INFO  o.e.m.c.i.e.AbstractTransferListenerAdapter - Downloading https://repo.maven.apache.org/maven2/org/springframework/boot/spring-boot-starter-thymeleaf/3.4.1/spring-boot-starter-thymeleaf-3.4.1-sources.jar
2025-01-08 15:42:01,825 [Worker-24: Download sources and javadoc] INFO  o.e.m.c.i.e.AbstractTransferListenerAdapter - Downloaded https://repo.maven.apache.org/maven2/org/springframework/boot/spring-boot-starter-thymeleaf/3.4.1/spring-boot-starter-thymeleaf-3.4.1-sources.jar
2025-01-08 15:42:01,827 [Worker-24: Download sources and javadoc] INFO  o.e.m.j.internal.DownloadSourcesJob - Downloaded sources for org.springframework.boot:spring-boot-starter-thymeleaf:3.4.1
2025-01-08 15:42:02,015 [Worker-24: Download sources and javadoc] INFO  o.e.m.c.i.e.AbstractTransferListenerAdapter - Downloading https://repo.maven.apache.org/maven2/org/thymeleaf/thymeleaf-spring6/3.1.3.RELEASE/thymeleaf-spring6-3.1.3.RELEASE-sources.jar
2025-01-08 15:42:02,129 [Worker-29: Building] INFO  o.a.m.s.f.DefaultMavenResourcesFiltering - Copying 1 resource from src\main\resources to target\classes
2025-01-08 15:42:02,186 [Worker-29: Building] INFO  o.a.m.s.f.DefaultMavenResourcesFiltering - Copying 0 resource from src\main\resources to target\classes
2025-01-08 15:42:02,192 [Worker-29: Building] INFO  o.a.m.s.f.DefaultMavenResourcesFiltering - Copying 0 resource from src\test\resources to target\test-classes
2025-01-08 15:42:02,418 [Worker-24: Download sources and javadoc] INFO  o.e.m.c.i.e.AbstractTransferListenerAdapter - Downloaded https://repo.maven.apache.org/maven2/org/thymeleaf/thymeleaf-spring6/3.1.3.RELEASE/thymeleaf-spring6-3.1.3.RELEASE-sources.jar
2025-01-08 15:42:02,421 [Worker-24: Download sources and javadoc] INFO  o.e.m.j.internal.DownloadSourcesJob - Downloaded sources for org.thymeleaf:thymeleaf-spring6:3.1.3.RELEASE
2025-01-08 15:42:02,673 [Worker-24: Download sources and javadoc] INFO  o.e.m.c.i.e.AbstractTransferListenerAdapter - Downloading https://repo.maven.apache.org/maven2/org/thymeleaf/thymeleaf/3.1.3.RELEASE/thymeleaf-3.1.3.RELEASE-sources.jar
2025-01-08 15:42:02,975 [Worker-29: Building] INFO  o.a.m.s.f.DefaultMavenResourcesFiltering - skip non existing resourceDirectory C:\STS\springProjects\biblioteca1\src\main\resources
2025-01-08 15:42:02,980 [Worker-29: Building] INFO  o.a.m.s.f.DefaultMavenResourcesFiltering - skip non existing resourceDirectory C:\STS\springProjects\biblioteca1\src\test\resources
2025-01-08 15:42:03,358 [Worker-24: Download sources and javadoc] INFO  o.e.m.c.i.e.AbstractTransferListenerAdapter - Downloaded https://repo.maven.apache.org/maven2/org/thymeleaf/thymeleaf/3.1.3.RELEASE/thymeleaf-3.1.3.RELEASE-sources.jar
2025-01-08 15:42:03,360 [Worker-24: Download sources and javadoc] INFO  o.e.m.j.internal.DownloadSourcesJob - Downloaded sources for org.thymeleaf:thymeleaf:3.1.3.RELEASE
2025-01-08 15:42:03,687 [Worker-24: Download sources and javadoc] INFO  o.e.m.c.i.e.AbstractTransferListenerAdapter - Downloading https://repo.maven.apache.org/maven2/org/springframework/boot/spring-boot-starter-web/3.4.1/spring-boot-starter-web-3.4.1-sources.jar
2025-01-08 15:42:03,689 [Worker-24: Download sources and javadoc] INFO  o.e.m.c.i.e.AbstractTransferListenerAdapter - Downloaded https://repo.maven.apache.org/maven2/org/springframework/boot/spring-boot-starter-web/3.4.1/spring-boot-starter-web-3.4.1-sources.jar
2025-01-08 15:42:03,692 [Worker-24: Download sources and javadoc] INFO  o.e.m.j.internal.DownloadSourcesJob - Downloaded sources for org.springframework.boot:spring-boot-starter-web:3.4.1
2025-01-08 15:42:03,772 [Worker-29: Building] INFO  o.a.m.s.f.DefaultMavenResourcesFiltering - skip non existing resourceDirectory C:\STS\springProjects\bibliotecah2\src\main\resources
2025-01-08 15:42:03,776 [Worker-29: Building] INFO  o.a.m.s.f.DefaultMavenResourcesFiltering - skip non existing resourceDirectory C:\STS\springProjects\bibliotecah2\src\test\resources
2025-01-08 15:42:03,830 [Worker-24: Download sources and javadoc] INFO  o.e.m.c.i.e.AbstractTransferListenerAdapter - Downloading https://repo.maven.apache.org/maven2/org/springframework/boot/spring-boot-starter-json/3.4.1/spring-boot-starter-json-3.4.1-sources.jar
2025-01-08 15:42:03,832 [Worker-24: Download sources and javadoc] INFO  o.e.m.c.i.e.AbstractTransferListenerAdapter - Downloaded https://repo.maven.apache.org/maven2/org/springframework/boot/spring-boot-starter-json/3.4.1/spring-boot-starter-json-3.4.1-sources.jar
2025-01-08 15:42:03,836 [Worker-24: Download sources and javadoc] INFO  o.e.m.j.internal.DownloadSourcesJob - Downloaded sources for org.springframework.boot:spring-boot-starter-json:3.4.1
2025-01-08 15:42:04,046 [Worker-24: Download sources and javadoc] INFO  o.e.m.c.i.e.AbstractTransferListenerAdapter - Downloading https://repo.maven.apache.org/maven2/com/fasterxml/jackson/core/jackson-databind/2.18.2/jackson-databind-2.18.2-sources.jar
2025-01-08 15:42:04,352 [Worker-29: Building] INFO  o.a.m.s.f.DefaultMavenResourcesFiltering - Copying 1 resource from src\main\resources to target\classes
2025-01-08 15:42:04,400 [Worker-29: Building] INFO  o.a.m.s.f.DefaultMavenResourcesFiltering - Copying 1 resource from src\main\resources to target\classes
2025-01-08 15:42:04,408 [Worker-29: Building] INFO  o.a.m.s.f.DefaultMavenResourcesFiltering - Copying 0 resource from src\test\resources to target\test-classes
2025-01-08 15:42:04,470 [Worker-24: Download sources and javadoc] INFO  o.e.m.c.i.e.AbstractTransferListenerAdapter - Downloaded https://repo.maven.apache.org/maven2/com/fasterxml/jackson/core/jackson-databind/2.18.2/jackson-databind-2.18.2-sources.jar
2025-01-08 15:42:04,473 [Worker-24: Download sources and javadoc] INFO  o.e.m.j.internal.DownloadSourcesJob - Downloaded sources for com.fasterxml.jackson.core:jackson-databind:2.18.2
2025-01-08 15:42:04,678 [Worker-24: Download sources and javadoc] INFO  o.e.m.c.i.e.AbstractTransferListenerAdapter - Downloading https://repo.maven.apache.org/maven2/com/fasterxml/jackson/core/jackson-annotations/2.18.2/jackson-annotations-2.18.2-sources.jar
2025-01-08 15:42:04,740 [Worker-29: Building] INFO  o.a.m.s.f.DefaultMavenResourcesFiltering - skip non existing resourceDirectory C:\STS\springProjects\hibernateanotaciones1\src\main\resources
2025-01-08 15:42:04,744 [Worker-29: Building] INFO  o.a.m.s.f.DefaultMavenResourcesFiltering - skip non existing resourceDirectory C:\STS\springProjects\hibernateanotaciones1\src\test\resources
2025-01-08 15:42:04,765 [Worker-24: Download sources and javadoc] INFO  o.e.m.c.i.e.AbstractTransferListenerAdapter - Downloaded https://repo.maven.apache.org/maven2/com/fasterxml/jackson/core/jackson-annotations/2.18.2/jackson-annotations-2.18.2-sources.jar
2025-01-08 15:42:04,767 [Worker-24: Download sources and javadoc] INFO  o.e.m.j.internal.DownloadSourcesJob - Downloaded sources for com.fasterxml.jackson.core:jackson-annotations:2.18.2
2025-01-08 15:42:04,927 [Worker-29: Building] INFO  o.a.m.s.f.DefaultMavenResourcesFiltering - skip non existing resourceDirectory C:\STS\springProjects\hibernateanotaciones2\src\main\resources
2025-01-08 15:42:04,928 [Worker-29: Building] INFO  o.a.m.s.f.DefaultMavenResourcesFiltering - skip non existing resourceDirectory C:\STS\springProjects\hibernateanotaciones2\src\test\resources
2025-01-08 15:42:04,942 [Worker-24: Download sources and javadoc] INFO  o.e.m.c.i.e.AbstractTransferListenerAdapter - Downloading https://repo.maven.apache.org/maven2/com/fasterxml/jackson/core/jackson-core/2.18.2/jackson-core-2.18.2-sources.jar
2025-01-08 15:42:05,149 [Worker-24: Download sources and javadoc] INFO  o.e.m.c.i.e.AbstractTransferListenerAdapter - Downloaded https://repo.maven.apache.org/maven2/com/fasterxml/jackson/core/jackson-core/2.18.2/jackson-core-2.18.2-sources.jar
2025-01-08 15:42:05,151 [Worker-24: Download sources and javadoc] INFO  o.e.m.j.internal.DownloadSourcesJob - Downloaded sources for com.fasterxml.jackson.core:jackson-core:2.18.2
2025-01-08 15:42:05,231 [Worker-29: Building] INFO  o.a.m.s.f.DefaultMavenResourcesFiltering - skip non existing resourceDirectory C:\STS\springProjects\hibernateanotaciones3\src\main\resources
2025-01-08 15:42:05,235 [Worker-29: Building] INFO  o.a.m.s.f.DefaultMavenResourcesFiltering - skip non existing resourceDirectory C:\STS\springProjects\hibernateanotaciones3\src\test\resources
2025-01-08 15:42:05,383 [Worker-24: Download sources and javadoc] INFO  o.e.m.c.i.e.AbstractTransferListenerAdapter - Downloading https://repo.maven.apache.org/maven2/com/fasterxml/jackson/datatype/jackson-datatype-jdk8/2.18.2/jackson-datatype-jdk8-2.18.2-sources.jar
2025-01-08 15:42:05,388 [Worker-24: Download sources and javadoc] INFO  o.e.m.c.i.e.AbstractTransferListenerAdapter - Downloaded https://repo.maven.apache.org/maven2/com/fasterxml/jackson/datatype/jackson-datatype-jdk8/2.18.2/jackson-datatype-jdk8-2.18.2-sources.jar
2025-01-08 15:42:05,391 [Worker-24: Download sources and javadoc] INFO  o.e.m.j.internal.DownloadSourcesJob - Downloaded sources for com.fasterxml.jackson.datatype:jackson-datatype-jdk8:2.18.2
2025-01-08 15:42:05,463 [Worker-29: Building] INFO  o.a.m.s.f.DefaultMavenResourcesFiltering - skip non existing resourceDirectory C:\STS\springProjects\practica04\src\main\resources
2025-01-08 15:42:05,464 [Worker-29: Building] INFO  o.a.m.s.f.DefaultMavenResourcesFiltering - skip non existing resourceDirectory C:\STS\springProjects\practica04\src\test\resources
2025-01-08 15:42:05,490 [Worker-24: Download sources and javadoc] INFO  o.e.m.c.i.e.AbstractTransferListenerAdapter - Downloading https://repo.maven.apache.org/maven2/com/fasterxml/jackson/datatype/jackson-datatype-jsr310/2.18.2/jackson-datatype-jsr310-2.18.2-sources.jar
2025-01-08 15:42:05,562 [Worker-24: Download sources and javadoc] INFO  o.e.m.c.i.e.AbstractTransferListenerAdapter - Downloaded https://repo.maven.apache.org/maven2/com/fasterxml/jackson/datatype/jackson-datatype-jsr310/2.18.2/jackson-datatype-jsr310-2.18.2-sources.jar
2025-01-08 15:42:05,566 [Worker-24: Download sources and javadoc] INFO  o.e.m.j.internal.DownloadSourcesJob - Downloaded sources for com.fasterxml.jackson.datatype:jackson-datatype-jsr310:2.18.2
2025-01-08 15:42:05,681 [Worker-24: Download sources and javadoc] INFO  o.e.m.c.i.e.AbstractTransferListenerAdapter - Downloading https://repo.maven.apache.org/maven2/com/fasterxml/jackson/module/jackson-module-parameter-names/2.18.2/jackson-module-parameter-names-2.18.2-sources.jar
2025-01-08 15:42:05,689 [Worker-24: Download sources and javadoc] INFO  o.e.m.c.i.e.AbstractTransferListenerAdapter - Downloaded https://repo.maven.apache.org/maven2/com/fasterxml/jackson/module/jackson-module-parameter-names/2.18.2/jackson-module-parameter-names-2.18.2-sources.jar
2025-01-08 15:42:05,691 [Worker-24: Download sources and javadoc] INFO  o.e.m.j.internal.DownloadSourcesJob - Downloaded sources for com.fasterxml.jackson.module:jackson-module-parameter-names:2.18.2
2025-01-08 15:42:05,821 [Worker-24: Download sources and javadoc] INFO  o.e.m.c.i.e.AbstractTransferListenerAdapter - Downloading https://repo.maven.apache.org/maven2/org/springframework/boot/spring-boot-starter-tomcat/3.4.1/spring-boot-starter-tomcat-3.4.1-sources.jar
2025-01-08 15:42:05,823 [Worker-24: Download sources and javadoc] INFO  o.e.m.c.i.e.AbstractTransferListenerAdapter - Downloaded https://repo.maven.apache.org/maven2/org/springframework/boot/spring-boot-starter-tomcat/3.4.1/spring-boot-starter-tomcat-3.4.1-sources.jar
2025-01-08 15:42:05,825 [Worker-24: Download sources and javadoc] INFO  o.e.m.j.internal.DownloadSourcesJob - Downloaded sources for org.springframework.boot:spring-boot-starter-tomcat:3.4.1
2025-01-08 15:42:05,959 [Worker-24: Download sources and javadoc] INFO  o.e.m.c.i.e.AbstractTransferListenerAdapter - Downloading https://repo.maven.apache.org/maven2/org/apache/tomcat/embed/tomcat-embed-core/10.1.34/tomcat-embed-core-10.1.34-sources.jar
2025-01-08 15:42:06,417 [Worker-24: Download sources and javadoc] INFO  o.e.m.c.i.e.AbstractTransferListenerAdapter - Downloaded https://repo.maven.apache.org/maven2/org/apache/tomcat/embed/tomcat-embed-core/10.1.34/tomcat-embed-core-10.1.34-sources.jar
2025-01-08 15:42:06,419 [Worker-24: Download sources and javadoc] INFO  o.e.m.j.internal.DownloadSourcesJob - Downloaded sources for org.apache.tomcat.embed:tomcat-embed-core:10.1.34
2025-01-08 15:42:06,503 [Worker-24: Download sources and javadoc] INFO  o.e.m.c.i.e.AbstractTransferListenerAdapter - Downloading https://repo.maven.apache.org/maven2/org/apache/tomcat/embed/tomcat-embed-el/10.1.34/tomcat-embed-el-10.1.34-sources.jar
2025-01-08 15:42:06,583 [Worker-24: Download sources and javadoc] INFO  o.e.m.c.i.e.AbstractTransferListenerAdapter - Downloaded https://repo.maven.apache.org/maven2/org/apache/tomcat/embed/tomcat-embed-el/10.1.34/tomcat-embed-el-10.1.34-sources.jar
2025-01-08 15:42:06,585 [Worker-24: Download sources and javadoc] INFO  o.e.m.j.internal.DownloadSourcesJob - Downloaded sources for org.apache.tomcat.embed:tomcat-embed-el:10.1.34
2025-01-08 15:42:06,695 [Worker-24: Download sources and javadoc] INFO  o.e.m.c.i.e.AbstractTransferListenerAdapter - Downloading https://repo.maven.apache.org/maven2/org/apache/tomcat/embed/tomcat-embed-websocket/10.1.34/tomcat-embed-websocket-10.1.34-sources.jar
2025-01-08 15:42:06,841 [Worker-24: Download sources and javadoc] INFO  o.e.m.c.i.e.AbstractTransferListenerAdapter - Downloaded https://repo.maven.apache.org/maven2/org/apache/tomcat/embed/tomcat-embed-websocket/10.1.34/tomcat-embed-websocket-10.1.34-sources.jar
2025-01-08 15:42:06,852 [Worker-24: Download sources and javadoc] INFO  o.e.m.j.internal.DownloadSourcesJob - Downloaded sources for org.apache.tomcat.embed:tomcat-embed-websocket:10.1.34
2025-01-08 15:42:06,993 [Worker-24: Download sources and javadoc] INFO  o.e.m.c.i.e.AbstractTransferListenerAdapter - Downloading https://repo.maven.apache.org/maven2/org/springframework/spring-web/6.2.1/spring-web-6.2.1-sources.jar
2025-01-08 15:42:07,162 [Worker-24: Download sources and javadoc] INFO  o.e.m.c.i.e.AbstractTransferListenerAdapter - Downloaded https://repo.maven.apache.org/maven2/org/springframework/spring-web/6.2.1/spring-web-6.2.1-sources.jar
2025-01-08 15:42:07,164 [Worker-24: Download sources and javadoc] INFO  o.e.m.j.internal.DownloadSourcesJob - Downloaded sources for org.springframework:spring-web:6.2.1
2025-01-08 15:42:07,263 [Worker-24: Download sources and javadoc] INFO  o.e.m.c.i.e.AbstractTransferListenerAdapter - Downloading https://repo.maven.apache.org/maven2/io/micrometer/micrometer-observation/1.14.2/micrometer-observation-1.14.2-sources.jar
2025-01-08 15:42:07,307 [Worker-24: Download sources and javadoc] INFO  o.e.m.c.i.e.AbstractTransferListenerAdapter - Downloaded https://repo.maven.apache.org/maven2/io/micrometer/micrometer-observation/1.14.2/micrometer-observation-1.14.2-sources.jar
2025-01-08 15:42:07,315 [Worker-24: Download sources and javadoc] INFO  o.e.m.j.internal.DownloadSourcesJob - Downloaded sources for io.micrometer:micrometer-observation:1.14.2
2025-01-08 15:42:07,410 [Worker-24: Download sources and javadoc] INFO  o.e.m.c.i.e.AbstractTransferListenerAdapter - Downloading https://repo.maven.apache.org/maven2/io/micrometer/micrometer-commons/1.14.2/micrometer-commons-1.14.2-sources.jar
2025-01-08 15:42:07,432 [Worker-24: Download sources and javadoc] INFO  o.e.m.c.i.e.AbstractTransferListenerAdapter - Downloaded https://repo.maven.apache.org/maven2/io/micrometer/micrometer-commons/1.14.2/micrometer-commons-1.14.2-sources.jar
2025-01-08 15:42:07,435 [Worker-24: Download sources and javadoc] INFO  o.e.m.j.internal.DownloadSourcesJob - Downloaded sources for io.micrometer:micrometer-commons:1.14.2
2025-01-08 15:42:07,547 [Worker-24: Download sources and javadoc] INFO  o.e.m.c.i.e.AbstractTransferListenerAdapter - Downloading https://repo.maven.apache.org/maven2/org/springframework/spring-webmvc/6.2.1/spring-webmvc-6.2.1-sources.jar
2025-01-08 15:42:07,712 [Worker-24: Download sources and javadoc] INFO  o.e.m.c.i.e.AbstractTransferListenerAdapter - Downloaded https://repo.maven.apache.org/maven2/org/springframework/spring-webmvc/6.2.1/spring-webmvc-6.2.1-sources.jar
2025-01-08 15:42:07,714 [Worker-24: Download sources and javadoc] INFO  o.e.m.j.internal.DownloadSourcesJob - Downloaded sources for org.springframework:spring-webmvc:6.2.1
2025-01-08 15:42:07,813 [Worker-24: Download sources and javadoc] INFO  o.e.m.c.i.e.AbstractTransferListenerAdapter - Downloading https://repo.maven.apache.org/maven2/org/springframework/spring-expression/6.2.1/spring-expression-6.2.1-sources.jar
2025-01-08 15:42:08,061 [Worker-24: Download sources and javadoc] INFO  o.e.m.c.i.e.AbstractTransferListenerAdapter - Downloaded https://repo.maven.apache.org/maven2/org/springframework/spring-expression/6.2.1/spring-expression-6.2.1-sources.jar
2025-01-08 15:42:08,063 [Worker-24: Download sources and javadoc] INFO  o.e.m.j.internal.DownloadSourcesJob - Downloaded sources for org.springframework:spring-expression:6.2.1
2025-01-08 15:42:08,196 [Worker-24: Download sources and javadoc] INFO  o.e.m.c.i.e.AbstractTransferListenerAdapter - Downloading https://repo.maven.apache.org/maven2/org/springframework/boot/spring-boot-devtools/3.4.1/spring-boot-devtools-3.4.1-sources.jar
2025-01-08 15:42:08,290 [Worker-24: Download sources and javadoc] INFO  o.e.m.c.i.e.AbstractTransferListenerAdapter - Downloaded https://repo.maven.apache.org/maven2/org/springframework/boot/spring-boot-devtools/3.4.1/spring-boot-devtools-3.4.1-sources.jar
2025-01-08 15:42:08,298 [Worker-24: Download sources and javadoc] INFO  o.e.m.j.internal.DownloadSourcesJob - Downloaded sources for org.springframework.boot:spring-boot-devtools:3.4.1
2025-01-08 15:42:08,404 [Worker-24: Download sources and javadoc] INFO  o.e.m.c.i.e.AbstractTransferListenerAdapter - Downloading https://repo.maven.apache.org/maven2/org/springframework/boot/spring-boot/3.4.1/spring-boot-3.4.1-sources.jar
2025-01-08 15:42:08,590 [Worker-24: Download sources and javadoc] INFO  o.e.m.c.i.e.AbstractTransferListenerAdapter - Downloaded https://repo.maven.apache.org/maven2/org/springframework/boot/spring-boot/3.4.1/spring-boot-3.4.1-sources.jar
2025-01-08 15:42:08,592 [Worker-24: Download sources and javadoc] INFO  o.e.m.j.internal.DownloadSourcesJob - Downloaded sources for org.springframework.boot:spring-boot:3.4.1
2025-01-08 15:42:08,706 [Worker-24: Download sources and javadoc] INFO  o.e.m.c.i.e.AbstractTransferListenerAdapter - Downloading https://repo.maven.apache.org/maven2/org/springframework/boot/spring-boot-autoconfigure/3.4.1/spring-boot-autoconfigure-3.4.1-sources.jar
2025-01-08 15:42:08,988 [Worker-24: Download sources and javadoc] INFO  o.e.m.c.i.e.AbstractTransferListenerAdapter - Downloaded https://repo.maven.apache.org/maven2/org/springframework/boot/spring-boot-autoconfigure/3.4.1/spring-boot-autoconfigure-3.4.1-sources.jar
2025-01-08 15:42:08,991 [Worker-24: Download sources and javadoc] INFO  o.e.m.j.internal.DownloadSourcesJob - Downloaded sources for org.springframework.boot:spring-boot-autoconfigure:3.4.1
2025-01-08 15:42:09,120 [Worker-24: Download sources and javadoc] INFO  o.e.m.c.i.e.AbstractTransferListenerAdapter - Downloading https://repo.maven.apache.org/maven2/org/springframework/boot/spring-boot-starter-test/3.4.1/spring-boot-starter-test-3.4.1-sources.jar
2025-01-08 15:42:09,138 [Worker-24: Download sources and javadoc] INFO  o.e.m.c.i.e.AbstractTransferListenerAdapter - Downloaded https://repo.maven.apache.org/maven2/org/springframework/boot/spring-boot-starter-test/3.4.1/spring-boot-starter-test-3.4.1-sources.jar
2025-01-08 15:42:09,146 [Worker-24: Download sources and javadoc] INFO  o.e.m.j.internal.DownloadSourcesJob - Downloaded sources for org.springframework.boot:spring-boot-starter-test:3.4.1
2025-01-08 15:42:09,249 [Worker-24: Download sources and javadoc] INFO  o.e.m.c.i.e.AbstractTransferListenerAdapter - Downloading https://repo.maven.apache.org/maven2/org/springframework/boot/spring-boot-test/3.4.1/spring-boot-test-3.4.1-sources.jar
2025-01-08 15:42:09,369 [Worker-24: Download sources and javadoc] INFO  o.e.m.c.i.e.AbstractTransferListenerAdapter - Downloaded https://repo.maven.apache.org/maven2/org/springframework/boot/spring-boot-test/3.4.1/spring-boot-test-3.4.1-sources.jar
2025-01-08 15:42:09,377 [Worker-24: Download sources and javadoc] INFO  o.e.m.j.internal.DownloadSourcesJob - Downloaded sources for org.springframework.boot:spring-boot-test:3.4.1
2025-01-08 15:42:09,507 [Worker-24: Download sources and javadoc] INFO  o.e.m.c.i.e.AbstractTransferListenerAdapter - Downloading https://repo.maven.apache.org/maven2/org/springframework/boot/spring-boot-test-autoconfigure/3.4.1/spring-boot-test-autoconfigure-3.4.1-sources.jar
2025-01-08 15:42:09,597 [Worker-24: Download sources and javadoc] INFO  o.e.m.c.i.e.AbstractTransferListenerAdapter - Downloaded https://repo.maven.apache.org/maven2/org/springframework/boot/spring-boot-test-autoconfigure/3.4.1/spring-boot-test-autoconfigure-3.4.1-sources.jar
2025-01-08 15:42:09,600 [Worker-24: Download sources and javadoc] INFO  o.e.m.j.internal.DownloadSourcesJob - Downloaded sources for org.springframework.boot:spring-boot-test-autoconfigure:3.4.1
2025-01-08 15:42:09,723 [Worker-24: Download sources and javadoc] INFO  o.e.m.c.i.e.AbstractTransferListenerAdapter - Downloading https://repo.maven.apache.org/maven2/org/junit/jupiter/junit-jupiter/5.11.4/junit-jupiter-5.11.4-sources.jar
2025-01-08 15:42:09,724 [Worker-24: Download sources and javadoc] INFO  o.e.m.c.i.e.AbstractTransferListenerAdapter - Downloaded https://repo.maven.apache.org/maven2/org/junit/jupiter/junit-jupiter/5.11.4/junit-jupiter-5.11.4-sources.jar
2025-01-08 15:42:09,726 [Worker-24: Download sources and javadoc] INFO  o.e.m.j.internal.DownloadSourcesJob - Downloaded sources for org.junit.jupiter:junit-jupiter:5.11.4
2025-01-08 15:42:09,875 [Worker-24: Download sources and javadoc] INFO  o.e.m.c.i.e.AbstractTransferListenerAdapter - Downloading https://repo.maven.apache.org/maven2/org/junit/jupiter/junit-jupiter-api/5.11.4/junit-jupiter-api-5.11.4-sources.jar
2025-01-08 15:42:10,070 [Worker-24: Download sources and javadoc] INFO  o.e.m.c.i.e.AbstractTransferListenerAdapter - Downloaded https://repo.maven.apache.org/maven2/org/junit/jupiter/junit-jupiter-api/5.11.4/junit-jupiter-api-5.11.4-sources.jar
2025-01-08 15:42:10,075 [Worker-24: Download sources and javadoc] INFO  o.e.m.j.internal.DownloadSourcesJob - Downloaded sources for org.junit.jupiter:junit-jupiter-api:5.11.4
2025-01-08 15:42:10,272 [Worker-24: Download sources and javadoc] INFO  o.e.m.c.i.e.AbstractTransferListenerAdapter - Downloading https://repo.maven.apache.org/maven2/org/junit/platform/junit-platform-commons/1.11.4/junit-platform-commons-1.11.4-sources.jar
2025-01-08 15:42:10,381 [Worker-24: Download sources and javadoc] INFO  o.e.m.c.i.e.AbstractTransferListenerAdapter - Downloaded https://repo.maven.apache.org/maven2/org/junit/platform/junit-platform-commons/1.11.4/junit-platform-commons-1.11.4-sources.jar
2025-01-08 15:42:10,385 [Worker-24: Download sources and javadoc] INFO  o.e.m.j.internal.DownloadSourcesJob - Downloaded sources for org.junit.platform:junit-platform-commons:1.11.4
2025-01-08 15:42:10,517 [Worker-24: Download sources and javadoc] INFO  o.e.m.c.i.e.AbstractTransferListenerAdapter - Downloading https://repo.maven.apache.org/maven2/org/junit/jupiter/junit-jupiter-params/5.11.4/junit-jupiter-params-5.11.4-sources.jar
2025-01-08 15:42:10,571 [Worker-24: Download sources and javadoc] INFO  o.e.m.c.i.e.AbstractTransferListenerAdapter - Downloaded https://repo.maven.apache.org/maven2/org/junit/jupiter/junit-jupiter-params/5.11.4/junit-jupiter-params-5.11.4-sources.jar
2025-01-08 15:42:10,576 [Worker-24: Download sources and javadoc] INFO  o.e.m.j.internal.DownloadSourcesJob - Downloaded sources for org.junit.jupiter:junit-jupiter-params:5.11.4
2025-01-08 15:42:10,726 [Worker-24: Download sources and javadoc] INFO  o.e.m.c.i.e.AbstractTransferListenerAdapter - Downloading https://repo.maven.apache.org/maven2/org/junit/jupiter/junit-jupiter-engine/5.11.4/junit-jupiter-engine-5.11.4-sources.jar
2025-01-08 15:42:10,815 [Worker-24: Download sources and javadoc] INFO  o.e.m.c.i.e.AbstractTransferListenerAdapter - Downloaded https://repo.maven.apache.org/maven2/org/junit/jupiter/junit-jupiter-engine/5.11.4/junit-jupiter-engine-5.11.4-sources.jar
2025-01-08 15:42:10,819 [Worker-24: Download sources and javadoc] INFO  o.e.m.j.internal.DownloadSourcesJob - Downloaded sources for org.junit.jupiter:junit-jupiter-engine:5.11.4
2025-01-08 15:42:11,002 [Worker-24: Download sources and javadoc] INFO  o.e.m.c.i.e.AbstractTransferListenerAdapter - Downloading https://repo.maven.apache.org/maven2/org/junit/platform/junit-platform-engine/1.11.4/junit-platform-engine-1.11.4-sources.jar
2025-01-08 15:42:11,111 [Worker-24: Download sources and javadoc] INFO  o.e.m.c.i.e.AbstractTransferListenerAdapter - Downloaded https://repo.maven.apache.org/maven2/org/junit/platform/junit-platform-engine/1.11.4/junit-platform-engine-1.11.4-sources.jar
2025-01-08 15:42:11,116 [Worker-24: Download sources and javadoc] INFO  o.e.m.j.internal.DownloadSourcesJob - Downloaded sources for org.junit.platform:junit-platform-engine:1.11.4
2025-01-08 15:42:11,332 [Worker-24: Download sources and javadoc] INFO  o.e.m.c.i.e.AbstractTransferListenerAdapter - Downloading https://repo.maven.apache.org/maven2/net/bytebuddy/byte-buddy-agent/1.15.11/byte-buddy-agent-1.15.11-sources.jar
2025-01-08 15:42:11,343 [Worker-24: Download sources and javadoc] INFO  o.e.m.c.i.e.AbstractTransferListenerAdapter - Downloaded https://repo.maven.apache.org/maven2/net/bytebuddy/byte-buddy-agent/1.15.11/byte-buddy-agent-1.15.11-sources.jar
2025-01-08 15:42:11,344 [Worker-24: Download sources and javadoc] INFO  o.e.m.j.internal.DownloadSourcesJob - Downloaded sources for net.bytebuddy:byte-buddy-agent:1.15.11
2025-01-08 15:42:11,452 [Worker-24: Download sources and javadoc] INFO  o.e.m.c.i.e.AbstractTransferListenerAdapter - Downloading https://repo.maven.apache.org/maven2/org/springframework/spring-core/6.2.1/spring-core-6.2.1-sources.jar
2025-01-08 15:42:11,706 [Worker-24: Download sources and javadoc] INFO  o.e.m.c.i.e.AbstractTransferListenerAdapter - Downloaded https://repo.maven.apache.org/maven2/org/springframework/spring-core/6.2.1/spring-core-6.2.1-sources.jar
2025-01-08 15:42:11,709 [Worker-24: Download sources and javadoc] INFO  o.e.m.j.internal.DownloadSourcesJob - Downloaded sources for org.springframework:spring-core:6.2.1
2025-01-08 15:42:11,853 [Worker-24: Download sources and javadoc] INFO  o.e.m.c.i.e.AbstractTransferListenerAdapter - Downloading https://repo.maven.apache.org/maven2/org/springframework/spring-jcl/6.2.1/spring-jcl-6.2.1-sources.jar
2025-01-08 15:42:11,865 [Worker-24: Download sources and javadoc] INFO  o.e.m.c.i.e.AbstractTransferListenerAdapter - Downloaded https://repo.maven.apache.org/maven2/org/springframework/spring-jcl/6.2.1/spring-jcl-6.2.1-sources.jar
2025-01-08 15:42:11,874 [Worker-24: Download sources and javadoc] INFO  o.e.m.j.internal.DownloadSourcesJob - Downloaded sources for org.springframework:spring-jcl:6.2.1
2025-01-08 15:42:11,977 [Worker-24: Download sources and javadoc] INFO  o.e.m.c.i.e.AbstractTransferListenerAdapter - Downloading https://repo.maven.apache.org/maven2/org/springframework/spring-test/6.2.1/spring-test-6.2.1-sources.jar
2025-01-08 15:42:12,413 [Worker-24: Download sources and javadoc] INFO  o.e.m.c.i.e.AbstractTransferListenerAdapter - Downloaded https://repo.maven.apache.org/maven2/org/springframework/spring-test/6.2.1/spring-test-6.2.1-sources.jar
2025-01-08 15:42:12,414 [Worker-24: Download sources and javadoc] INFO  o.e.m.j.internal.DownloadSourcesJob - Downloaded sources for org.springframework:spring-test:6.2.1
2025-01-08 15:52:33,858 [Worker-36: Building] INFO  o.a.m.s.f.DefaultMavenResourcesFiltering - Copying 1 resource from src\main\resources to target\classes
2025-01-08 15:52:33,866 [Worker-36: Building] INFO  o.a.m.s.f.DefaultMavenResourcesFiltering - Copying 0 resource from src\main\resources to target\classes
2025-01-08 15:52:33,868 [Worker-36: Building] INFO  o.a.m.s.f.DefaultMavenResourcesFiltering - Copying 0 resource from src\test\resources to target\test-classes
2025-01-08 15:55:09,060 [Worker-39: Building] INFO  o.a.m.s.f.DefaultMavenResourcesFiltering - Copying 1 resource from src\main\resources to target\classes
2025-01-08 15:55:09,067 [Worker-39: Building] INFO  o.a.m.s.f.DefaultMavenResourcesFiltering - Copying 0 resource from src\main\resources to target\classes
2025-01-08 15:55:09,069 [Worker-39: Building] INFO  o.a.m.s.f.DefaultMavenResourcesFiltering - Copying 0 resource from src\test\resources to target\test-classes
2025-01-08 16:00:24,942 [Worker-38: Building] INFO  o.a.m.s.f.DefaultMavenResourcesFiltering - Copying 1 resource from src\main\resources to target\classes
2025-01-08 16:00:24,959 [Worker-38: Building] INFO  o.a.m.s.f.DefaultMavenResourcesFiltering - Copying 0 resource from src\main\resources to target\classes
2025-01-08 16:00:24,965 [Worker-38: Building] INFO  o.a.m.s.f.DefaultMavenResourcesFiltering - Copying 0 resource from src\test\resources to target\test-classes
2025-01-08 16:05:53,674 [Worker-38: Building] INFO  o.a.m.s.f.DefaultMavenResourcesFiltering - Copying 1 resource from src\main\resources to target\classes
2025-01-08 16:05:53,682 [Worker-38: Building] INFO  o.a.m.s.f.DefaultMavenResourcesFiltering - Copying 0 resource from src\main\resources to target\classes
2025-01-08 16:05:53,685 [Worker-38: Building] INFO  o.a.m.s.f.DefaultMavenResourcesFiltering - Copying 0 resource from src\test\resources to target\test-classes
2025-01-08 16:12:24,424 [Worker-38: Building] INFO  o.a.m.s.f.DefaultMavenResourcesFiltering - Copying 1 resource from src\main\resources to target\classes
2025-01-08 16:12:24,429 [Worker-38: Building] INFO  o.a.m.s.f.DefaultMavenResourcesFiltering - Copying 0 resource from src\main\resources to target\classes
2025-01-08 16:12:24,431 [Worker-38: Building] INFO  o.a.m.s.f.DefaultMavenResourcesFiltering - Copying 0 resource from src\test\resources to target\test-classes
2025-01-08 16:15:20,288 [Worker-54: Building] INFO  o.a.m.s.f.DefaultMavenResourcesFiltering - Copying 1 resource from src\main\resources to target\classes
2025-01-08 16:15:20,291 [Worker-54: Building] INFO  o.a.m.s.f.DefaultMavenResourcesFiltering - Copying 0 resource from src\main\resources to target\classes
2025-01-08 16:15:20,294 [Worker-54: Building] INFO  o.a.m.s.f.DefaultMavenResourcesFiltering - Copying 0 resource from src\test\resources to target\test-classes
2025-01-08 16:17:27,401 [Worker-55: Building] INFO  o.a.m.s.f.DefaultMavenResourcesFiltering - Copying 1 resource from src\main\resources to target\classes
2025-01-08 16:17:27,406 [Worker-55: Building] INFO  o.a.m.s.f.DefaultMavenResourcesFiltering - Copying 0 resource from src\main\resources to target\classes
2025-01-08 16:17:27,408 [Worker-55: Building] INFO  o.a.m.s.f.DefaultMavenResourcesFiltering - Copying 0 resource from src\test\resources to target\test-classes
2025-01-08 16:20:17,965 [Worker-60: Building] INFO  o.a.m.s.f.DefaultMavenResourcesFiltering - Copying 1 resource from src\main\resources to target\classes
2025-01-08 16:20:17,970 [Worker-60: Building] INFO  o.a.m.s.f.DefaultMavenResourcesFiltering - Copying 0 resource from src\main\resources to target\classes
2025-01-08 16:20:17,972 [Worker-60: Building] INFO  o.a.m.s.f.DefaultMavenResourcesFiltering - Copying 0 resource from src\test\resources to target\test-classes
2025-01-08 16:23:17,855 [Worker-63: Building] INFO  o.a.m.s.f.DefaultMavenResourcesFiltering - Copying 1 resource from src\main\resources to target\classes
2025-01-08 16:23:17,861 [Worker-63: Building] INFO  o.a.m.s.f.DefaultMavenResourcesFiltering - Copying 0 resource from src\main\resources to target\classes
2025-01-08 16:23:17,863 [Worker-63: Building] INFO  o.a.m.s.f.DefaultMavenResourcesFiltering - Copying 0 resource from src\test\resources to target\test-classes
2025-01-08 16:25:28,713 [Worker-62: Building] INFO  o.a.m.s.f.DefaultMavenResourcesFiltering - Copying 1 resource from src\main\resources to target\classes
2025-01-08 16:25:28,716 [Worker-62: Building] INFO  o.a.m.s.f.DefaultMavenResourcesFiltering - Copying 0 resource from src\main\resources to target\classes
2025-01-08 16:25:28,718 [Worker-62: Building] INFO  o.a.m.s.f.DefaultMavenResourcesFiltering - Copying 0 resource from src\test\resources to target\test-classes
2025-01-08 16:31:04,748 [Worker-67: Building] INFO  o.a.m.s.f.DefaultMavenResourcesFiltering - Copying 1 resource from src\main\resources to target\classes
2025-01-08 16:31:04,753 [Worker-67: Building] INFO  o.a.m.s.f.DefaultMavenResourcesFiltering - Copying 0 resource from src\main\resources to target\classes
2025-01-08 16:31:04,755 [Worker-67: Building] INFO  o.a.m.s.f.DefaultMavenResourcesFiltering - Copying 0 resource from src\test\resources to target\test-classes
2025-01-08 16:31:54,489 [Worker-38: Building] INFO  o.a.m.s.f.DefaultMavenResourcesFiltering - Copying 1 resource from src\main\resources to target\classes
2025-01-08 16:31:54,494 [Worker-38: Building] INFO  o.a.m.s.f.DefaultMavenResourcesFiltering - Copying 0 resource from src\main\resources to target\classes
2025-01-08 16:31:54,496 [Worker-38: Building] INFO  o.a.m.s.f.DefaultMavenResourcesFiltering - Copying 0 resource from src\test\resources to target\test-classes
2025-01-08 16:35:59,917 [Worker-38: Building] INFO  o.a.m.s.f.DefaultMavenResourcesFiltering - Copying 1 resource from src\main\resources to target\classes
2025-01-08 16:35:59,923 [Worker-38: Building] INFO  o.a.m.s.f.DefaultMavenResourcesFiltering - Copying 0 resource from src\main\resources to target\classes
2025-01-08 16:35:59,925 [Worker-38: Building] INFO  o.a.m.s.f.DefaultMavenResourcesFiltering - Copying 0 resource from src\test\resources to target\test-classes
2025-01-08 16:37:08,011 [Worker-38: Building] INFO  o.a.m.s.f.DefaultMavenResourcesFiltering - Copying 1 resource from src\main\resources to target\classes
2025-01-08 16:37:08,015 [Worker-38: Building] INFO  o.a.m.s.f.DefaultMavenResourcesFiltering - Copying 0 resource from src\main\resources to target\classes
2025-01-08 16:37:08,016 [Worker-38: Building] INFO  o.a.m.s.f.DefaultMavenResourcesFiltering - Copying 0 resource from src\test\resources to target\test-classes
2025-01-08 16:39:38,286 [Worker-71: Building] INFO  o.a.m.s.f.DefaultMavenResourcesFiltering - Copying 1 resource from src\main\resources to target\classes
2025-01-08 16:39:38,291 [Worker-71: Building] INFO  o.a.m.s.f.DefaultMavenResourcesFiltering - Copying 0 resource from src\main\resources to target\classes
2025-01-08 16:39:38,293 [Worker-71: Building] INFO  o.a.m.s.f.DefaultMavenResourcesFiltering - Copying 0 resource from src\test\resources to target\test-classes
2025-01-08 16:41:31,558 [Worker-72: Building] INFO  o.a.m.s.f.DefaultMavenResourcesFiltering - Copying 1 resource from src\main\resources to target\classes
2025-01-08 16:41:31,564 [Worker-72: Building] INFO  o.a.m.s.f.DefaultMavenResourcesFiltering - Copying 0 resource from src\main\resources to target\classes
2025-01-08 16:41:31,565 [Worker-72: Building] INFO  o.a.m.s.f.DefaultMavenResourcesFiltering - Copying 0 resource from src\test\resources to target\test-classes
2025-01-08 16:46:29,530 [Worker-74: Building] INFO  o.a.m.s.f.DefaultMavenResourcesFiltering - Copying 1 resource from src\main\resources to target\classes
2025-01-08 16:46:29,536 [Worker-74: Building] INFO  o.a.m.s.f.DefaultMavenResourcesFiltering - Copying 0 resource from src\main\resources to target\classes
2025-01-08 16:46:29,537 [Worker-74: Building] INFO  o.a.m.s.f.DefaultMavenResourcesFiltering - Copying 0 resource from src\test\resources to target\test-classes
2025-01-08 16:49:03,947 [Worker-73: Building] INFO  o.a.m.s.f.DefaultMavenResourcesFiltering - Copying 1 resource from src\main\resources to target\classes
2025-01-08 16:49:03,952 [Worker-73: Building] INFO  o.a.m.s.f.DefaultMavenResourcesFiltering - Copying 0 resource from src\main\resources to target\classes
2025-01-08 16:49:03,954 [Worker-73: Building] INFO  o.a.m.s.f.DefaultMavenResourcesFiltering - Copying 0 resource from src\test\resources to target\test-classes
2025-01-08 16:49:41,752 [Worker-76: Building] INFO  o.a.m.s.f.DefaultMavenResourcesFiltering - Copying 1 resource from src\main\resources to target\classes
2025-01-08 16:49:41,758 [Worker-76: Building] INFO  o.a.m.s.f.DefaultMavenResourcesFiltering - Copying 0 resource from src\main\resources to target\classes
2025-01-08 16:49:41,759 [Worker-76: Building] INFO  o.a.m.s.f.DefaultMavenResourcesFiltering - Copying 0 resource from src\test\resources to target\test-classes
2025-01-08 22:52:32,469 [Worker-7: Loading available Gradle versions] INFO  o.e.b.c.i.u.g.PublishedGradleVersions - Gradle version information cache is out-of-date. Trying to update.
2025-01-08 23:07:22,340 [Worker-21: Building] INFO  o.a.m.s.f.DefaultMavenResourcesFiltering - Copying 1 resource from src\main\resources to target\classes
2025-01-08 23:07:22,380 [Worker-21: Building] INFO  o.a.m.s.f.DefaultMavenResourcesFiltering - Copying 1 resource from src\main\resources to target\classes
2025-01-08 23:07:22,391 [Worker-21: Building] INFO  o.a.m.s.f.DefaultMavenResourcesFiltering - Copying 0 resource from src\test\resources to target\test-classes
2025-01-08 23:11:42,321 [Worker-22: Building] INFO  o.a.m.s.f.DefaultMavenResourcesFiltering - Copying 0 resource from src\main\resources to target\classes
2025-01-08 23:11:42,323 [Worker-22: Building] INFO  o.a.m.s.f.DefaultMavenResourcesFiltering - Copying 0 resource from src\main\resources to target\classes
2025-01-08 23:11:42,328 [Worker-22: Building] INFO  o.a.m.s.f.DefaultMavenResourcesFiltering - Copying 0 resource from src\test\resources to target\test-classes
2025-01-08 23:16:07,668 [Worker-22: Building] INFO  o.a.m.s.f.DefaultMavenResourcesFiltering - Copying 0 resource from src\main\resources to target\classes
2025-01-08 23:16:07,669 [Worker-22: Building] INFO  o.a.m.s.f.DefaultMavenResourcesFiltering - Copying 0 resource from src\main\resources to target\classes
2025-01-08 23:16:07,673 [Worker-22: Building] INFO  o.a.m.s.f.DefaultMavenResourcesFiltering - Copying 0 resource from src\test\resources to target\test-classes
2025-01-08 23:18:55,943 [Worker-22: Building] INFO  o.a.m.s.f.DefaultMavenResourcesFiltering - Copying 0 resource from src\main\resources to target\classes
2025-01-08 23:18:55,945 [Worker-22: Building] INFO  o.a.m.s.f.DefaultMavenResourcesFiltering - Copying 0 resource from src\main\resources to target\classes
2025-01-08 23:18:55,951 [Worker-22: Building] INFO  o.a.m.s.f.DefaultMavenResourcesFiltering - Copying 0 resource from src\test\resources to target\test-classes
2025-01-08 23:27:32,671 [Worker-29: Building] INFO  o.a.m.s.f.DefaultMavenResourcesFiltering - Copying 0 resource from src\main\resources to target\classes
2025-01-08 23:27:32,672 [Worker-29: Building] INFO  o.a.m.s.f.DefaultMavenResourcesFiltering - Copying 0 resource from src\main\resources to target\classes
2025-01-08 23:27:32,675 [Worker-29: Building] INFO  o.a.m.s.f.DefaultMavenResourcesFiltering - Copying 0 resource from src\test\resources to target\test-classes
2025-01-08 23:28:39,487 [Worker-30: Building] INFO  o.a.m.s.f.DefaultMavenResourcesFiltering - Copying 0 resource from src\main\resources to target\classes
2025-01-08 23:28:39,488 [Worker-30: Building] INFO  o.a.m.s.f.DefaultMavenResourcesFiltering - Copying 0 resource from src\main\resources to target\classes
2025-01-08 23:28:39,497 [Worker-30: Building] INFO  o.a.m.s.f.DefaultMavenResourcesFiltering - Copying 0 resource from src\test\resources to target\test-classes
2025-01-08 23:29:48,782 [Worker-30: Building] INFO  o.a.m.s.f.DefaultMavenResourcesFiltering - Copying 0 resource from src\main\resources to target\classes
2025-01-08 23:29:48,784 [Worker-30: Building] INFO  o.a.m.s.f.DefaultMavenResourcesFiltering - Copying 0 resource from src\main\resources to target\classes
2025-01-08 23:29:48,788 [Worker-30: Building] INFO  o.a.m.s.f.DefaultMavenResourcesFiltering - Copying 0 resource from src\test\resources to target\test-classes
2025-01-08 23:34:06,831 [Worker-32: Building] INFO  o.a.m.s.f.DefaultMavenResourcesFiltering - Copying 0 resource from src\main\resources to target\classes
2025-01-08 23:34:06,832 [Worker-32: Building] INFO  o.a.m.s.f.DefaultMavenResourcesFiltering - Copying 0 resource from src\main\resources to target\classes
2025-01-08 23:34:06,837 [Worker-32: Building] INFO  o.a.m.s.f.DefaultMavenResourcesFiltering - Copying 0 resource from src\test\resources to target\test-classes
2025-01-08 23:35:12,868 [Worker-33: Building] INFO  o.a.m.s.f.DefaultMavenResourcesFiltering - Copying 0 resource from src\main\resources to target\classes
2025-01-08 23:35:12,870 [Worker-33: Building] INFO  o.a.m.s.f.DefaultMavenResourcesFiltering - Copying 0 resource from src\main\resources to target\classes
2025-01-08 23:35:12,873 [Worker-33: Building] INFO  o.a.m.s.f.DefaultMavenResourcesFiltering - Copying 0 resource from src\test\resources to target\test-classes
2025-01-08 23:37:50,649 [Worker-32: Building] INFO  o.a.m.s.f.DefaultMavenResourcesFiltering - Copying 0 resource from src\main\resources to target\classes
2025-01-08 23:37:50,651 [Worker-32: Building] INFO  o.a.m.s.f.DefaultMavenResourcesFiltering - Copying 0 resource from src\main\resources to target\classes
2025-01-08 23:37:50,654 [Worker-32: Building] INFO  o.a.m.s.f.DefaultMavenResourcesFiltering - Copying 0 resource from src\test\resources to target\test-classes
2025-01-08 23:41:16,230 [Worker-37: Building] INFO  o.a.m.s.f.DefaultMavenResourcesFiltering - Copying 0 resource from src\main\resources to target\classes
2025-01-08 23:41:16,232 [Worker-37: Building] INFO  o.a.m.s.f.DefaultMavenResourcesFiltering - Copying 0 resource from src\main\resources to target\classes
2025-01-08 23:41:16,235 [Worker-37: Building] INFO  o.a.m.s.f.DefaultMavenResourcesFiltering - Copying 0 resource from src\test\resources to target\test-classes
2025-01-08 23:41:40,019 [Worker-37: Building] INFO  o.a.m.s.f.DefaultMavenResourcesFiltering - Copying 0 resource from src\main\resources to target\classes
2025-01-08 23:41:40,020 [Worker-37: Building] INFO  o.a.m.s.f.DefaultMavenResourcesFiltering - Copying 0 resource from src\main\resources to target\classes
2025-01-08 23:41:40,024 [Worker-37: Building] INFO  o.a.m.s.f.DefaultMavenResourcesFiltering - Copying 0 resource from src\test\resources to target\test-classes
2025-01-08 23:42:37,183 [Worker-38: Building] INFO  o.a.m.s.f.DefaultMavenResourcesFiltering - Copying 0 resource from src\main\resources to target\classes
2025-01-08 23:42:37,185 [Worker-38: Building] INFO  o.a.m.s.f.DefaultMavenResourcesFiltering - Copying 0 resource from src\main\resources to target\classes
2025-01-08 23:42:37,190 [Worker-38: Building] INFO  o.a.m.s.f.DefaultMavenResourcesFiltering - Copying 0 resource from src\test\resources to target\test-classes
2025-01-08 23:43:47,385 [Worker-35: Building] INFO  o.a.m.s.f.DefaultMavenResourcesFiltering - Copying 0 resource from src\main\resources to target\classes
2025-01-08 23:43:47,387 [Worker-35: Building] INFO  o.a.m.s.f.DefaultMavenResourcesFiltering - Copying 0 resource from src\main\resources to target\classes
2025-01-08 23:43:47,392 [Worker-35: Building] INFO  o.a.m.s.f.DefaultMavenResourcesFiltering - Copying 0 resource from src\test\resources to target\test-classes
2025-01-08 23:44:23,769 [Worker-37: Building] INFO  o.a.m.s.f.DefaultMavenResourcesFiltering - Copying 0 resource from src\main\resources to target\classes
2025-01-08 23:44:23,770 [Worker-37: Building] INFO  o.a.m.s.f.DefaultMavenResourcesFiltering - Copying 0 resource from src\main\resources to target\classes
2025-01-08 23:44:23,774 [Worker-37: Building] INFO  o.a.m.s.f.DefaultMavenResourcesFiltering - Copying 0 resource from src\test\resources to target\test-classes
2025-01-08 23:44:47,540 [Worker-34: Building] INFO  o.a.m.s.f.DefaultMavenResourcesFiltering - Copying 0 resource from src\main\resources to target\classes
2025-01-08 23:44:47,541 [Worker-34: Building] INFO  o.a.m.s.f.DefaultMavenResourcesFiltering - Copying 0 resource from src\main\resources to target\classes
2025-01-08 23:44:47,544 [Worker-34: Building] INFO  o.a.m.s.f.DefaultMavenResourcesFiltering - Copying 0 resource from src\test\resources to target\test-classes
2025-01-08 23:45:18,323 [Worker-34: Building] INFO  o.a.m.s.f.DefaultMavenResourcesFiltering - Copying 0 resource from src\main\resources to target\classes
2025-01-08 23:45:18,324 [Worker-34: Building] INFO  o.a.m.s.f.DefaultMavenResourcesFiltering - Copying 0 resource from src\main\resources to target\classes
2025-01-08 23:45:18,327 [Worker-34: Building] INFO  o.a.m.s.f.DefaultMavenResourcesFiltering - Copying 0 resource from src\test\resources to target\test-classes
2025-01-08 23:45:48,615 [Worker-39: Building] INFO  o.a.m.s.f.DefaultMavenResourcesFiltering - Copying 0 resource from src\main\resources to target\classes
2025-01-08 23:45:48,616 [Worker-39: Building] INFO  o.a.m.s.f.DefaultMavenResourcesFiltering - Copying 0 resource from src\main\resources to target\classes
2025-01-08 23:45:48,621 [Worker-39: Building] INFO  o.a.m.s.f.DefaultMavenResourcesFiltering - Copying 0 resource from src\test\resources to target\test-classes
2025-01-08 23:46:36,836 [Worker-37: Building] INFO  o.a.m.s.f.DefaultMavenResourcesFiltering - Copying 0 resource from src\main\resources to target\classes
2025-01-08 23:46:36,837 [Worker-37: Building] INFO  o.a.m.s.f.DefaultMavenResourcesFiltering - Copying 0 resource from src\main\resources to target\classes
2025-01-08 23:46:36,840 [Worker-37: Building] INFO  o.a.m.s.f.DefaultMavenResourcesFiltering - Copying 0 resource from src\test\resources to target\test-classes
2025-01-08 23:47:21,229 [Worker-35: Building] INFO  o.a.m.s.f.DefaultMavenResourcesFiltering - Copying 0 resource from src\main\resources to target\classes
2025-01-08 23:47:21,230 [Worker-35: Building] INFO  o.a.m.s.f.DefaultMavenResourcesFiltering - Copying 0 resource from src\main\resources to target\classes
2025-01-08 23:47:21,234 [Worker-35: Building] INFO  o.a.m.s.f.DefaultMavenResourcesFiltering - Copying 0 resource from src\test\resources to target\test-classes
2025-01-08 23:47:48,104 [Worker-34: Building] INFO  o.a.m.s.f.DefaultMavenResourcesFiltering - Copying 0 resource from src\main\resources to target\classes
2025-01-08 23:47:48,106 [Worker-34: Building] INFO  o.a.m.s.f.DefaultMavenResourcesFiltering - Copying 0 resource from src\main\resources to target\classes
2025-01-08 23:47:48,110 [Worker-34: Building] INFO  o.a.m.s.f.DefaultMavenResourcesFiltering - Copying 0 resource from src\test\resources to target\test-classes
2025-01-08 23:49:17,820 [Worker-34: Building] INFO  o.a.m.s.f.DefaultMavenResourcesFiltering - Copying 0 resource from src\main\resources to target\classes
2025-01-08 23:49:17,825 [Worker-34: Building] INFO  o.a.m.s.f.DefaultMavenResourcesFiltering - Copying 0 resource from src\main\resources to target\classes
2025-01-08 23:49:17,836 [Worker-34: Building] INFO  o.a.m.s.f.DefaultMavenResourcesFiltering - Copying 0 resource from src\test\resources to target\test-classes
2025-01-09 12:43:01,569 [Worker-6: Loading available Gradle versions] INFO  o.e.b.c.i.u.g.PublishedGradleVersions - Gradle version information cache is up-to-date. Trying to read.
2025-01-10 15:07:23,474 [Worker-4: Loading available Gradle versions] INFO  o.e.b.c.i.u.g.PublishedGradleVersions - Gradle version information cache is out-of-date. Trying to update.
2025-01-10 15:10:42,183 [Worker-27: Building] INFO  o.a.m.s.f.DefaultMavenResourcesFiltering - Copying 1 resource from src\main\resources to target\classes
2025-01-10 15:10:42,203 [Worker-27: Building] INFO  o.a.m.s.f.DefaultMavenResourcesFiltering - Copying 0 resource from src\main\resources to target\classes
2025-01-10 15:10:42,207 [Worker-27: Building] INFO  o.a.m.s.f.DefaultMavenResourcesFiltering - Copying 0 resource from src\test\resources to target\test-classes
2025-01-10 15:10:42,825 [Worker-27: Building] INFO  o.a.m.s.f.DefaultMavenResourcesFiltering - skip non existing resourceDirectory C:\STS\springProjects\biblioteca1\src\main\resources
2025-01-10 15:10:42,828 [Worker-27: Building] INFO  o.a.m.s.f.DefaultMavenResourcesFiltering - skip non existing resourceDirectory C:\STS\springProjects\biblioteca1\src\test\resources
2025-01-10 15:10:43,706 [Worker-29: Building] INFO  o.a.m.s.f.DefaultMavenResourcesFiltering - skip non existing resourceDirectory C:\STS\springProjects\bibliotecah2\src\main\resources
2025-01-10 15:10:43,710 [Worker-29: Building] INFO  o.a.m.s.f.DefaultMavenResourcesFiltering - skip non existing resourceDirectory C:\STS\springProjects\bibliotecah2\src\test\resources
2025-01-10 15:10:44,702 [Worker-29: Building] INFO  o.a.m.s.f.DefaultMavenResourcesFiltering - Copying 1 resource from src\main\resources to target\classes
2025-01-10 15:10:44,722 [Worker-29: Building] INFO  o.a.m.s.f.DefaultMavenResourcesFiltering - Copying 1 resource from src\main\resources to target\classes
2025-01-10 15:10:44,726 [Worker-29: Building] INFO  o.a.m.s.f.DefaultMavenResourcesFiltering - Copying 0 resource from src\test\resources to target\test-classes
2025-01-10 15:10:45,182 [Worker-29: Building] INFO  o.a.m.s.f.DefaultMavenResourcesFiltering - skip non existing resourceDirectory C:\STS\springProjects\hibernateanotaciones1\src\main\resources
2025-01-10 15:10:45,185 [Worker-29: Building] INFO  o.a.m.s.f.DefaultMavenResourcesFiltering - skip non existing resourceDirectory C:\STS\springProjects\hibernateanotaciones1\src\test\resources
2025-01-10 15:10:45,332 [Worker-29: Building] INFO  o.a.m.s.f.DefaultMavenResourcesFiltering - skip non existing resourceDirectory C:\STS\springProjects\hibernateanotaciones2\src\main\resources
2025-01-10 15:10:45,334 [Worker-29: Building] INFO  o.a.m.s.f.DefaultMavenResourcesFiltering - skip non existing resourceDirectory C:\STS\springProjects\hibernateanotaciones2\src\test\resources
2025-01-10 15:10:45,565 [Worker-29: Building] INFO  o.a.m.s.f.DefaultMavenResourcesFiltering - skip non existing resourceDirectory C:\STS\springProjects\hibernateanotaciones3\src\main\resources
2025-01-10 15:10:45,567 [Worker-29: Building] INFO  o.a.m.s.f.DefaultMavenResourcesFiltering - skip non existing resourceDirectory C:\STS\springProjects\hibernateanotaciones3\src\test\resources
2025-01-10 15:10:45,825 [Worker-29: Building] INFO  o.a.m.s.f.DefaultMavenResourcesFiltering - skip non existing resourceDirectory C:\STS\springProjects\practica04\src\main\resources
2025-01-10 15:10:45,828 [Worker-29: Building] INFO  o.a.m.s.f.DefaultMavenResourcesFiltering - skip non existing resourceDirectory C:\STS\springProjects\practica04\src\test\resources
2025-01-10 15:40:22,744 [Worker-36: Building] INFO  o.a.m.s.f.DefaultMavenResourcesFiltering - Copying 1 resource from src\main\resources to target\classes
2025-01-10 15:40:22,748 [Worker-36: Building] INFO  o.a.m.s.f.DefaultMavenResourcesFiltering - Copying 0 resource from src\main\resources to target\classes
2025-01-10 15:40:22,751 [Worker-36: Building] INFO  o.a.m.s.f.DefaultMavenResourcesFiltering - Copying 0 resource from src\test\resources to target\test-classes
2025-01-10 15:41:09,344 [Worker-30: Building] INFO  o.a.m.s.f.DefaultMavenResourcesFiltering - Copying 0 resource from src\main\resources to target\classes
2025-01-10 15:41:09,351 [Worker-30: Building] INFO  o.a.m.s.f.DefaultMavenResourcesFiltering - Copying 1 resource from src\main\resources to target\classes
2025-01-10 15:41:09,356 [Worker-30: Building] INFO  o.a.m.s.f.DefaultMavenResourcesFiltering - Copying 0 resource from src\test\resources to target\test-classes
2025-01-10 15:42:17,750 [Worker-39: Building] INFO  o.a.m.s.f.DefaultMavenResourcesFiltering - Copying 0 resource from src\main\resources to target\classes
2025-01-10 15:42:17,750 [Worker-39: Building] INFO  o.a.m.s.f.DefaultMavenResourcesFiltering - Copying 1 resource from src\main\resources to target\classes
2025-01-10 15:42:17,753 [Worker-39: Building] INFO  o.a.m.s.f.DefaultMavenResourcesFiltering - Copying 0 resource from src\test\resources to target\test-classes
2025-01-10 15:42:39,735 [Worker-36: Building] INFO  o.a.m.s.f.DefaultMavenResourcesFiltering - Copying 0 resource from src\main\resources to target\classes
2025-01-10 15:42:39,735 [Worker-36: Building] INFO  o.a.m.s.f.DefaultMavenResourcesFiltering - Copying 0 resource from src\main\resources to target\classes
2025-01-10 15:42:39,739 [Worker-36: Building] INFO  o.a.m.s.f.DefaultMavenResourcesFiltering - Copying 0 resource from src\test\resources to target\test-classes
2025-01-10 15:42:50,828 [Worker-40: Building] INFO  o.a.m.s.f.DefaultMavenResourcesFiltering - Copying 0 resource from src\main\resources to target\classes
2025-01-10 15:42:50,828 [Worker-40: Building] INFO  o.a.m.s.f.DefaultMavenResourcesFiltering - Copying 1 resource from src\main\resources to target\classes
2025-01-10 15:42:50,831 [Worker-40: Building] INFO  o.a.m.s.f.DefaultMavenResourcesFiltering - Copying 0 resource from src\test\resources to target\test-classes
2025-01-10 15:54:57,245 [Worker-51: Building] INFO  o.a.m.s.f.DefaultMavenResourcesFiltering - Copying 1 resource from src\main\resources to target\classes
2025-01-10 15:54:57,249 [Worker-51: Building] INFO  o.a.m.s.f.DefaultMavenResourcesFiltering - Copying 1 resource from src\main\resources to target\classes
2025-01-10 15:54:57,252 [Worker-51: Building] INFO  o.a.m.s.f.DefaultMavenResourcesFiltering - Copying 0 resource from src\test\resources to target\test-classes
2025-01-10 15:55:50,387 [Worker-43: Building] INFO  o.a.m.s.f.DefaultMavenResourcesFiltering - Copying 1 resource from src\main\resources to target\classes
2025-01-10 15:55:50,391 [Worker-43: Building] INFO  o.a.m.s.f.DefaultMavenResourcesFiltering - Copying 1 resource from src\main\resources to target\classes
2025-01-10 15:55:50,393 [Worker-43: Building] INFO  o.a.m.s.f.DefaultMavenResourcesFiltering - Copying 0 resource from src\test\resources to target\test-classes
2025-01-10 15:58:58,759 [Worker-50: Building] INFO  o.a.m.s.f.DefaultMavenResourcesFiltering - Copying 1 resource from src\main\resources to target\classes
2025-01-10 15:58:58,763 [Worker-50: Building] INFO  o.a.m.s.f.DefaultMavenResourcesFiltering - Copying 1 resource from src\main\resources to target\classes
2025-01-10 15:58:58,765 [Worker-50: Building] INFO  o.a.m.s.f.DefaultMavenResourcesFiltering - Copying 0 resource from src\test\resources to target\test-classes
2025-01-10 16:04:05,298 [Worker-56: Building] INFO  o.a.m.s.f.DefaultMavenResourcesFiltering - Copying 1 resource from src\main\resources to target\classes
2025-01-10 16:04:05,303 [Worker-56: Building] INFO  o.a.m.s.f.DefaultMavenResourcesFiltering - Copying 1 resource from src\main\resources to target\classes
2025-01-10 16:04:05,305 [Worker-56: Building] INFO  o.a.m.s.f.DefaultMavenResourcesFiltering - Copying 0 resource from src\test\resources to target\test-classes
2025-01-10 16:04:52,513 [Worker-53: Building] INFO  o.a.m.s.f.DefaultMavenResourcesFiltering - Copying 1 resource from src\main\resources to target\classes
2025-01-10 16:04:52,520 [Worker-53: Building] INFO  o.a.m.s.f.DefaultMavenResourcesFiltering - Copying 1 resource from src\main\resources to target\classes
2025-01-10 16:04:52,522 [Worker-53: Building] INFO  o.a.m.s.f.DefaultMavenResourcesFiltering - Copying 0 resource from src\test\resources to target\test-classes
2025-01-10 16:07:08,273 [Worker-55: Building] INFO  o.a.m.s.f.DefaultMavenResourcesFiltering - Copying 1 resource from src\main\resources to target\classes
2025-01-10 16:07:08,279 [Worker-55: Building] INFO  o.a.m.s.f.DefaultMavenResourcesFiltering - Copying 1 resource from src\main\resources to target\classes
2025-01-10 16:07:08,281 [Worker-55: Building] INFO  o.a.m.s.f.DefaultMavenResourcesFiltering - Copying 0 resource from src\test\resources to target\test-classes
2025-01-10 16:09:22,324 [Worker-61: Building] INFO  o.a.m.s.f.DefaultMavenResourcesFiltering - Copying 1 resource from src\main\resources to target\classes
2025-01-10 16:09:22,327 [Worker-61: Building] INFO  o.a.m.s.f.DefaultMavenResourcesFiltering - Copying 1 resource from src\main\resources to target\classes
2025-01-10 16:09:22,328 [Worker-61: Building] INFO  o.a.m.s.f.DefaultMavenResourcesFiltering - Copying 0 resource from src\test\resources to target\test-classes
2025-01-10 16:18:22,106 [Worker-71: Building] INFO  o.a.m.s.f.DefaultMavenResourcesFiltering - Copying 1 resource from src\main\resources to target\classes
2025-01-10 16:18:22,110 [Worker-71: Building] INFO  o.a.m.s.f.DefaultMavenResourcesFiltering - Copying 1 resource from src\main\resources to target\classes
2025-01-10 16:18:22,113 [Worker-71: Building] INFO  o.a.m.s.f.DefaultMavenResourcesFiltering - Copying 0 resource from src\test\resources to target\test-classes
2025-01-10 16:45:29,986 [Worker-76: Building] INFO  o.a.m.s.f.DefaultMavenResourcesFiltering - Copying 1 resource from src\main\resources to target\classes
2025-01-10 16:45:29,992 [Worker-76: Building] INFO  o.a.m.s.f.DefaultMavenResourcesFiltering - Copying 1 resource from src\main\resources to target\classes
2025-01-10 16:45:29,994 [Worker-76: Building] INFO  o.a.m.s.f.DefaultMavenResourcesFiltering - Copying 0 resource from src\test\resources to target\test-classes
2025-01-10 16:48:27,652 [Worker-77: Building] INFO  o.a.m.s.f.DefaultMavenResourcesFiltering - Copying 1 resource from src\main\resources to target\classes
2025-01-10 16:48:27,658 [Worker-77: Building] INFO  o.a.m.s.f.DefaultMavenResourcesFiltering - Copying 1 resource from src\main\resources to target\classes
2025-01-10 16:48:27,660 [Worker-77: Building] INFO  o.a.m.s.f.DefaultMavenResourcesFiltering - Copying 0 resource from src\test\resources to target\test-classes
2025-01-11 17:44:51,130 [Worker-6: Loading available Gradle versions] INFO  o.e.b.c.i.u.g.PublishedGradleVersions - Gradle version information cache is out-of-date. Trying to update.
2025-01-14 19:30:39,578 [Worker-7: Loading available Gradle versions] INFO  o.e.b.c.i.u.g.PublishedGradleVersions - Gradle version information cache is out-of-date. Trying to update.
2025-01-14 19:32:30,178 [Worker-12: Launching SpringMvc - SpringMvcApplication] INFO  o.a.m.s.f.DefaultMavenResourcesFiltering - Copying 1 resource from src\main\resources to target\classes
2025-01-14 19:32:30,203 [Worker-12: Launching SpringMvc - SpringMvcApplication] INFO  o.a.m.s.f.DefaultMavenResourcesFiltering - Copying 1 resource from src\main\resources to target\classes
2025-01-14 19:32:30,209 [Worker-12: Launching SpringMvc - SpringMvcApplication] INFO  o.a.m.s.f.DefaultMavenResourcesFiltering - Copying 0 resource from src\test\resources to target\test-classes
2025-01-14 19:32:31,093 [Worker-6: Building] INFO  o.a.m.s.f.DefaultMavenResourcesFiltering - skip non existing resourceDirectory C:\STS\springProjects\biblioteca1\src\main\resources
2025-01-14 19:32:31,097 [Worker-6: Building] INFO  o.a.m.s.f.DefaultMavenResourcesFiltering - skip non existing resourceDirectory C:\STS\springProjects\biblioteca1\src\test\resources
2025-01-14 19:32:32,039 [Worker-18: Building] INFO  o.a.m.s.f.DefaultMavenResourcesFiltering - skip non existing resourceDirectory C:\STS\springProjects\bibliotecah2\src\main\resources
2025-01-14 19:32:32,043 [Worker-18: Building] INFO  o.a.m.s.f.DefaultMavenResourcesFiltering - skip non existing resourceDirectory C:\STS\springProjects\bibliotecah2\src\test\resources
2025-01-14 19:32:33,138 [Worker-18: Building] INFO  o.a.m.s.f.DefaultMavenResourcesFiltering - Copying 1 resource from src\main\resources to target\classes
2025-01-14 19:32:33,179 [Worker-18: Building] INFO  o.a.m.s.f.DefaultMavenResourcesFiltering - Copying 1 resource from src\main\resources to target\classes
2025-01-14 19:32:33,185 [Worker-18: Building] INFO  o.a.m.s.f.DefaultMavenResourcesFiltering - Copying 0 resource from src\test\resources to target\test-classes
2025-01-14 19:32:33,477 [Worker-18: Building] INFO  o.a.m.s.f.DefaultMavenResourcesFiltering - skip non existing resourceDirectory C:\STS\springProjects\hibernateanotaciones1\src\main\resources
2025-01-14 19:32:33,480 [Worker-18: Building] INFO  o.a.m.s.f.DefaultMavenResourcesFiltering - skip non existing resourceDirectory C:\STS\springProjects\hibernateanotaciones1\src\test\resources
2025-01-14 19:32:33,689 [Worker-18: Building] INFO  o.a.m.s.f.DefaultMavenResourcesFiltering - skip non existing resourceDirectory C:\STS\springProjects\hibernateanotaciones2\src\main\resources
2025-01-14 19:32:33,690 [Worker-18: Building] INFO  o.a.m.s.f.DefaultMavenResourcesFiltering - skip non existing resourceDirectory C:\STS\springProjects\hibernateanotaciones2\src\test\resources
2025-01-14 19:32:34,009 [Worker-18: Building] INFO  o.a.m.s.f.DefaultMavenResourcesFiltering - skip non existing resourceDirectory C:\STS\springProjects\hibernateanotaciones3\src\main\resources
2025-01-14 19:32:34,012 [Worker-18: Building] INFO  o.a.m.s.f.DefaultMavenResourcesFiltering - skip non existing resourceDirectory C:\STS\springProjects\hibernateanotaciones3\src\test\resources
2025-01-14 19:32:34,263 [Worker-18: Building] INFO  o.a.m.s.f.DefaultMavenResourcesFiltering - skip non existing resourceDirectory C:\STS\springProjects\practica04\src\main\resources
2025-01-14 19:32:34,264 [Worker-18: Building] INFO  o.a.m.s.f.DefaultMavenResourcesFiltering - skip non existing resourceDirectory C:\STS\springProjects\practica04\src\test\resources
2025-01-14 19:37:34,615 [Worker-1: Building] INFO  o.a.m.s.f.DefaultMavenResourcesFiltering - Copying 1 resource from src\main\resources to target\classes
2025-01-14 19:37:34,620 [Worker-1: Building] INFO  o.a.m.s.f.DefaultMavenResourcesFiltering - Copying 1 resource from src\main\resources to target\classes
2025-01-14 19:37:34,623 [Worker-1: Building] INFO  o.a.m.s.f.DefaultMavenResourcesFiltering - Copying 0 resource from src\test\resources to target\test-classes
2025-01-14 19:41:13,029 [Worker-30: Building] INFO  o.a.m.s.f.DefaultMavenResourcesFiltering - Copying 1 resource from src\main\resources to target\classes
2025-01-14 19:41:13,036 [Worker-30: Building] INFO  o.a.m.s.f.DefaultMavenResourcesFiltering - Copying 1 resource from src\main\resources to target\classes
2025-01-14 19:41:13,039 [Worker-30: Building] INFO  o.a.m.s.f.DefaultMavenResourcesFiltering - Copying 0 resource from src\test\resources to target\test-classes
2025-01-14 19:42:36,320 [Worker-29: Building] INFO  o.a.m.s.f.DefaultMavenResourcesFiltering - Copying 1 resource from src\main\resources to target\classes
2025-01-14 19:42:36,340 [Worker-29: Building] INFO  o.a.m.s.f.DefaultMavenResourcesFiltering - Copying 0 resource from src\main\resources to target\classes
2025-01-14 19:42:36,344 [Worker-29: Building] INFO  o.a.m.s.f.DefaultMavenResourcesFiltering - Copying 0 resource from src\test\resources to target\test-classes
2025-01-14 19:42:56,638 [Worker-29: Building] INFO  o.a.m.s.f.DefaultMavenResourcesFiltering - Copying 1 resource from src\main\resources to target\classes
2025-01-14 19:42:56,642 [Worker-29: Building] INFO  o.a.m.s.f.DefaultMavenResourcesFiltering - Copying 1 resource from src\main\resources to target\classes
2025-01-14 19:42:56,644 [Worker-29: Building] INFO  o.a.m.s.f.DefaultMavenResourcesFiltering - Copying 0 resource from src\test\resources to target\test-classes
2025-01-14 19:46:02,533 [Worker-36: Building] INFO  o.a.m.s.f.DefaultMavenResourcesFiltering - Copying 1 resource from src\main\resources to target\classes
2025-01-14 19:46:02,536 [Worker-36: Building] INFO  o.a.m.s.f.DefaultMavenResourcesFiltering - Copying 0 resource from src\main\resources to target\classes
2025-01-14 19:46:02,538 [Worker-36: Building] INFO  o.a.m.s.f.DefaultMavenResourcesFiltering - Copying 0 resource from src\test\resources to target\test-classes
2025-01-14 19:46:12,155 [Worker-35: Building] INFO  o.a.m.s.f.DefaultMavenResourcesFiltering - Copying 1 resource from src\main\resources to target\classes
2025-01-14 19:46:12,158 [Worker-35: Building] INFO  o.a.m.s.f.DefaultMavenResourcesFiltering - Copying 1 resource from src\main\resources to target\classes
2025-01-14 19:46:12,160 [Worker-35: Building] INFO  o.a.m.s.f.DefaultMavenResourcesFiltering - Copying 0 resource from src\test\resources to target\test-classes
2025-01-14 19:47:20,131 [Worker-37: Building] INFO  o.a.m.s.f.DefaultMavenResourcesFiltering - Copying 1 resource from src\main\resources to target\classes
2025-01-14 19:47:20,137 [Worker-37: Building] INFO  o.a.m.s.f.DefaultMavenResourcesFiltering - Copying 0 resource from src\main\resources to target\classes
2025-01-14 19:47:20,138 [Worker-37: Building] INFO  o.a.m.s.f.DefaultMavenResourcesFiltering - Copying 0 resource from src\test\resources to target\test-classes
2025-01-14 19:47:25,896 [Worker-32: Building] INFO  o.a.m.s.f.DefaultMavenResourcesFiltering - Copying 1 resource from src\main\resources to target\classes
2025-01-14 19:47:25,901 [Worker-32: Building] INFO  o.a.m.s.f.DefaultMavenResourcesFiltering - Copying 1 resource from src\main\resources to target\classes
2025-01-14 19:47:25,904 [Worker-32: Building] INFO  o.a.m.s.f.DefaultMavenResourcesFiltering - Copying 0 resource from src\test\resources to target\test-classes
2025-01-14 19:48:49,263 [Worker-37: Building] INFO  o.a.m.s.f.DefaultMavenResourcesFiltering - Copying 1 resource from src\main\resources to target\classes
2025-01-14 19:48:49,266 [Worker-37: Building] INFO  o.a.m.s.f.DefaultMavenResourcesFiltering - Copying 0 resource from src\main\resources to target\classes
2025-01-14 19:48:49,269 [Worker-37: Building] INFO  o.a.m.s.f.DefaultMavenResourcesFiltering - Copying 0 resource from src\test\resources to target\test-classes
2025-01-14 19:51:51,993 [Worker-41: Building] INFO  o.a.m.s.f.DefaultMavenResourcesFiltering - Copying 1 resource from src\main\resources to target\classes
2025-01-14 19:51:51,996 [Worker-41: Building] INFO  o.a.m.s.f.DefaultMavenResourcesFiltering - Copying 1 resource from src\main\resources to target\classes
2025-01-14 19:51:51,998 [Worker-41: Building] INFO  o.a.m.s.f.DefaultMavenResourcesFiltering - Copying 0 resource from src\test\resources to target\test-classes
2025-01-14 19:53:25,119 [Worker-35: Building] INFO  o.a.m.s.f.DefaultMavenResourcesFiltering - Copying 1 resource from src\main\resources to target\classes
2025-01-14 19:53:25,124 [Worker-35: Building] INFO  o.a.m.s.f.DefaultMavenResourcesFiltering - Copying 1 resource from src\main\resources to target\classes
2025-01-14 19:53:25,126 [Worker-35: Building] INFO  o.a.m.s.f.DefaultMavenResourcesFiltering - Copying 0 resource from src\test\resources to target\test-classes
2025-01-14 19:57:06,073 [Worker-39: Building] INFO  o.a.m.s.f.DefaultMavenResourcesFiltering - Copying 1 resource from src\main\resources to target\classes
2025-01-14 19:57:06,078 [Worker-39: Building] INFO  o.a.m.s.f.DefaultMavenResourcesFiltering - Copying 1 resource from src\main\resources to target\classes
2025-01-14 19:57:06,080 [Worker-39: Building] INFO  o.a.m.s.f.DefaultMavenResourcesFiltering - Copying 0 resource from src\test\resources to target\test-classes
2025-01-14 20:06:19,624 [Worker-44: Building] INFO  o.a.m.s.f.DefaultMavenResourcesFiltering - Copying 1 resource from src\main\resources to target\classes
2025-01-14 20:06:19,629 [Worker-44: Building] INFO  o.a.m.s.f.DefaultMavenResourcesFiltering - Copying 1 resource from src\main\resources to target\classes
2025-01-14 20:06:19,631 [Worker-44: Building] INFO  o.a.m.s.f.DefaultMavenResourcesFiltering - Copying 0 resource from src\test\resources to target\test-classes
2025-01-14 20:11:06,911 [Worker-51: Building] INFO  o.a.m.s.f.DefaultMavenResourcesFiltering - Copying 1 resource from src\main\resources to target\classes
2025-01-14 20:11:06,916 [Worker-51: Building] INFO  o.a.m.s.f.DefaultMavenResourcesFiltering - Copying 1 resource from src\main\resources to target\classes
2025-01-14 20:11:06,919 [Worker-51: Building] INFO  o.a.m.s.f.DefaultMavenResourcesFiltering - Copying 0 resource from src\test\resources to target\test-classes
2025-01-14 20:15:10,261 [Worker-58: Building] INFO  o.a.m.s.f.DefaultMavenResourcesFiltering - Copying 1 resource from src\main\resources to target\classes
2025-01-14 20:15:10,266 [Worker-58: Building] INFO  o.a.m.s.f.DefaultMavenResourcesFiltering - Copying 1 resource from src\main\resources to target\classes
2025-01-14 20:15:10,269 [Worker-58: Building] INFO  o.a.m.s.f.DefaultMavenResourcesFiltering - Copying 0 resource from src\test\resources to target\test-classes
2025-01-14 20:17:16,361 [Worker-59: Building] INFO  o.e.m.c.i.l.LifecycleMappingFactory - Using org.eclipse.m2e.jdt.JarLifecycleMapping lifecycle mapping for MavenProject: com.jose.springboot.backend:mvc:1 @ C:\STS\springProjects\SpringMvc\pom.xml.
2025-01-14 20:17:17,256 [Worker-59: Building] INFO  o.e.m.c.i.e.AbstractTransferListenerAdapter - Downloading https://repo.maven.apache.org/maven2/org/springframework/boot/spring-boot-starter-validation/3.4.1/spring-boot-starter-validation-3.4.1.pom
2025-01-14 20:17:17,271 [Worker-59: Building] INFO  o.e.m.c.i.e.AbstractTransferListenerAdapter - Downloaded https://repo.maven.apache.org/maven2/org/springframework/boot/spring-boot-starter-validation/3.4.1/spring-boot-starter-validation-3.4.1.pom
2025-01-14 20:17:17,487 [Worker-59: Building] INFO  o.e.m.c.i.e.AbstractTransferListenerAdapter - Downloading https://repo.maven.apache.org/maven2/org/hibernate/validator/hibernate-validator/8.0.2.Final/hibernate-validator-8.0.2.Final.pom
2025-01-14 20:17:17,506 [Worker-59: Building] INFO  o.e.m.c.i.e.AbstractTransferListenerAdapter - Downloaded https://repo.maven.apache.org/maven2/org/hibernate/validator/hibernate-validator/8.0.2.Final/hibernate-validator-8.0.2.Final.pom
2025-01-14 20:17:17,607 [Worker-59: Building] INFO  o.e.m.c.i.e.AbstractTransferListenerAdapter - Downloading https://repo.maven.apache.org/maven2/org/hibernate/validator/hibernate-validator-parent/8.0.2.Final/hibernate-validator-parent-8.0.2.Final.pom
2025-01-14 20:17:17,702 [Worker-59: Building] INFO  o.e.m.c.i.e.AbstractTransferListenerAdapter - Downloaded https://repo.maven.apache.org/maven2/org/hibernate/validator/hibernate-validator-parent/8.0.2.Final/hibernate-validator-parent-8.0.2.Final.pom
2025-01-14 20:17:17,785 [Worker-59: Building] INFO  o.e.m.c.i.e.AbstractTransferListenerAdapter - Downloading https://repo.maven.apache.org/maven2/org/jboss/arquillian/arquillian-bom/1.7.0.Alpha10/arquillian-bom-1.7.0.Alpha10.pom
2025-01-14 20:17:17,814 [Worker-59: Building] INFO  o.e.m.c.i.e.AbstractTransferListenerAdapter - Downloaded https://repo.maven.apache.org/maven2/org/jboss/arquillian/arquillian-bom/1.7.0.Alpha10/arquillian-bom-1.7.0.Alpha10.pom
2025-01-14 20:17:17,914 [Worker-59: Building] INFO  o.e.m.c.i.e.AbstractTransferListenerAdapter - Downloading https://repo.maven.apache.org/maven2/org/jboss/shrinkwrap/shrinkwrap-bom/1.2.6/shrinkwrap-bom-1.2.6.pom
2025-01-14 20:17:17,942 [Worker-59: Building] INFO  o.e.m.c.i.e.AbstractTransferListenerAdapter - Downloaded https://repo.maven.apache.org/maven2/org/jboss/shrinkwrap/shrinkwrap-bom/1.2.6/shrinkwrap-bom-1.2.6.pom
2025-01-14 20:17:18,039 [Worker-59: Building] INFO  o.e.m.c.i.e.AbstractTransferListenerAdapter - Downloading https://repo.maven.apache.org/maven2/org/jboss/shrinkwrap/resolver/shrinkwrap-resolver-bom/3.1.4/shrinkwrap-resolver-bom-3.1.4.pom
2025-01-14 20:17:18,065 [Worker-59: Building] INFO  o.e.m.c.i.e.AbstractTransferListenerAdapter - Downloaded https://repo.maven.apache.org/maven2/org/jboss/shrinkwrap/resolver/shrinkwrap-resolver-bom/3.1.4/shrinkwrap-resolver-bom-3.1.4.pom
2025-01-14 20:17:18,169 [Worker-59: Building] INFO  o.e.m.c.i.e.AbstractTransferListenerAdapter - Downloading https://repo.maven.apache.org/maven2/org/apache/maven/maven/3.6.3/maven-3.6.3.pom
2025-01-14 20:17:18,189 [Worker-59: Building] INFO  o.e.m.c.i.e.AbstractTransferListenerAdapter - Downloaded https://repo.maven.apache.org/maven2/org/apache/maven/maven/3.6.3/maven-3.6.3.pom
2025-01-14 20:17:18,336 [Worker-59: Building] INFO  o.e.m.c.i.e.AbstractTransferListenerAdapter - Downloading https://repo.maven.apache.org/maven2/org/jboss/shrinkwrap/descriptors/shrinkwrap-descriptors-bom/2.0.0/shrinkwrap-descriptors-bom-2.0.0.pom
2025-01-14 20:17:18,371 [Worker-59: Building] INFO  o.e.m.c.i.e.AbstractTransferListenerAdapter - Downloaded https://repo.maven.apache.org/maven2/org/jboss/shrinkwrap/descriptors/shrinkwrap-descriptors-bom/2.0.0/shrinkwrap-descriptors-bom-2.0.0.pom
2025-01-14 20:17:18,451 [Worker-59: Building] INFO  o.e.m.c.i.e.AbstractTransferListenerAdapter - Downloading https://repo.maven.apache.org/maven2/jakarta/validation/jakarta.validation-api/3.0.2/jakarta.validation-api-3.0.2.pom
2025-01-14 20:17:18,480 [Worker-59: Building] INFO  o.e.m.c.i.e.AbstractTransferListenerAdapter - Downloaded https://repo.maven.apache.org/maven2/jakarta/validation/jakarta.validation-api/3.0.2/jakarta.validation-api-3.0.2.pom
2025-01-14 20:17:18,606 [Worker-59: Building] INFO  o.e.m.c.i.e.AbstractTransferListenerAdapter - Downloading https://repo.maven.apache.org/maven2/org/springframework/boot/spring-boot-starter-validation/3.4.1/spring-boot-starter-validation-3.4.1.jar
2025-01-14 20:17:18,613 [Worker-59: Building] INFO  o.e.m.c.i.e.AbstractTransferListenerAdapter - Downloaded https://repo.maven.apache.org/maven2/org/springframework/boot/spring-boot-starter-validation/3.4.1/spring-boot-starter-validation-3.4.1.jar
2025-01-14 20:17:18,703 [BasicRepositoryConnector-repo.maven.apache.org-0-0] INFO  o.e.m.c.i.e.AbstractTransferListenerAdapter - Downloading https://repo.maven.apache.org/maven2/org/hibernate/validator/hibernate-validator/8.0.2.Final/hibernate-validator-8.0.2.Final.jar
2025-01-14 20:17:18,947 [BasicRepositoryConnector-repo.maven.apache.org-0-1] INFO  o.e.m.c.i.e.AbstractTransferListenerAdapter - Downloading https://repo.maven.apache.org/maven2/jakarta/validation/jakarta.validation-api/3.0.2/jakarta.validation-api-3.0.2.jar
2025-01-14 20:17:19,404 [BasicRepositoryConnector-repo.maven.apache.org-0-1] INFO  o.e.m.c.i.e.AbstractTransferListenerAdapter - Downloaded https://repo.maven.apache.org/maven2/jakarta/validation/jakarta.validation-api/3.0.2/jakarta.validation-api-3.0.2.jar
2025-01-14 20:17:19,406 [BasicRepositoryConnector-repo.maven.apache.org-0-0] INFO  o.e.m.c.i.e.AbstractTransferListenerAdapter - Downloaded https://repo.maven.apache.org/maven2/org/hibernate/validator/hibernate-validator/8.0.2.Final/hibernate-validator-8.0.2.Final.jar
2025-01-14 20:17:19,705 [Worker-59: Building] INFO  o.a.m.s.f.DefaultMavenResourcesFiltering - Copying 0 resource from src\main\resources to target\classes
2025-01-14 20:17:19,705 [Worker-59: Building] INFO  o.a.m.s.f.DefaultMavenResourcesFiltering - Copying 0 resource from src\main\resources to target\classes
2025-01-14 20:17:19,709 [Worker-59: Building] INFO  o.a.m.s.f.DefaultMavenResourcesFiltering - Copying 0 resource from src\test\resources to target\test-classes
2025-01-14 20:17:20,815 [Worker-52: Download sources and javadoc] INFO  o.e.m.c.i.e.AbstractTransferListenerAdapter - Downloading https://repo.maven.apache.org/maven2/org/springframework/boot/spring-boot-starter-validation/3.4.1/spring-boot-starter-validation-3.4.1-sources.jar
2025-01-14 20:17:20,821 [Worker-52: Download sources and javadoc] INFO  o.e.m.c.i.e.AbstractTransferListenerAdapter - Downloaded https://repo.maven.apache.org/maven2/org/springframework/boot/spring-boot-starter-validation/3.4.1/spring-boot-starter-validation-3.4.1-sources.jar
2025-01-14 20:17:20,829 [Worker-52: Download sources and javadoc] INFO  o.e.m.j.internal.DownloadSourcesJob - Downloaded sources for org.springframework.boot:spring-boot-starter-validation:3.4.1
2025-01-14 20:17:21,045 [Worker-52: Download sources and javadoc] INFO  o.e.m.c.i.e.AbstractTransferListenerAdapter - Downloading https://repo.maven.apache.org/maven2/org/hibernate/validator/hibernate-validator/8.0.2.Final/hibernate-validator-8.0.2.Final-sources.jar
2025-01-14 20:17:21,192 [Worker-57: Building] INFO  o.a.m.s.f.DefaultMavenResourcesFiltering - Copying 1 resource from src\main\resources to target\classes
2025-01-14 20:17:21,224 [Worker-57: Building] INFO  o.a.m.s.f.DefaultMavenResourcesFiltering - Copying 1 resource from src\main\resources to target\classes
2025-01-14 20:17:21,226 [Worker-57: Building] INFO  o.a.m.s.f.DefaultMavenResourcesFiltering - Copying 0 resource from src\test\resources to target\test-classes
2025-01-14 20:17:21,668 [Worker-52: Download sources and javadoc] INFO  o.e.m.c.i.e.AbstractTransferListenerAdapter - Downloaded https://repo.maven.apache.org/maven2/org/hibernate/validator/hibernate-validator/8.0.2.Final/hibernate-validator-8.0.2.Final-sources.jar
2025-01-14 20:17:21,670 [Worker-52: Download sources and javadoc] INFO  o.e.m.j.internal.DownloadSourcesJob - Downloaded sources for org.hibernate.validator:hibernate-validator:8.0.2.Final
2025-01-14 20:17:21,884 [Worker-52: Download sources and javadoc] INFO  o.e.m.c.i.e.AbstractTransferListenerAdapter - Downloading https://repo.maven.apache.org/maven2/jakarta/validation/jakarta.validation-api/3.0.2/jakarta.validation-api-3.0.2-sources.jar
2025-01-14 20:17:22,030 [Worker-52: Download sources and javadoc] INFO  o.e.m.c.i.e.AbstractTransferListenerAdapter - Downloaded https://repo.maven.apache.org/maven2/jakarta/validation/jakarta.validation-api/3.0.2/jakarta.validation-api-3.0.2-sources.jar
2025-01-14 20:17:22,036 [Worker-52: Download sources and javadoc] INFO  o.e.m.j.internal.DownloadSourcesJob - Downloaded sources for jakarta.validation:jakarta.validation-api:3.0.2
2025-01-14 20:23:01,117 [Worker-66: Building] INFO  o.a.m.s.f.DefaultMavenResourcesFiltering - Copying 1 resource from src\main\resources to target\classes
2025-01-14 20:23:01,127 [Worker-66: Building] INFO  o.a.m.s.f.DefaultMavenResourcesFiltering - Copying 1 resource from src\main\resources to target\classes
2025-01-14 20:23:01,130 [Worker-66: Building] INFO  o.a.m.s.f.DefaultMavenResourcesFiltering - Copying 0 resource from src\test\resources to target\test-classes
2025-01-14 20:23:07,572 [Worker-65: Building] INFO  o.a.m.s.f.DefaultMavenResourcesFiltering - Copying 1 resource from src\main\resources to target\classes
2025-01-14 20:23:07,578 [Worker-65: Building] INFO  o.a.m.s.f.DefaultMavenResourcesFiltering - Copying 1 resource from src\main\resources to target\classes
2025-01-14 20:23:07,580 [Worker-65: Building] INFO  o.a.m.s.f.DefaultMavenResourcesFiltering - Copying 0 resource from src\test\resources to target\test-classes
2025-01-14 20:23:23,646 [Worker-65: Building] INFO  o.a.m.s.f.DefaultMavenResourcesFiltering - Copying 1 resource from src\main\resources to target\classes
2025-01-14 20:23:23,649 [Worker-65: Building] INFO  o.a.m.s.f.DefaultMavenResourcesFiltering - Copying 1 resource from src\main\resources to target\classes
2025-01-14 20:23:23,651 [Worker-65: Building] INFO  o.a.m.s.f.DefaultMavenResourcesFiltering - Copying 0 resource from src\test\resources to target\test-classes
2025-01-14 20:24:48,199 [Worker-64: Building] INFO  o.a.m.s.f.DefaultMavenResourcesFiltering - Copying 1 resource from src\main\resources to target\classes
2025-01-14 20:24:48,202 [Worker-64: Building] INFO  o.a.m.s.f.DefaultMavenResourcesFiltering - Copying 1 resource from src\main\resources to target\classes
2025-01-14 20:24:48,203 [Worker-64: Building] INFO  o.a.m.s.f.DefaultMavenResourcesFiltering - Copying 0 resource from src\test\resources to target\test-classes
2025-01-14 20:30:00,287 [Worker-68: Building] INFO  o.a.m.s.f.DefaultMavenResourcesFiltering - Copying 1 resource from src\main\resources to target\classes
2025-01-14 20:30:00,293 [Worker-68: Building] INFO  o.a.m.s.f.DefaultMavenResourcesFiltering - Copying 1 resource from src\main\resources to target\classes
2025-01-14 20:30:00,295 [Worker-68: Building] INFO  o.a.m.s.f.DefaultMavenResourcesFiltering - Copying 0 resource from src\test\resources to target\test-classes
2025-01-14 20:30:57,286 [Worker-67: Building] INFO  o.a.m.s.f.DefaultMavenResourcesFiltering - Copying 1 resource from src\main\resources to target\classes
2025-01-14 20:30:57,291 [Worker-67: Building] INFO  o.a.m.s.f.DefaultMavenResourcesFiltering - Copying 1 resource from src\main\resources to target\classes
2025-01-14 20:30:57,293 [Worker-67: Building] INFO  o.a.m.s.f.DefaultMavenResourcesFiltering - Copying 0 resource from src\test\resources to target\test-classes
2025-01-14 20:33:32,175 [Worker-70: Building] INFO  o.a.m.s.f.DefaultMavenResourcesFiltering - Copying 1 resource from src\main\resources to target\classes
2025-01-14 20:33:32,180 [Worker-70: Building] INFO  o.a.m.s.f.DefaultMavenResourcesFiltering - Copying 1 resource from src\main\resources to target\classes
2025-01-14 20:33:32,182 [Worker-70: Building] INFO  o.a.m.s.f.DefaultMavenResourcesFiltering - Copying 0 resource from src\test\resources to target\test-classes
2025-01-14 20:44:56,098 [Worker-78: Building] INFO  o.a.m.s.f.DefaultMavenResourcesFiltering - Copying 1 resource from src\main\resources to target\classes
2025-01-14 20:44:56,105 [Worker-78: Building] INFO  o.a.m.s.f.DefaultMavenResourcesFiltering - Copying 1 resource from src\main\resources to target\classes
2025-01-14 20:44:56,107 [Worker-78: Building] INFO  o.a.m.s.f.DefaultMavenResourcesFiltering - Copying 0 resource from src\test\resources to target\test-classes
2025-01-16 10:24:14,810 [Worker-4: Loading available Gradle versions] INFO  o.e.b.c.i.u.g.PublishedGradleVersions - Gradle version information cache is out-of-date. Trying to update.
2025-01-16 10:28:26,992 [Worker-25: Import Getting Started Content] INFO  o.e.m.c.i.l.LifecycleMappingFactory - Using org.eclipse.m2e.jdt.JarLifecycleMapping lifecycle mapping for MavenProject: com.jose.springboot.backend:mvc:1 @ C:\STS\springProjects\practica06\pom.xml.
2025-01-16 10:28:27,732 [Worker-25: Import Getting Started Content] INFO  o.e.m.j.i.AbstractJavaProjectConfigurator - Adding source folder /practica06/src/main/java
2025-01-16 10:28:27,733 [Worker-25: Import Getting Started Content] INFO  o.e.m.j.i.AbstractJavaProjectConfigurator - Adding resource folder /practica06/src/main/resources
2025-01-16 10:28:27,735 [Worker-25: Import Getting Started Content] INFO  o.e.m.j.i.AbstractJavaProjectConfigurator - Adding resource folder /practica06/src/main/resources
2025-01-16 10:28:27,737 [Worker-25: Import Getting Started Content] INFO  o.e.m.j.i.AbstractJavaProjectConfigurator - Adding source folder /practica06/src/test/java
2025-01-16 10:28:27,737 [Worker-25: Import Getting Started Content] INFO  o.e.m.j.i.AbstractJavaProjectConfigurator - Adding resource folder /practica06/src/test/resources
2025-01-16 10:28:28,917 [Worker-25: Import Getting Started Content] INFO  o.e.m.c.i.p.ProjectConfigurationManager - Imported and configured 1 project(s) in 2 sec
2025-01-16 10:28:28,920 [Worker-25: Import Getting Started Content] INFO  o.e.m.c.i.p.ProjectConfigurationManager - Update started
2025-01-16 10:28:29,410 [Worker-25: Import Getting Started Content] INFO  o.e.m.c.i.l.LifecycleMappingFactory - Using org.eclipse.m2e.jdt.JarLifecycleMapping lifecycle mapping for MavenProject: com.jose.springboot.backend:mvc:1 @ C:\STS\springProjects\practica06\pom.xml.
2025-01-16 10:28:29,785 [Worker-25: Import Getting Started Content] INFO  o.e.m.j.i.AbstractJavaProjectConfigurator - Adding source folder /practica06/src/main/java
2025-01-16 10:28:29,786 [Worker-25: Import Getting Started Content] INFO  o.e.m.j.i.AbstractJavaProjectConfigurator - Adding resource folder /practica06/src/main/resources
2025-01-16 10:28:29,786 [Worker-25: Import Getting Started Content] INFO  o.e.m.j.i.AbstractJavaProjectConfigurator - Adding resource folder /practica06/src/main/resources
2025-01-16 10:28:29,786 [Worker-25: Import Getting Started Content] INFO  o.e.m.j.i.AbstractJavaProjectConfigurator - Adding source folder /practica06/src/test/java
2025-01-16 10:28:29,787 [Worker-25: Import Getting Started Content] INFO  o.e.m.j.i.AbstractJavaProjectConfigurator - Adding resource folder /practica06/src/test/resources
2025-01-16 10:28:30,366 [Worker-25: Import Getting Started Content] INFO  o.e.m.c.i.p.ProjectConfigurationManager - Update completed for 1 poms: local refresh takes 0,00 sec, refresh facades takes 0,00 sec, update config takes 0,00 sec 
2025-01-16 10:28:31,252 [Worker-15: Building] INFO  o.a.m.s.f.DefaultMavenResourcesFiltering - Copying 1 resource from src\main\resources to target\classes
2025-01-16 10:28:31,263 [Worker-15: Building] INFO  o.a.m.s.f.DefaultMavenResourcesFiltering - Copying 0 resource from src\main\resources to target\classes
2025-01-16 10:28:31,267 [Worker-15: Building] INFO  o.a.m.s.f.DefaultMavenResourcesFiltering - Copying 0 resource from src\test\resources to target\test-classes
2025-01-16 10:39:09,353 [Worker-28: Building] INFO  o.a.m.s.f.DefaultMavenResourcesFiltering - Copying 0 resource from src\main\resources to target\classes
2025-01-16 10:39:09,359 [Worker-28: Building] INFO  o.a.m.s.f.DefaultMavenResourcesFiltering - Copying 1 resource from src\main\resources to target\classes
2025-01-16 10:39:09,363 [Worker-28: Building] INFO  o.a.m.s.f.DefaultMavenResourcesFiltering - Copying 0 resource from src\test\resources to target\test-classes
2025-01-16 10:40:26,444 [Worker-28: Building] INFO  o.a.m.s.f.DefaultMavenResourcesFiltering - Copying 1 resource from src\main\resources to target\classes
2025-01-16 10:40:26,450 [Worker-28: Building] INFO  o.a.m.s.f.DefaultMavenResourcesFiltering - Copying 0 resource from src\main\resources to target\classes
2025-01-16 10:40:26,453 [Worker-28: Building] INFO  o.a.m.s.f.DefaultMavenResourcesFiltering - Copying 0 resource from src\test\resources to target\test-classes
2025-01-16 10:40:43,592 [Worker-32: Building] INFO  o.a.m.s.f.DefaultMavenResourcesFiltering - Copying 0 resource from src\main\resources to target\classes
2025-01-16 10:40:43,592 [Worker-32: Building] INFO  o.a.m.s.f.DefaultMavenResourcesFiltering - Copying 1 resource from src\main\resources to target\classes
2025-01-16 10:40:43,595 [Worker-32: Building] INFO  o.a.m.s.f.DefaultMavenResourcesFiltering - Copying 0 resource from src\test\resources to target\test-classes
2025-01-16 10:42:55,764 [Worker-33: Building] INFO  o.a.m.s.f.DefaultMavenResourcesFiltering - Copying 1 resource from src\main\resources to target\classes
2025-01-16 10:42:55,770 [Worker-33: Building] INFO  o.a.m.s.f.DefaultMavenResourcesFiltering - Copying 1 resource from src\main\resources to target\classes
2025-01-16 10:42:55,773 [Worker-33: Building] INFO  o.a.m.s.f.DefaultMavenResourcesFiltering - Copying 0 resource from src\test\resources to target\test-classes
2025-01-16 10:45:24,537 [Worker-37: Building] INFO  o.a.m.s.f.DefaultMavenResourcesFiltering - Copying 0 resource from src\main\resources to target\classes
2025-01-16 10:45:24,538 [Worker-37: Building] INFO  o.a.m.s.f.DefaultMavenResourcesFiltering - Copying 1 resource from src\main\resources to target\classes
2025-01-16 10:45:24,540 [Worker-37: Building] INFO  o.a.m.s.f.DefaultMavenResourcesFiltering - Copying 0 resource from src\test\resources to target\test-classes
2025-01-16 10:48:32,493 [Worker-43: Building] INFO  o.a.m.s.f.DefaultMavenResourcesFiltering - Copying 0 resource from src\main\resources to target\classes
2025-01-16 10:48:32,494 [Worker-43: Building] INFO  o.a.m.s.f.DefaultMavenResourcesFiltering - Copying 1 resource from src\main\resources to target\classes
2025-01-16 10:48:32,497 [Worker-43: Building] INFO  o.a.m.s.f.DefaultMavenResourcesFiltering - Copying 0 resource from src\test\resources to target\test-classes
2025-01-16 10:56:26,370 [Worker-44: Building] INFO  o.a.m.s.f.DefaultMavenResourcesFiltering - Copying 0 resource from src\main\resources to target\classes
2025-01-16 10:56:26,371 [Worker-44: Building] INFO  o.a.m.s.f.DefaultMavenResourcesFiltering - Copying 1 resource from src\main\resources to target\classes
2025-01-16 10:56:26,374 [Worker-44: Building] INFO  o.a.m.s.f.DefaultMavenResourcesFiltering - Copying 0 resource from src\test\resources to target\test-classes
2025-01-16 10:58:15,857 [Worker-52: Building] INFO  o.a.m.s.f.DefaultMavenResourcesFiltering - Copying 0 resource from src\main\resources to target\classes
2025-01-16 10:58:15,858 [Worker-52: Building] INFO  o.a.m.s.f.DefaultMavenResourcesFiltering - Copying 0 resource from src\main\resources to target\classes
2025-01-16 10:58:15,860 [Worker-52: Building] INFO  o.a.m.s.f.DefaultMavenResourcesFiltering - Copying 0 resource from src\test\resources to target\test-classes
2025-01-16 10:58:39,867 [Worker-50: Building] INFO  o.a.m.s.f.DefaultMavenResourcesFiltering - Copying 1 resource from src\main\resources to target\classes
2025-01-16 10:58:39,871 [Worker-50: Building] INFO  o.a.m.s.f.DefaultMavenResourcesFiltering - Copying 0 resource from src\main\resources to target\classes
2025-01-16 10:58:39,873 [Worker-50: Building] INFO  o.a.m.s.f.DefaultMavenResourcesFiltering - Copying 0 resource from src\test\resources to target\test-classes
2025-01-16 10:59:55,845 [Worker-4: Loading available Gradle versions] INFO  o.e.b.c.i.u.g.PublishedGradleVersions - Gradle version information cache is up-to-date. Trying to read.
2025-01-16 11:02:21,347 [Worker-11: Building] INFO  o.a.m.s.f.DefaultMavenResourcesFiltering - Copying 1 resource from src\main\resources to target\classes
2025-01-16 11:02:21,381 [Worker-11: Building] INFO  o.a.m.s.f.DefaultMavenResourcesFiltering - Copying 0 resource from src\main\resources to target\classes
2025-01-16 11:02:21,386 [Worker-11: Building] INFO  o.a.m.s.f.DefaultMavenResourcesFiltering - Copying 0 resource from src\test\resources to target\test-classes
2025-01-16 11:04:21,482 [Worker-6: Building] INFO  o.a.m.s.f.DefaultMavenResourcesFiltering - Copying 1 resource from src\main\resources to target\classes
2025-01-16 11:04:21,487 [Worker-6: Building] INFO  o.a.m.s.f.DefaultMavenResourcesFiltering - Copying 0 resource from src\main\resources to target\classes
2025-01-16 11:04:21,490 [Worker-6: Building] INFO  o.a.m.s.f.DefaultMavenResourcesFiltering - Copying 0 resource from src\test\resources to target\test-classes
2025-01-16 11:10:18,341 [Worker-5: Building] INFO  o.a.m.s.f.DefaultMavenResourcesFiltering - Copying 1 resource from src\main\resources to target\classes
2025-01-16 11:10:18,345 [Worker-5: Building] INFO  o.a.m.s.f.DefaultMavenResourcesFiltering - Copying 0 resource from src\main\resources to target\classes
2025-01-16 11:10:18,347 [Worker-5: Building] INFO  o.a.m.s.f.DefaultMavenResourcesFiltering - Copying 0 resource from src\test\resources to target\test-classes
2025-01-16 11:11:12,816 [Worker-21: Building] INFO  o.a.m.s.f.DefaultMavenResourcesFiltering - Copying 1 resource from src\main\resources to target\classes
2025-01-16 11:11:12,820 [Worker-21: Building] INFO  o.a.m.s.f.DefaultMavenResourcesFiltering - Copying 0 resource from src\main\resources to target\classes
2025-01-16 11:11:12,821 [Worker-21: Building] INFO  o.a.m.s.f.DefaultMavenResourcesFiltering - Copying 0 resource from src\test\resources to target\test-classes
2025-01-16 11:12:20,462 [Worker-5: Building] INFO  o.a.m.s.f.DefaultMavenResourcesFiltering - Copying 1 resource from src\main\resources to target\classes
2025-01-16 11:12:20,470 [Worker-5: Building] INFO  o.a.m.s.f.DefaultMavenResourcesFiltering - Copying 0 resource from src\main\resources to target\classes
2025-01-16 11:12:20,472 [Worker-5: Building] INFO  o.a.m.s.f.DefaultMavenResourcesFiltering - Copying 0 resource from src\test\resources to target\test-classes
2025-01-16 11:14:43,307 [Worker-11: Building] INFO  o.a.m.s.f.DefaultMavenResourcesFiltering - Copying 1 resource from src\main\resources to target\classes
2025-01-16 11:14:43,310 [Worker-11: Building] INFO  o.a.m.s.f.DefaultMavenResourcesFiltering - Copying 0 resource from src\main\resources to target\classes
2025-01-16 11:14:43,312 [Worker-11: Building] INFO  o.a.m.s.f.DefaultMavenResourcesFiltering - Copying 0 resource from src\test\resources to target\test-classes
2025-01-16 11:17:03,696 [Worker-18: Launching practica06 - Practica06Application] INFO  o.a.m.s.f.DefaultMavenResourcesFiltering - Copying 1 resource from src\main\resources to target\classes
2025-01-16 11:17:03,700 [Worker-18: Launching practica06 - Practica06Application] INFO  o.a.m.s.f.DefaultMavenResourcesFiltering - Copying 0 resource from src\main\resources to target\classes
2025-01-16 11:17:03,703 [Worker-18: Launching practica06 - Practica06Application] INFO  o.a.m.s.f.DefaultMavenResourcesFiltering - Copying 0 resource from src\test\resources to target\test-classes
2025-01-16 11:19:45,041 [Worker-11: Launching practica06 - Practica06Application] INFO  o.a.m.s.f.DefaultMavenResourcesFiltering - Copying 1 resource from src\main\resources to target\classes
2025-01-16 11:19:45,048 [Worker-11: Launching practica06 - Practica06Application] INFO  o.a.m.s.f.DefaultMavenResourcesFiltering - Copying 0 resource from src\main\resources to target\classes
2025-01-16 11:19:45,052 [Worker-11: Launching practica06 - Practica06Application] INFO  o.a.m.s.f.DefaultMavenResourcesFiltering - Copying 0 resource from src\test\resources to target\test-classes
2025-01-16 11:20:53,644 [Worker-5: Building] INFO  o.a.m.s.f.DefaultMavenResourcesFiltering - Copying 1 resource from src\main\resources to target\classes
2025-01-16 11:20:53,647 [Worker-5: Building] INFO  o.a.m.s.f.DefaultMavenResourcesFiltering - Copying 0 resource from src\main\resources to target\classes
2025-01-16 11:20:53,648 [Worker-5: Building] INFO  o.a.m.s.f.DefaultMavenResourcesFiltering - Copying 0 resource from src\test\resources to target\test-classes
2025-01-16 11:21:37,054 [Worker-21: Building] INFO  o.a.m.s.f.DefaultMavenResourcesFiltering - Copying 1 resource from src\main\resources to target\classes
2025-01-16 11:21:37,057 [Worker-21: Building] INFO  o.a.m.s.f.DefaultMavenResourcesFiltering - Copying 0 resource from src\main\resources to target\classes
2025-01-16 11:21:37,059 [Worker-21: Building] INFO  o.a.m.s.f.DefaultMavenResourcesFiltering - Copying 0 resource from src\test\resources to target\test-classes
2025-01-16 11:23:51,452 [Worker-10: Building] INFO  o.a.m.s.f.DefaultMavenResourcesFiltering - Copying 1 resource from src\main\resources to target\classes
2025-01-16 11:23:51,457 [Worker-10: Building] INFO  o.a.m.s.f.DefaultMavenResourcesFiltering - Copying 0 resource from src\main\resources to target\classes
2025-01-16 11:23:51,459 [Worker-10: Building] INFO  o.a.m.s.f.DefaultMavenResourcesFiltering - Copying 0 resource from src\test\resources to target\test-classes
2025-01-16 11:26:51,898 [Worker-32: Building] INFO  o.a.m.s.f.DefaultMavenResourcesFiltering - Copying 1 resource from src\main\resources to target\classes
2025-01-16 11:26:51,904 [Worker-32: Building] INFO  o.a.m.s.f.DefaultMavenResourcesFiltering - Copying 0 resource from src\main\resources to target\classes
2025-01-16 11:26:51,906 [Worker-32: Building] INFO  o.a.m.s.f.DefaultMavenResourcesFiltering - Copying 0 resource from src\test\resources to target\test-classes
2025-01-16 16:39:12,618 [Worker-6: Loading available Gradle versions] INFO  o.e.b.c.i.u.g.PublishedGradleVersions - Gradle version information cache is up-to-date. Trying to read.
2025-01-16 16:46:49,451 [Worker-15: Launching practica06 - Practica06Application] INFO  o.a.m.s.f.DefaultMavenResourcesFiltering - Copying 1 resource from src\main\resources to target\classes
2025-01-16 16:46:49,474 [Worker-15: Launching practica06 - Practica06Application] INFO  o.a.m.s.f.DefaultMavenResourcesFiltering - Copying 0 resource from src\main\resources to target\classes
2025-01-16 16:46:49,482 [Worker-15: Launching practica06 - Practica06Application] INFO  o.a.m.s.f.DefaultMavenResourcesFiltering - Copying 0 resource from src\test\resources to target\test-classes
2025-01-16 16:49:26,158 [Worker-7: Building] INFO  o.a.m.s.f.DefaultMavenResourcesFiltering - Copying 1 resource from src\main\resources to target\classes
2025-01-16 16:49:26,169 [Worker-7: Building] INFO  o.a.m.s.f.DefaultMavenResourcesFiltering - Copying 0 resource from src\main\resources to target\classes
2025-01-16 16:49:26,176 [Worker-7: Building] INFO  o.a.m.s.f.DefaultMavenResourcesFiltering - Copying 0 resource from src\test\resources to target\test-classes
2025-01-16 16:50:02,184 [Worker-26: Building] INFO  o.a.m.s.f.DefaultMavenResourcesFiltering - Copying 1 resource from src\main\resources to target\classes
2025-01-16 16:50:02,192 [Worker-26: Building] INFO  o.a.m.s.f.DefaultMavenResourcesFiltering - Copying 0 resource from src\main\resources to target\classes
2025-01-16 16:50:02,200 [Worker-26: Building] INFO  o.a.m.s.f.DefaultMavenResourcesFiltering - Copying 0 resource from src\test\resources to target\test-classes
2025-01-16 16:51:09,453 [Worker-6: Launching practica06 - Practica06Application] INFO  o.a.m.s.f.DefaultMavenResourcesFiltering - Copying 1 resource from src\main\resources to target\classes
2025-01-16 16:51:09,475 [Worker-6: Launching practica06 - Practica06Application] INFO  o.a.m.s.f.DefaultMavenResourcesFiltering - Copying 0 resource from src\main\resources to target\classes
2025-01-16 16:51:09,488 [Worker-6: Launching practica06 - Practica06Application] INFO  o.a.m.s.f.DefaultMavenResourcesFiltering - Copying 0 resource from src\test\resources to target\test-classes
2025-01-17 15:27:29,365 [Worker-7: Loading available Gradle versions] INFO  o.e.b.c.i.u.g.PublishedGradleVersions - Gradle version information cache is out-of-date. Trying to update.
2025-01-17 15:33:03,232 [Worker-4: Loading available Gradle versions] INFO  o.e.b.c.i.u.g.PublishedGradleVersions - Gradle version information cache is up-to-date. Trying to read.
2025-01-17 15:33:18,625 [Worker-8: Building] INFO  o.a.m.s.f.DefaultMavenResourcesFiltering - skip non existing resourceDirectory C:\STS\springProjects\biblioteca1\src\main\resources
2025-01-17 15:33:18,632 [Worker-8: Building] INFO  o.a.m.s.f.DefaultMavenResourcesFiltering - skip non existing resourceDirectory C:\STS\springProjects\biblioteca1\src\test\resources
2025-01-17 15:33:19,869 [Worker-8: Building] INFO  o.a.m.s.f.DefaultMavenResourcesFiltering - skip non existing resourceDirectory C:\STS\springProjects\bibliotecah2\src\main\resources
2025-01-17 15:33:19,874 [Worker-8: Building] INFO  o.a.m.s.f.DefaultMavenResourcesFiltering - skip non existing resourceDirectory C:\STS\springProjects\bibliotecah2\src\test\resources
2025-01-17 15:33:19,931 [Worker-15: Updating Maven Dependencies] INFO  o.e.m.c.i.l.LifecycleMappingFactory - Using org.eclipse.m2e.jdt.JarLifecycleMapping lifecycle mapping for MavenProject: com.jose.springboot.backend:mvc:1 @ C:\STS\springProjects\practica06\pom.xml.
2025-01-17 15:33:22,275 [Worker-1: Building] INFO  o.a.m.s.f.DefaultMavenResourcesFiltering - Copying 1 resource from src\main\resources to target\classes
2025-01-17 15:33:22,327 [Worker-1: Building] INFO  o.a.m.s.f.DefaultMavenResourcesFiltering - Copying 1 resource from src\main\resources to target\classes
2025-01-17 15:33:22,333 [Worker-1: Building] INFO  o.a.m.s.f.DefaultMavenResourcesFiltering - Copying 0 resource from src\test\resources to target\test-classes
2025-01-17 15:33:22,672 [Worker-1: Building] INFO  o.a.m.s.f.DefaultMavenResourcesFiltering - skip non existing resourceDirectory C:\STS\springProjects\hibernateanotaciones1\src\main\resources
2025-01-17 15:33:22,676 [Worker-1: Building] INFO  o.a.m.s.f.DefaultMavenResourcesFiltering - skip non existing resourceDirectory C:\STS\springProjects\hibernateanotaciones1\src\test\resources
2025-01-17 15:33:22,835 [Worker-1: Building] INFO  o.a.m.s.f.DefaultMavenResourcesFiltering - skip non existing resourceDirectory C:\STS\springProjects\hibernateanotaciones2\src\main\resources
2025-01-17 15:33:22,837 [Worker-1: Building] INFO  o.a.m.s.f.DefaultMavenResourcesFiltering - skip non existing resourceDirectory C:\STS\springProjects\hibernateanotaciones2\src\test\resources
2025-01-17 15:33:23,168 [Worker-1: Building] INFO  o.a.m.s.f.DefaultMavenResourcesFiltering - skip non existing resourceDirectory C:\STS\springProjects\hibernateanotaciones3\src\main\resources
2025-01-17 15:33:23,172 [Worker-1: Building] INFO  o.a.m.s.f.DefaultMavenResourcesFiltering - skip non existing resourceDirectory C:\STS\springProjects\hibernateanotaciones3\src\test\resources
2025-01-17 15:33:23,407 [Worker-1: Building] INFO  o.a.m.s.f.DefaultMavenResourcesFiltering - skip non existing resourceDirectory C:\STS\springProjects\practica04\src\main\resources
2025-01-17 15:33:23,409 [Worker-1: Building] INFO  o.a.m.s.f.DefaultMavenResourcesFiltering - skip non existing resourceDirectory C:\STS\springProjects\practica04\src\test\resources
2025-01-17 15:33:24,066 [Worker-10: Building] INFO  o.a.m.s.f.DefaultMavenResourcesFiltering - Copying 1 resource from src\main\resources to target\classes
2025-01-17 15:33:24,094 [Worker-10: Building] INFO  o.a.m.s.f.DefaultMavenResourcesFiltering - Copying 0 resource from src\main\resources to target\classes
2025-01-17 15:33:24,100 [Worker-10: Building] INFO  o.a.m.s.f.DefaultMavenResourcesFiltering - Copying 0 resource from src\test\resources to target\test-classes
2025-01-17 16:40:53,508 [Worker-49: Building] INFO  o.a.m.s.f.DefaultMavenResourcesFiltering - Copying 1 resource from src\main\resources to target\classes
2025-01-17 16:40:53,513 [Worker-49: Building] INFO  o.a.m.s.f.DefaultMavenResourcesFiltering - Copying 0 resource from src\main\resources to target\classes
2025-01-17 16:40:53,515 [Worker-49: Building] INFO  o.a.m.s.f.DefaultMavenResourcesFiltering - Copying 0 resource from src\test\resources to target\test-classes
2025-01-17 16:43:46,889 [Worker-54: Building] INFO  o.a.m.s.f.DefaultMavenResourcesFiltering - Copying 1 resource from src\main\resources to target\classes
2025-01-17 16:43:46,897 [Worker-54: Building] INFO  o.a.m.s.f.DefaultMavenResourcesFiltering - Copying 0 resource from src\main\resources to target\classes
2025-01-17 16:43:46,900 [Worker-54: Building] INFO  o.a.m.s.f.DefaultMavenResourcesFiltering - Copying 0 resource from src\test\resources to target\test-classes
2025-01-17 16:44:25,929 [Worker-44: Building] INFO  o.a.m.s.f.DefaultMavenResourcesFiltering - Copying 1 resource from src\main\resources to target\classes
2025-01-17 16:44:25,933 [Worker-44: Building] INFO  o.a.m.s.f.DefaultMavenResourcesFiltering - Copying 0 resource from src\main\resources to target\classes
2025-01-17 16:44:25,935 [Worker-44: Building] INFO  o.a.m.s.f.DefaultMavenResourcesFiltering - Copying 0 resource from src\test\resources to target\test-classes
2025-01-17 16:44:48,014 [Worker-57: Building] INFO  o.a.m.s.f.DefaultMavenResourcesFiltering - Copying 1 resource from src\main\resources to target\classes
2025-01-17 16:44:48,048 [Worker-57: Building] INFO  o.a.m.s.f.DefaultMavenResourcesFiltering - Copying 1 resource from src\main\resources to target\classes
2025-01-17 16:44:48,055 [Worker-57: Building] INFO  o.a.m.s.f.DefaultMavenResourcesFiltering - Copying 0 resource from src\test\resources to target\test-classes
2025-01-17 16:45:09,601 [Worker-55: Building] INFO  o.a.m.s.f.DefaultMavenResourcesFiltering - Copying 1 resource from src\main\resources to target\classes
2025-01-17 16:45:09,607 [Worker-55: Building] INFO  o.a.m.s.f.DefaultMavenResourcesFiltering - Copying 0 resource from src\main\resources to target\classes
2025-01-17 16:45:09,611 [Worker-55: Building] INFO  o.a.m.s.f.DefaultMavenResourcesFiltering - Copying 0 resource from src\test\resources to target\test-classes
2025-01-17 16:48:14,149 [Worker-55: Building] INFO  o.a.m.s.f.DefaultMavenResourcesFiltering - Copying 0 resource from src\main\resources to target\classes
2025-01-17 16:48:14,150 [Worker-55: Building] INFO  o.a.m.s.f.DefaultMavenResourcesFiltering - Copying 1 resource from src\main\resources to target\classes
2025-01-17 16:48:14,188 [Worker-55: Building] INFO  o.a.m.s.f.DefaultMavenResourcesFiltering - Copying 0 resource from src\test\resources to target\test-classes
2025-01-17 16:49:33,339 [Worker-57: Building] INFO  o.a.m.s.f.DefaultMavenResourcesFiltering - Copying 0 resource from src\main\resources to target\classes
2025-01-17 16:49:33,340 [Worker-57: Building] INFO  o.a.m.s.f.DefaultMavenResourcesFiltering - Copying 1 resource from src\main\resources to target\classes
2025-01-17 16:49:33,343 [Worker-57: Building] INFO  o.a.m.s.f.DefaultMavenResourcesFiltering - Copying 0 resource from src\test\resources to target\test-classes
2025-01-17 16:51:41,806 [Worker-58: Building] INFO  o.a.m.s.f.DefaultMavenResourcesFiltering - Copying 1 resource from src\main\resources to target\classes
2025-01-17 16:51:41,824 [Worker-58: Building] INFO  o.a.m.s.f.DefaultMavenResourcesFiltering - Copying 2 resources from src\main\resources to target\classes
2025-01-17 16:51:41,836 [Worker-58: Building] INFO  o.a.m.s.f.DefaultMavenResourcesFiltering - Copying 0 resource from src\test\resources to target\test-classes
2025-01-17 17:29:38,868 [Worker-7: Loading available Gradle versions] INFO  o.e.b.c.i.u.g.PublishedGradleVersions - Gradle version information cache is up-to-date. Trying to read.
2025-01-17 17:32:33,776 [Worker-5: Building] INFO  o.a.m.s.f.DefaultMavenResourcesFiltering - Copying 1 resource from src\main\resources to target\classes
2025-01-17 17:32:33,798 [Worker-5: Building] INFO  o.a.m.s.f.DefaultMavenResourcesFiltering - Copying 0 resource from src\main\resources to target\classes
2025-01-17 17:32:33,803 [Worker-5: Building] INFO  o.a.m.s.f.DefaultMavenResourcesFiltering - Copying 0 resource from src\test\resources to target\test-classes
2025-01-17 17:33:36,058 [Worker-19: Building] INFO  o.a.m.s.f.DefaultMavenResourcesFiltering - Copying 1 resource from src\main\resources to target\classes
2025-01-17 17:33:36,063 [Worker-19: Building] INFO  o.a.m.s.f.DefaultMavenResourcesFiltering - Copying 0 resource from src\main\resources to target\classes
2025-01-17 17:33:36,066 [Worker-19: Building] INFO  o.a.m.s.f.DefaultMavenResourcesFiltering - Copying 0 resource from src\test\resources to target\test-classes
2025-01-17 17:33:51,910 [Worker-23: Building] INFO  o.a.m.s.f.DefaultMavenResourcesFiltering - Copying 1 resource from src\main\resources to target\classes
2025-01-17 17:33:51,916 [Worker-23: Building] INFO  o.a.m.s.f.DefaultMavenResourcesFiltering - Copying 0 resource from src\main\resources to target\classes
2025-01-17 17:33:51,919 [Worker-23: Building] INFO  o.a.m.s.f.DefaultMavenResourcesFiltering - Copying 0 resource from src\test\resources to target\test-classes
2025-01-17 17:34:02,898 [Worker-17: Building] INFO  o.a.m.s.f.DefaultMavenResourcesFiltering - Copying 1 resource from src\main\resources to target\classes
2025-01-17 17:34:02,901 [Worker-17: Building] INFO  o.a.m.s.f.DefaultMavenResourcesFiltering - Copying 0 resource from src\main\resources to target\classes
2025-01-17 17:34:02,903 [Worker-17: Building] INFO  o.a.m.s.f.DefaultMavenResourcesFiltering - Copying 0 resource from src\test\resources to target\test-classes
2025-01-17 17:34:09,520 [Worker-25: Building] INFO  o.a.m.s.f.DefaultMavenResourcesFiltering - Copying 1 resource from src\main\resources to target\classes
2025-01-17 17:34:09,524 [Worker-25: Building] INFO  o.a.m.s.f.DefaultMavenResourcesFiltering - Copying 0 resource from src\main\resources to target\classes
2025-01-17 17:34:09,526 [Worker-25: Building] INFO  o.a.m.s.f.DefaultMavenResourcesFiltering - Copying 0 resource from src\test\resources to target\test-classes
2025-01-17 17:34:25,832 [Worker-12: Building] INFO  o.a.m.s.f.DefaultMavenResourcesFiltering - Copying 1 resource from src\main\resources to target\classes
2025-01-17 17:34:25,835 [Worker-12: Building] INFO  o.a.m.s.f.DefaultMavenResourcesFiltering - Copying 0 resource from src\main\resources to target\classes
2025-01-17 17:34:25,837 [Worker-12: Building] INFO  o.a.m.s.f.DefaultMavenResourcesFiltering - Copying 0 resource from src\test\resources to target\test-classes
2025-01-17 17:34:30,873 [Worker-24: Building] INFO  o.a.m.s.f.DefaultMavenResourcesFiltering - Copying 1 resource from src\main\resources to target\classes
2025-01-17 17:34:30,877 [Worker-24: Building] INFO  o.a.m.s.f.DefaultMavenResourcesFiltering - Copying 0 resource from src\main\resources to target\classes
2025-01-17 17:34:30,879 [Worker-24: Building] INFO  o.a.m.s.f.DefaultMavenResourcesFiltering - Copying 0 resource from src\test\resources to target\test-classes
2025-01-17 17:34:52,196 [Worker-26: Building] INFO  o.a.m.s.f.DefaultMavenResourcesFiltering - Copying 1 resource from src\main\resources to target\classes
2025-01-17 17:34:52,200 [Worker-26: Building] INFO  o.a.m.s.f.DefaultMavenResourcesFiltering - Copying 0 resource from src\main\resources to target\classes
2025-01-17 17:34:52,202 [Worker-26: Building] INFO  o.a.m.s.f.DefaultMavenResourcesFiltering - Copying 0 resource from src\test\resources to target\test-classes
2025-01-17 17:36:25,204 [Worker-15: Building] INFO  o.a.m.s.f.DefaultMavenResourcesFiltering - Copying 1 resource from src\main\resources to target\classes
2025-01-17 17:36:25,210 [Worker-15: Building] INFO  o.a.m.s.f.DefaultMavenResourcesFiltering - Copying 0 resource from src\main\resources to target\classes
2025-01-17 17:36:25,212 [Worker-15: Building] INFO  o.a.m.s.f.DefaultMavenResourcesFiltering - Copying 0 resource from src\test\resources to target\test-classes
2025-01-17 17:41:33,436 [Worker-30: Building] INFO  o.a.m.s.f.DefaultMavenResourcesFiltering - Copying 1 resource from src\main\resources to target\classes
2025-01-17 17:41:33,440 [Worker-30: Building] INFO  o.a.m.s.f.DefaultMavenResourcesFiltering - Copying 0 resource from src\main\resources to target\classes
2025-01-17 17:41:33,444 [Worker-30: Building] INFO  o.a.m.s.f.DefaultMavenResourcesFiltering - Copying 0 resource from src\test\resources to target\test-classes
2025-01-17 17:44:12,558 [Worker-29: Building] INFO  o.a.m.s.f.DefaultMavenResourcesFiltering - Copying 1 resource from src\main\resources to target\classes
2025-01-17 17:44:12,563 [Worker-29: Building] INFO  o.a.m.s.f.DefaultMavenResourcesFiltering - Copying 0 resource from src\main\resources to target\classes
2025-01-17 17:44:12,565 [Worker-29: Building] INFO  o.a.m.s.f.DefaultMavenResourcesFiltering - Copying 0 resource from src\test\resources to target\test-classes
2025-01-17 17:47:23,595 [Worker-38: Building] INFO  o.a.m.s.f.DefaultMavenResourcesFiltering - Copying 1 resource from src\main\resources to target\classes
2025-01-17 17:47:23,600 [Worker-38: Building] INFO  o.a.m.s.f.DefaultMavenResourcesFiltering - Copying 0 resource from src\main\resources to target\classes
2025-01-17 17:47:23,602 [Worker-38: Building] INFO  o.a.m.s.f.DefaultMavenResourcesFiltering - Copying 0 resource from src\test\resources to target\test-classes
2025-01-17 17:47:44,859 [Worker-33: Launching practica06 - Practica06Application] INFO  o.a.m.s.f.DefaultMavenResourcesFiltering - Copying 1 resource from src\main\resources to target\classes
2025-01-17 17:47:44,865 [Worker-33: Launching practica06 - Practica06Application] INFO  o.a.m.s.f.DefaultMavenResourcesFiltering - Copying 0 resource from src\main\resources to target\classes
2025-01-17 17:47:44,870 [Worker-33: Launching practica06 - Practica06Application] INFO  o.a.m.s.f.DefaultMavenResourcesFiltering - Copying 0 resource from src\test\resources to target\test-classes
2025-01-17 17:48:07,224 [Worker-43: Building] INFO  o.a.m.s.f.DefaultMavenResourcesFiltering - Copying 1 resource from src\main\resources to target\classes
2025-01-17 17:48:07,227 [Worker-43: Building] INFO  o.a.m.s.f.DefaultMavenResourcesFiltering - Copying 0 resource from src\main\resources to target\classes
2025-01-17 17:48:07,230 [Worker-43: Building] INFO  o.a.m.s.f.DefaultMavenResourcesFiltering - Copying 0 resource from src\test\resources to target\test-classes
2025-01-17 17:49:08,290 [Worker-39: Building] INFO  o.a.m.s.f.DefaultMavenResourcesFiltering - Copying 1 resource from src\main\resources to target\classes
2025-01-17 17:49:08,293 [Worker-39: Building] INFO  o.a.m.s.f.DefaultMavenResourcesFiltering - Copying 0 resource from src\main\resources to target\classes
2025-01-17 17:49:08,295 [Worker-39: Building] INFO  o.a.m.s.f.DefaultMavenResourcesFiltering - Copying 0 resource from src\test\resources to target\test-classes
2025-01-17 17:55:02,198 [Worker-45: Building] INFO  o.a.m.s.f.DefaultMavenResourcesFiltering - Copying 1 resource from src\main\resources to target\classes
2025-01-17 17:55:02,203 [Worker-45: Building] INFO  o.a.m.s.f.DefaultMavenResourcesFiltering - Copying 0 resource from src\main\resources to target\classes
2025-01-17 17:55:02,205 [Worker-45: Building] INFO  o.a.m.s.f.DefaultMavenResourcesFiltering - Copying 0 resource from src\test\resources to target\test-classes
2025-01-17 17:56:28,869 [Worker-45: Building] INFO  o.a.m.s.f.DefaultMavenResourcesFiltering - Copying 1 resource from src\main\resources to target\classes
2025-01-17 17:56:28,872 [Worker-45: Building] INFO  o.a.m.s.f.DefaultMavenResourcesFiltering - Copying 0 resource from src\main\resources to target\classes
2025-01-17 17:56:28,873 [Worker-45: Building] INFO  o.a.m.s.f.DefaultMavenResourcesFiltering - Copying 0 resource from src\test\resources to target\test-classes
2025-01-17 17:58:10,180 [Worker-49: Building] INFO  o.a.m.s.f.DefaultMavenResourcesFiltering - Copying 1 resource from src\main\resources to target\classes
2025-01-17 17:58:10,183 [Worker-49: Building] INFO  o.a.m.s.f.DefaultMavenResourcesFiltering - Copying 0 resource from src\main\resources to target\classes
2025-01-17 17:58:10,185 [Worker-49: Building] INFO  o.a.m.s.f.DefaultMavenResourcesFiltering - Copying 0 resource from src\test\resources to target\test-classes
2025-01-17 17:59:59,025 [Worker-35: Building] INFO  o.a.m.s.f.DefaultMavenResourcesFiltering - Copying 1 resource from src\main\resources to target\classes
2025-01-17 17:59:59,030 [Worker-35: Building] INFO  o.a.m.s.f.DefaultMavenResourcesFiltering - Copying 0 resource from src\main\resources to target\classes
2025-01-17 17:59:59,032 [Worker-35: Building] INFO  o.a.m.s.f.DefaultMavenResourcesFiltering - Copying 0 resource from src\test\resources to target\test-classes
2025-01-17 18:10:28,065 [Worker-54: Building] INFO  o.a.m.s.f.DefaultMavenResourcesFiltering - Copying 1 resource from src\main\resources to target\classes
2025-01-17 18:10:28,070 [Worker-54: Building] INFO  o.a.m.s.f.DefaultMavenResourcesFiltering - Copying 0 resource from src\main\resources to target\classes
2025-01-17 18:10:28,072 [Worker-54: Building] INFO  o.a.m.s.f.DefaultMavenResourcesFiltering - Copying 0 resource from src\test\resources to target\test-classes
2025-01-17 18:11:01,866 [Worker-56: Building] INFO  o.a.m.s.f.DefaultMavenResourcesFiltering - Copying 1 resource from src\main\resources to target\classes
2025-01-17 18:11:01,878 [Worker-56: Building] INFO  o.a.m.s.f.DefaultMavenResourcesFiltering - Copying 0 resource from src\main\resources to target\classes
2025-01-17 18:11:01,884 [Worker-56: Building] INFO  o.a.m.s.f.DefaultMavenResourcesFiltering - Copying 0 resource from src\test\resources to target\test-classes
2025-01-17 18:18:08,213 [Worker-61: Building] INFO  o.a.m.s.f.DefaultMavenResourcesFiltering - Copying 1 resource from src\main\resources to target\classes
2025-01-17 18:18:08,219 [Worker-61: Building] INFO  o.a.m.s.f.DefaultMavenResourcesFiltering - Copying 0 resource from src\main\resources to target\classes
2025-01-17 18:18:08,221 [Worker-61: Building] INFO  o.a.m.s.f.DefaultMavenResourcesFiltering - Copying 0 resource from src\test\resources to target\test-classes
2025-01-17 18:18:22,964 [Worker-59: Building] INFO  o.a.m.s.f.DefaultMavenResourcesFiltering - Copying 1 resource from src\main\resources to target\classes
2025-01-17 18:18:22,969 [Worker-59: Building] INFO  o.a.m.s.f.DefaultMavenResourcesFiltering - Copying 0 resource from src\main\resources to target\classes
2025-01-17 18:18:22,970 [Worker-59: Building] INFO  o.a.m.s.f.DefaultMavenResourcesFiltering - Copying 0 resource from src\test\resources to target\test-classes
2025-01-17 18:21:34,516 [Worker-61: Building] INFO  o.a.m.s.f.DefaultMavenResourcesFiltering - Copying 1 resource from src\main\resources to target\classes
2025-01-17 18:21:34,522 [Worker-61: Building] INFO  o.a.m.s.f.DefaultMavenResourcesFiltering - Copying 0 resource from src\main\resources to target\classes
2025-01-17 18:21:34,523 [Worker-61: Building] INFO  o.a.m.s.f.DefaultMavenResourcesFiltering - Copying 0 resource from src\test\resources to target\test-classes
2025-01-17 18:21:58,777 [Worker-62: Building] INFO  o.a.m.s.f.DefaultMavenResourcesFiltering - Copying 1 resource from src\main\resources to target\classes
2025-01-17 18:21:58,779 [Worker-62: Building] INFO  o.a.m.s.f.DefaultMavenResourcesFiltering - Copying 0 resource from src\main\resources to target\classes
2025-01-17 18:21:58,781 [Worker-62: Building] INFO  o.a.m.s.f.DefaultMavenResourcesFiltering - Copying 0 resource from src\test\resources to target\test-classes
2025-01-17 18:23:27,829 [Worker-60: Building] INFO  o.a.m.s.f.DefaultMavenResourcesFiltering - Copying 1 resource from src\main\resources to target\classes
2025-01-17 18:23:27,833 [Worker-60: Building] INFO  o.a.m.s.f.DefaultMavenResourcesFiltering - Copying 0 resource from src\main\resources to target\classes
2025-01-17 18:23:27,836 [Worker-60: Building] INFO  o.a.m.s.f.DefaultMavenResourcesFiltering - Copying 0 resource from src\test\resources to target\test-classes
2025-01-17 18:23:36,928 [Worker-63: Building] INFO  o.a.m.s.f.DefaultMavenResourcesFiltering - Copying 1 resource from src\main\resources to target\classes
2025-01-17 18:23:36,932 [Worker-63: Building] INFO  o.a.m.s.f.DefaultMavenResourcesFiltering - Copying 0 resource from src\main\resources to target\classes
2025-01-17 18:23:36,934 [Worker-63: Building] INFO  o.a.m.s.f.DefaultMavenResourcesFiltering - Copying 0 resource from src\test\resources to target\test-classes
2025-01-17 18:23:41,496 [Worker-62: Building] INFO  o.a.m.s.f.DefaultMavenResourcesFiltering - Copying 1 resource from src\main\resources to target\classes
2025-01-17 18:23:41,499 [Worker-62: Building] INFO  o.a.m.s.f.DefaultMavenResourcesFiltering - Copying 0 resource from src\main\resources to target\classes
2025-01-17 18:23:41,501 [Worker-62: Building] INFO  o.a.m.s.f.DefaultMavenResourcesFiltering - Copying 0 resource from src\test\resources to target\test-classes
2025-01-17 18:25:02,035 [Worker-63: Building] INFO  o.a.m.s.f.DefaultMavenResourcesFiltering - Copying 1 resource from src\main\resources to target\classes
2025-01-17 18:25:02,037 [Worker-63: Building] INFO  o.a.m.s.f.DefaultMavenResourcesFiltering - Copying 0 resource from src\main\resources to target\classes
2025-01-17 18:25:02,039 [Worker-63: Building] INFO  o.a.m.s.f.DefaultMavenResourcesFiltering - Copying 0 resource from src\test\resources to target\test-classes
2025-01-17 18:25:21,815 [Worker-57: Building] INFO  o.a.m.s.f.DefaultMavenResourcesFiltering - Copying 1 resource from src\main\resources to target\classes
2025-01-17 18:25:21,818 [Worker-57: Building] INFO  o.a.m.s.f.DefaultMavenResourcesFiltering - Copying 0 resource from src\main\resources to target\classes
2025-01-17 18:25:21,820 [Worker-57: Building] INFO  o.a.m.s.f.DefaultMavenResourcesFiltering - Copying 0 resource from src\test\resources to target\test-classes
2025-01-17 18:25:32,622 [Worker-59: Building] INFO  o.a.m.s.f.DefaultMavenResourcesFiltering - Copying 1 resource from src\main\resources to target\classes
2025-01-17 18:25:32,625 [Worker-59: Building] INFO  o.a.m.s.f.DefaultMavenResourcesFiltering - Copying 0 resource from src\main\resources to target\classes
2025-01-17 18:25:32,627 [Worker-59: Building] INFO  o.a.m.s.f.DefaultMavenResourcesFiltering - Copying 0 resource from src\test\resources to target\test-classes
2025-01-17 18:26:14,293 [Worker-61: Building] INFO  o.a.m.s.f.DefaultMavenResourcesFiltering - Copying 1 resource from src\main\resources to target\classes
2025-01-17 18:26:14,298 [Worker-61: Building] INFO  o.a.m.s.f.DefaultMavenResourcesFiltering - Copying 0 resource from src\main\resources to target\classes
2025-01-17 18:26:14,299 [Worker-61: Building] INFO  o.a.m.s.f.DefaultMavenResourcesFiltering - Copying 0 resource from src\test\resources to target\test-classes
2025-01-17 18:26:58,562 [Worker-60: Building] INFO  o.a.m.s.f.DefaultMavenResourcesFiltering - Copying 1 resource from src\main\resources to target\classes
2025-01-17 18:26:58,567 [Worker-60: Building] INFO  o.a.m.s.f.DefaultMavenResourcesFiltering - Copying 0 resource from src\main\resources to target\classes
2025-01-17 18:26:58,568 [Worker-60: Building] INFO  o.a.m.s.f.DefaultMavenResourcesFiltering - Copying 0 resource from src\test\resources to target\test-classes
2025-01-17 18:32:34,695 [Worker-61: Building] INFO  o.a.m.s.f.DefaultMavenResourcesFiltering - Copying 1 resource from src\main\resources to target\classes
2025-01-17 18:32:34,700 [Worker-61: Building] INFO  o.a.m.s.f.DefaultMavenResourcesFiltering - Copying 0 resource from src\main\resources to target\classes
2025-01-17 18:32:34,702 [Worker-61: Building] INFO  o.a.m.s.f.DefaultMavenResourcesFiltering - Copying 0 resource from src\test\resources to target\test-classes
2025-01-17 18:57:16,242 [Worker-68: Building] INFO  o.a.m.s.f.DefaultMavenResourcesFiltering - Copying 1 resource from src\main\resources to target\classes
2025-01-17 18:57:16,247 [Worker-68: Building] INFO  o.a.m.s.f.DefaultMavenResourcesFiltering - Copying 0 resource from src\main\resources to target\classes
2025-01-17 18:57:16,249 [Worker-68: Building] INFO  o.a.m.s.f.DefaultMavenResourcesFiltering - Copying 0 resource from src\test\resources to target\test-classes
2025-01-17 18:57:35,770 [Worker-71: Building] INFO  o.a.m.s.f.DefaultMavenResourcesFiltering - Copying 1 resource from src\main\resources to target\classes
2025-01-17 18:57:35,774 [Worker-71: Building] INFO  o.a.m.s.f.DefaultMavenResourcesFiltering - Copying 0 resource from src\main\resources to target\classes
2025-01-17 18:57:35,775 [Worker-71: Building] INFO  o.a.m.s.f.DefaultMavenResourcesFiltering - Copying 0 resource from src\test\resources to target\test-classes
2025-01-17 18:58:11,823 [Worker-75: Building] INFO  o.a.m.s.f.DefaultMavenResourcesFiltering - Copying 1 resource from src\main\resources to target\classes
2025-01-17 18:58:11,826 [Worker-75: Building] INFO  o.a.m.s.f.DefaultMavenResourcesFiltering - Copying 0 resource from src\main\resources to target\classes
2025-01-17 18:58:11,829 [Worker-75: Building] INFO  o.a.m.s.f.DefaultMavenResourcesFiltering - Copying 0 resource from src\test\resources to target\test-classes
2025-01-17 18:59:04,880 [Worker-73: Building] INFO  o.a.m.s.f.DefaultMavenResourcesFiltering - Copying 1 resource from src\main\resources to target\classes
2025-01-17 18:59:04,885 [Worker-73: Building] INFO  o.a.m.s.f.DefaultMavenResourcesFiltering - Copying 0 resource from src\main\resources to target\classes
2025-01-17 18:59:04,886 [Worker-73: Building] INFO  o.a.m.s.f.DefaultMavenResourcesFiltering - Copying 0 resource from src\test\resources to target\test-classes
2025-01-17 18:59:56,763 [Worker-68: Building] INFO  o.a.m.s.f.DefaultMavenResourcesFiltering - Copying 1 resource from src\main\resources to target\classes
2025-01-17 18:59:56,769 [Worker-68: Building] INFO  o.a.m.s.f.DefaultMavenResourcesFiltering - Copying 0 resource from src\main\resources to target\classes
2025-01-17 18:59:56,770 [Worker-68: Building] INFO  o.a.m.s.f.DefaultMavenResourcesFiltering - Copying 0 resource from src\test\resources to target\test-classes
2025-01-17 19:00:33,623 [Worker-73: Building] INFO  o.a.m.s.f.DefaultMavenResourcesFiltering - Copying 1 resource from src\main\resources to target\classes
2025-01-17 19:00:33,627 [Worker-73: Building] INFO  o.a.m.s.f.DefaultMavenResourcesFiltering - Copying 0 resource from src\main\resources to target\classes
2025-01-17 19:00:33,629 [Worker-73: Building] INFO  o.a.m.s.f.DefaultMavenResourcesFiltering - Copying 0 resource from src\test\resources to target\test-classes
2025-01-17 19:00:39,635 [Worker-71: Building] INFO  o.a.m.s.f.DefaultMavenResourcesFiltering - Copying 1 resource from src\main\resources to target\classes
2025-01-17 19:00:39,638 [Worker-71: Building] INFO  o.a.m.s.f.DefaultMavenResourcesFiltering - Copying 0 resource from src\main\resources to target\classes
2025-01-17 19:00:39,640 [Worker-71: Building] INFO  o.a.m.s.f.DefaultMavenResourcesFiltering - Copying 0 resource from src\test\resources to target\test-classes
2025-01-17 19:36:36,295 [Worker-4: Loading available Gradle versions] INFO  o.e.b.c.i.u.g.PublishedGradleVersions - Gradle version information cache is up-to-date. Trying to read.
2025-01-17 19:48:17,159 [Worker-28: Building] INFO  o.a.m.s.f.DefaultMavenResourcesFiltering - Copying 1 resource from src\main\resources to target\classes
2025-01-17 19:48:17,193 [Worker-28: Building] INFO  o.a.m.s.f.DefaultMavenResourcesFiltering - Copying 0 resource from src\main\resources to target\classes
2025-01-17 19:48:17,198 [Worker-28: Building] INFO  o.a.m.s.f.DefaultMavenResourcesFiltering - Copying 0 resource from src\test\resources to target\test-classes
2025-01-17 19:48:33,255 [Worker-23: Building] INFO  o.a.m.s.f.DefaultMavenResourcesFiltering - Copying 1 resource from src\main\resources to target\classes
2025-01-17 19:48:33,259 [Worker-23: Building] INFO  o.a.m.s.f.DefaultMavenResourcesFiltering - Copying 0 resource from src\main\resources to target\classes
2025-01-17 19:48:33,263 [Worker-23: Building] INFO  o.a.m.s.f.DefaultMavenResourcesFiltering - Copying 0 resource from src\test\resources to target\test-classes
2025-01-17 19:51:57,087 [Worker-29: Building] INFO  o.a.m.s.f.DefaultMavenResourcesFiltering - Copying 1 resource from src\main\resources to target\classes
2025-01-17 19:51:57,093 [Worker-29: Building] INFO  o.a.m.s.f.DefaultMavenResourcesFiltering - Copying 0 resource from src\main\resources to target\classes
2025-01-17 19:51:57,095 [Worker-29: Building] INFO  o.a.m.s.f.DefaultMavenResourcesFiltering - Copying 0 resource from src\test\resources to target\test-classes
2025-01-17 19:53:06,741 [Worker-32: Building] INFO  o.a.m.s.f.DefaultMavenResourcesFiltering - Copying 1 resource from src\main\resources to target\classes
2025-01-17 19:53:06,752 [Worker-32: Building] INFO  o.a.m.s.f.DefaultMavenResourcesFiltering - Copying 0 resource from src\main\resources to target\classes
2025-01-17 19:53:06,759 [Worker-32: Building] INFO  o.a.m.s.f.DefaultMavenResourcesFiltering - Copying 0 resource from src\test\resources to target\test-classes
2025-01-17 19:53:44,167 [Worker-4: Loading available Gradle versions] INFO  o.e.b.c.i.u.g.PublishedGradleVersions - Gradle version information cache is up-to-date. Trying to read.
2025-01-17 19:53:50,420 [Worker-14: Building] INFO  o.a.m.s.f.DefaultMavenResourcesFiltering - Copying 1 resource from src\main\resources to target\classes
2025-01-17 19:53:50,437 [Worker-14: Building] INFO  o.a.m.s.f.DefaultMavenResourcesFiltering - Copying 2 resources from src\main\resources to target\classes
2025-01-17 19:53:50,444 [Worker-14: Building] INFO  o.a.m.s.f.DefaultMavenResourcesFiltering - Copying 0 resource from src\test\resources to target\test-classes
2025-01-17 19:53:52,075 [Worker-16: Building] INFO  o.a.m.s.f.DefaultMavenResourcesFiltering - Copying 1 resource from src\main\resources to target\classes
2025-01-17 19:53:52,098 [Worker-16: Building] INFO  o.a.m.s.f.DefaultMavenResourcesFiltering - Copying 0 resource from src\main\resources to target\classes
2025-01-17 19:53:52,107 [Worker-16: Building] INFO  o.a.m.s.f.DefaultMavenResourcesFiltering - Copying 0 resource from src\test\resources to target\test-classes
2025-01-17 19:55:46,747 [Worker-12: Building] INFO  o.e.m.c.i.l.LifecycleMappingFactory - Using org.eclipse.m2e.jdt.JarLifecycleMapping lifecycle mapping for MavenProject: com.jose.springboot.backend:mvc:1 @ C:\STS\springProjects\practica06\pom.xml.
2025-01-17 19:55:47,219 [Worker-12: Building] INFO  o.a.m.s.f.DefaultMavenResourcesFiltering - Copying 0 resource from src\main\resources to target\classes
2025-01-17 19:55:47,220 [Worker-12: Building] INFO  o.a.m.s.f.DefaultMavenResourcesFiltering - Copying 0 resource from src\main\resources to target\classes
2025-01-17 19:55:47,223 [Worker-12: Building] INFO  o.a.m.s.f.DefaultMavenResourcesFiltering - Copying 0 resource from src\test\resources to target\test-classes
2025-01-17 19:55:48,754 [Worker-16: Building] INFO  o.a.m.s.f.DefaultMavenResourcesFiltering - Copying 1 resource from src\main\resources to target\classes
2025-01-17 19:55:48,788 [Worker-16: Building] INFO  o.a.m.s.f.DefaultMavenResourcesFiltering - Copying 0 resource from src\main\resources to target\classes
2025-01-17 19:55:48,791 [Worker-16: Building] INFO  o.a.m.s.f.DefaultMavenResourcesFiltering - Copying 0 resource from src\test\resources to target\test-classes
2025-01-17 19:56:48,923 [Worker-19: Building] INFO  o.a.m.s.f.DefaultMavenResourcesFiltering - Copying 1 resource from src\main\resources to target\classes
2025-01-17 19:56:48,942 [Worker-19: Building] INFO  o.a.m.s.f.DefaultMavenResourcesFiltering - Copying 0 resource from src\main\resources to target\classes
2025-01-17 19:56:48,947 [Worker-19: Building] INFO  o.a.m.s.f.DefaultMavenResourcesFiltering - Copying 0 resource from src\test\resources to target\test-classes
2025-01-17 20:00:56,596 [Worker-14: Building] INFO  o.a.m.s.f.DefaultMavenResourcesFiltering - Copying 1 resource from src\main\resources to target\classes
2025-01-17 20:00:56,602 [Worker-14: Building] INFO  o.a.m.s.f.DefaultMavenResourcesFiltering - Copying 0 resource from src\main\resources to target\classes
2025-01-17 20:00:56,605 [Worker-14: Building] INFO  o.a.m.s.f.DefaultMavenResourcesFiltering - Copying 0 resource from src\test\resources to target\test-classes
2025-01-17 20:08:05,385 [Worker-29: Building] INFO  o.a.m.s.f.DefaultMavenResourcesFiltering - Copying 1 resource from src\main\resources to target\classes
2025-01-17 20:08:05,392 [Worker-29: Building] INFO  o.a.m.s.f.DefaultMavenResourcesFiltering - Copying 0 resource from src\main\resources to target\classes
2025-01-17 20:08:05,394 [Worker-29: Building] INFO  o.a.m.s.f.DefaultMavenResourcesFiltering - Copying 0 resource from src\test\resources to target\test-classes
2025-01-17 20:09:02,181 [Worker-35: Building] INFO  o.a.m.s.f.DefaultMavenResourcesFiltering - Copying 1 resource from src\main\resources to target\classes
2025-01-17 20:09:02,185 [Worker-35: Building] INFO  o.a.m.s.f.DefaultMavenResourcesFiltering - Copying 0 resource from src\main\resources to target\classes
2025-01-17 20:09:02,189 [Worker-35: Building] INFO  o.a.m.s.f.DefaultMavenResourcesFiltering - Copying 0 resource from src\test\resources to target\test-classes
2025-01-17 20:10:38,718 [Worker-29: Building] INFO  o.a.m.s.f.DefaultMavenResourcesFiltering - Copying 1 resource from src\main\resources to target\classes
2025-01-17 20:10:38,732 [Worker-29: Building] INFO  o.a.m.s.f.DefaultMavenResourcesFiltering - Copying 0 resource from src\main\resources to target\classes
2025-01-17 20:10:38,736 [Worker-29: Building] INFO  o.a.m.s.f.DefaultMavenResourcesFiltering - Copying 0 resource from src\test\resources to target\test-classes
2025-01-17 20:11:50,285 [Worker-29: Building] INFO  o.a.m.s.f.DefaultMavenResourcesFiltering - Copying 1 resource from src\main\resources to target\classes
2025-01-17 20:11:50,289 [Worker-29: Building] INFO  o.a.m.s.f.DefaultMavenResourcesFiltering - Copying 2 resources from src\main\resources to target\classes
2025-01-17 20:11:50,291 [Worker-29: Building] INFO  o.a.m.s.f.DefaultMavenResourcesFiltering - Copying 0 resource from src\test\resources to target\test-classes
2025-01-17 20:13:12,693 [Worker-30: Building] INFO  o.a.m.s.f.DefaultMavenResourcesFiltering - Copying 1 resource from src\main\resources to target\classes
2025-01-17 20:13:12,697 [Worker-30: Building] INFO  o.a.m.s.f.DefaultMavenResourcesFiltering - Copying 0 resource from src\main\resources to target\classes
2025-01-17 20:13:12,700 [Worker-30: Building] INFO  o.a.m.s.f.DefaultMavenResourcesFiltering - Copying 0 resource from src\test\resources to target\test-classes
2025-01-17 20:14:35,550 [Worker-34: Building] INFO  o.a.m.s.f.DefaultMavenResourcesFiltering - Copying 1 resource from src\main\resources to target\classes
2025-01-17 20:14:35,553 [Worker-34: Building] INFO  o.a.m.s.f.DefaultMavenResourcesFiltering - Copying 0 resource from src\main\resources to target\classes
2025-01-17 20:14:35,557 [Worker-34: Building] INFO  o.a.m.s.f.DefaultMavenResourcesFiltering - Copying 0 resource from src\test\resources to target\test-classes
2025-01-17 20:14:51,338 [Worker-32: Building] INFO  o.a.m.s.f.DefaultMavenResourcesFiltering - Copying 1 resource from src\main\resources to target\classes
2025-01-17 20:14:51,341 [Worker-32: Building] INFO  o.a.m.s.f.DefaultMavenResourcesFiltering - Copying 0 resource from src\main\resources to target\classes
2025-01-17 20:14:51,343 [Worker-32: Building] INFO  o.a.m.s.f.DefaultMavenResourcesFiltering - Copying 0 resource from src\test\resources to target\test-classes
2025-01-17 20:17:29,827 [Worker-20: Building] INFO  o.a.m.s.f.DefaultMavenResourcesFiltering - Copying 1 resource from src\main\resources to target\classes
2025-01-17 20:17:29,832 [Worker-20: Building] INFO  o.a.m.s.f.DefaultMavenResourcesFiltering - Copying 0 resource from src\main\resources to target\classes
2025-01-17 20:17:29,834 [Worker-20: Building] INFO  o.a.m.s.f.DefaultMavenResourcesFiltering - Copying 0 resource from src\test\resources to target\test-classes
2025-01-22 15:32:15,105 [Worker-4: Loading available Gradle versions] INFO  o.e.b.c.i.u.g.PublishedGradleVersions - Gradle version information cache is out-of-date. Trying to update.
2025-01-22 15:33:25,393 [Worker-20: Building] INFO  o.a.m.s.f.DefaultMavenResourcesFiltering - Copying 1 resource from src\main\resources to target\classes
2025-01-22 15:33:25,409 [Worker-20: Building] INFO  o.a.m.s.f.DefaultMavenResourcesFiltering - Copying 0 resource from src\main\resources to target\classes
2025-01-22 15:33:25,416 [Worker-20: Building] INFO  o.a.m.s.f.DefaultMavenResourcesFiltering - Copying 0 resource from src\test\resources to target\test-classes
2025-01-22 15:33:41,458 [Worker-14: Building] INFO  o.a.m.s.f.DefaultMavenResourcesFiltering - Copying 1 resource from src\main\resources to target\classes
2025-01-22 15:33:41,462 [Worker-14: Building] INFO  o.a.m.s.f.DefaultMavenResourcesFiltering - Copying 0 resource from src\main\resources to target\classes
2025-01-22 15:33:41,465 [Worker-14: Building] INFO  o.a.m.s.f.DefaultMavenResourcesFiltering - Copying 0 resource from src\test\resources to target\test-classes
2025-01-22 15:36:26,704 [Worker-12: Building] INFO  o.a.m.s.f.DefaultMavenResourcesFiltering - Copying 1 resource from src\main\resources to target\classes
2025-01-22 15:36:26,708 [Worker-12: Building] INFO  o.a.m.s.f.DefaultMavenResourcesFiltering - Copying 0 resource from src\main\resources to target\classes
2025-01-22 15:36:26,710 [Worker-12: Building] INFO  o.a.m.s.f.DefaultMavenResourcesFiltering - Copying 0 resource from src\test\resources to target\test-classes
2025-01-22 15:38:07,003 [Worker-0: Building] INFO  o.a.m.s.f.DefaultMavenResourcesFiltering - Copying 1 resource from src\main\resources to target\classes
2025-01-22 15:38:07,006 [Worker-0: Building] INFO  o.a.m.s.f.DefaultMavenResourcesFiltering - Copying 0 resource from src\main\resources to target\classes
2025-01-22 15:38:07,009 [Worker-0: Building] INFO  o.a.m.s.f.DefaultMavenResourcesFiltering - Copying 0 resource from src\test\resources to target\test-classes
2025-01-22 15:38:12,555 [Worker-23: Building] INFO  o.a.m.s.f.DefaultMavenResourcesFiltering - Copying 1 resource from src\main\resources to target\classes
2025-01-22 15:38:12,559 [Worker-23: Building] INFO  o.a.m.s.f.DefaultMavenResourcesFiltering - Copying 0 resource from src\main\resources to target\classes
2025-01-22 15:38:12,561 [Worker-23: Building] INFO  o.a.m.s.f.DefaultMavenResourcesFiltering - Copying 0 resource from src\test\resources to target\test-classes
2025-01-22 15:39:32,833 [Worker-23: Building] INFO  o.a.m.s.f.DefaultMavenResourcesFiltering - Copying 1 resource from src\main\resources to target\classes
2025-01-22 15:39:32,836 [Worker-23: Building] INFO  o.a.m.s.f.DefaultMavenResourcesFiltering - Copying 0 resource from src\main\resources to target\classes
2025-01-22 15:39:32,838 [Worker-23: Building] INFO  o.a.m.s.f.DefaultMavenResourcesFiltering - Copying 0 resource from src\test\resources to target\test-classes
2025-01-22 15:40:37,089 [Worker-8: Building] INFO  o.a.m.s.f.DefaultMavenResourcesFiltering - Copying 1 resource from src\main\resources to target\classes
2025-01-22 15:40:37,093 [Worker-8: Building] INFO  o.a.m.s.f.DefaultMavenResourcesFiltering - Copying 0 resource from src\main\resources to target\classes
2025-01-22 15:40:37,096 [Worker-8: Building] INFO  o.a.m.s.f.DefaultMavenResourcesFiltering - Copying 0 resource from src\test\resources to target\test-classes
2025-01-22 15:43:29,161 [Worker-23: Building] INFO  o.a.m.s.f.DefaultMavenResourcesFiltering - Copying 1 resource from src\main\resources to target\classes
2025-01-22 15:43:29,164 [Worker-23: Building] INFO  o.a.m.s.f.DefaultMavenResourcesFiltering - Copying 0 resource from src\main\resources to target\classes
2025-01-22 15:43:29,166 [Worker-23: Building] INFO  o.a.m.s.f.DefaultMavenResourcesFiltering - Copying 0 resource from src\test\resources to target\test-classes
2025-01-22 15:58:41,700 [Worker-6: Loading available Gradle versions] INFO  o.e.b.c.i.u.g.PublishedGradleVersions - Gradle version information cache is up-to-date. Trying to read.
2025-01-22 16:00:29,969 [Worker-6: Loading available Gradle versions] INFO  o.e.b.c.i.u.g.PublishedGradleVersions - Gradle version information cache is up-to-date. Trying to read.
2025-01-22 16:07:05,883 [Worker-16: Building] INFO  o.a.m.s.f.DefaultMavenResourcesFiltering - Copying 1 resource from src\main\resources to target\classes
2025-01-22 16:07:05,933 [Worker-16: Building] INFO  o.a.m.s.f.DefaultMavenResourcesFiltering - Copying 2 resources from src\main\resources to target\classes
2025-01-22 16:07:05,944 [Worker-16: Building] INFO  o.a.m.s.f.DefaultMavenResourcesFiltering - Copying 0 resource from src\test\resources to target\test-classes
2025-01-22 16:07:07,218 [Worker-26: Building] INFO  o.e.m.c.i.l.LifecycleMappingFactory - Using org.eclipse.m2e.jdt.JarLifecycleMapping lifecycle mapping for MavenProject: com.fran.springboot.backend:mvc:1 @ C:\STS\springProjects\SpringMvc2\pom.xml.
2025-01-22 16:07:07,706 [Worker-26: Building] INFO  o.a.m.s.f.DefaultMavenResourcesFiltering - Copying 1 resource from src\main\resources to target\classes
2025-01-22 16:07:07,725 [Worker-26: Building] INFO  o.a.m.s.f.DefaultMavenResourcesFiltering - Copying 6 resources from src\main\resources to target\classes
2025-01-22 16:07:07,736 [Worker-26: Building] INFO  o.a.m.s.f.DefaultMavenResourcesFiltering - Copying 0 resource from src\test\resources to target\test-classes
2025-01-22 16:07:08,095 [Worker-26: Building] INFO  o.a.m.s.f.DefaultMavenResourcesFiltering - skip non existing resourceDirectory C:\STS\springProjects\biblioteca1\src\main\resources
2025-01-22 16:07:08,098 [Worker-26: Building] INFO  o.a.m.s.f.DefaultMavenResourcesFiltering - skip non existing resourceDirectory C:\STS\springProjects\biblioteca1\src\test\resources
2025-01-22 16:07:08,631 [Worker-26: Building] INFO  o.a.m.s.f.DefaultMavenResourcesFiltering - skip non existing resourceDirectory C:\STS\springProjects\bibliotecah2\src\main\resources
2025-01-22 16:07:08,633 [Worker-26: Building] INFO  o.a.m.s.f.DefaultMavenResourcesFiltering - skip non existing resourceDirectory C:\STS\springProjects\bibliotecah2\src\test\resources
2025-01-22 16:07:09,659 [Worker-26: Building] INFO  o.a.m.s.f.DefaultMavenResourcesFiltering - Copying 1 resource from src\main\resources to target\classes
2025-01-22 16:07:09,687 [Worker-26: Building] INFO  o.a.m.s.f.DefaultMavenResourcesFiltering - Copying 1 resource from src\main\resources to target\classes
2025-01-22 16:07:09,693 [Worker-26: Building] INFO  o.a.m.s.f.DefaultMavenResourcesFiltering - Copying 0 resource from src\test\resources to target\test-classes
2025-01-22 16:07:09,955 [Worker-26: Building] INFO  o.a.m.s.f.DefaultMavenResourcesFiltering - skip non existing resourceDirectory C:\STS\springProjects\hibernateanotaciones1\src\main\resources
2025-01-22 16:07:09,959 [Worker-26: Building] INFO  o.a.m.s.f.DefaultMavenResourcesFiltering - skip non existing resourceDirectory C:\STS\springProjects\hibernateanotaciones1\src\test\resources
2025-01-22 16:07:10,115 [Worker-26: Building] INFO  o.a.m.s.f.DefaultMavenResourcesFiltering - skip non existing resourceDirectory C:\STS\springProjects\hibernateanotaciones2\src\main\resources
2025-01-22 16:07:10,116 [Worker-26: Building] INFO  o.a.m.s.f.DefaultMavenResourcesFiltering - skip non existing resourceDirectory C:\STS\springProjects\hibernateanotaciones2\src\test\resources
2025-01-22 16:07:10,351 [Worker-26: Building] INFO  o.a.m.s.f.DefaultMavenResourcesFiltering - skip non existing resourceDirectory C:\STS\springProjects\hibernateanotaciones3\src\main\resources
2025-01-22 16:07:10,354 [Worker-26: Building] INFO  o.a.m.s.f.DefaultMavenResourcesFiltering - skip non existing resourceDirectory C:\STS\springProjects\hibernateanotaciones3\src\test\resources
2025-01-22 16:07:10,584 [Worker-26: Building] INFO  o.a.m.s.f.DefaultMavenResourcesFiltering - skip non existing resourceDirectory C:\STS\springProjects\practica04\src\main\resources
2025-01-22 16:07:10,585 [Worker-26: Building] INFO  o.a.m.s.f.DefaultMavenResourcesFiltering - skip non existing resourceDirectory C:\STS\springProjects\practica04\src\test\resources
2025-01-22 16:07:11,350 [Worker-26: Building] INFO  o.a.m.s.f.DefaultMavenResourcesFiltering - Copying 1 resource from src\main\resources to target\classes
2025-01-22 16:07:11,365 [Worker-26: Building] INFO  o.a.m.s.f.DefaultMavenResourcesFiltering - Copying 0 resource from src\main\resources to target\classes
2025-01-22 16:07:11,371 [Worker-26: Building] INFO  o.a.m.s.f.DefaultMavenResourcesFiltering - Copying 0 resource from src\test\resources to target\test-classes
2025-01-22 16:07:12,572 [Worker-16: Building] INFO  o.a.m.s.f.DefaultMavenResourcesFiltering - Copying 1 resource from src\main\resources to target\classes
2025-01-22 16:07:12,573 [Worker-16: Building] INFO  o.a.m.s.f.DefaultMavenResourcesFiltering - Copying 6 resources from src\main\resources to target\classes
2025-01-22 16:07:12,583 [Worker-16: Building] INFO  o.a.m.s.f.DefaultMavenResourcesFiltering - Copying 0 resource from src\test\resources to target\test-classes
2025-01-22 16:26:44,452 [Worker-38: Building] INFO  o.a.m.s.f.DefaultMavenResourcesFiltering - Copying 1 resource from src\main\resources to target\classes
2025-01-22 16:26:44,458 [Worker-38: Building] INFO  o.a.m.s.f.DefaultMavenResourcesFiltering - Copying 0 resource from src\main\resources to target\classes
2025-01-22 16:26:44,461 [Worker-38: Building] INFO  o.a.m.s.f.DefaultMavenResourcesFiltering - Copying 0 resource from src\test\resources to target\test-classes
2025-01-22 16:27:45,955 [Worker-37: Building] INFO  o.a.m.s.f.DefaultMavenResourcesFiltering - Copying 1 resource from src\main\resources to target\classes
2025-01-22 16:27:45,959 [Worker-37: Building] INFO  o.a.m.s.f.DefaultMavenResourcesFiltering - Copying 0 resource from src\main\resources to target\classes
2025-01-22 16:27:45,962 [Worker-37: Building] INFO  o.a.m.s.f.DefaultMavenResourcesFiltering - Copying 0 resource from src\test\resources to target\test-classes
2025-01-22 16:28:50,775 [Worker-40: Building] INFO  o.a.m.s.f.DefaultMavenResourcesFiltering - Copying 1 resource from src\main\resources to target\classes
2025-01-22 16:28:50,779 [Worker-40: Building] INFO  o.a.m.s.f.DefaultMavenResourcesFiltering - Copying 0 resource from src\main\resources to target\classes
2025-01-22 16:28:50,781 [Worker-40: Building] INFO  o.a.m.s.f.DefaultMavenResourcesFiltering - Copying 0 resource from src\test\resources to target\test-classes
2025-01-22 16:30:46,088 [Worker-41: Building] INFO  o.a.m.s.f.DefaultMavenResourcesFiltering - Copying 1 resource from src\main\resources to target\classes
2025-01-22 16:30:46,095 [Worker-41: Building] INFO  o.a.m.s.f.DefaultMavenResourcesFiltering - Copying 0 resource from src\main\resources to target\classes
2025-01-22 16:30:46,097 [Worker-41: Building] INFO  o.a.m.s.f.DefaultMavenResourcesFiltering - Copying 0 resource from src\test\resources to target\test-classes
2025-01-22 16:31:12,401 [Worker-36: Building] INFO  o.a.m.s.f.DefaultMavenResourcesFiltering - Copying 1 resource from src\main\resources to target\classes
2025-01-22 16:31:12,407 [Worker-36: Building] INFO  o.a.m.s.f.DefaultMavenResourcesFiltering - Copying 0 resource from src\main\resources to target\classes
2025-01-22 16:31:12,409 [Worker-36: Building] INFO  o.a.m.s.f.DefaultMavenResourcesFiltering - Copying 0 resource from src\test\resources to target\test-classes
2025-01-22 16:38:08,874 [Worker-44: Building] INFO  o.a.m.s.f.DefaultMavenResourcesFiltering - Copying 1 resource from src\main\resources to target\classes
2025-01-22 16:38:08,880 [Worker-44: Building] INFO  o.a.m.s.f.DefaultMavenResourcesFiltering - Copying 0 resource from src\main\resources to target\classes
2025-01-22 16:38:08,881 [Worker-44: Building] INFO  o.a.m.s.f.DefaultMavenResourcesFiltering - Copying 0 resource from src\test\resources to target\test-classes
2025-01-22 16:38:40,290 [Worker-44: Building] INFO  o.a.m.s.f.DefaultMavenResourcesFiltering - Copying 1 resource from src\main\resources to target\classes
2025-01-22 16:38:40,294 [Worker-44: Building] INFO  o.a.m.s.f.DefaultMavenResourcesFiltering - Copying 0 resource from src\main\resources to target\classes
2025-01-22 16:38:40,296 [Worker-44: Building] INFO  o.a.m.s.f.DefaultMavenResourcesFiltering - Copying 0 resource from src\test\resources to target\test-classes
2025-01-22 16:39:49,568 [Worker-44: Building] INFO  o.a.m.s.f.DefaultMavenResourcesFiltering - Copying 1 resource from src\main\resources to target\classes
2025-01-22 16:39:49,572 [Worker-44: Building] INFO  o.a.m.s.f.DefaultMavenResourcesFiltering - Copying 0 resource from src\main\resources to target\classes
2025-01-22 16:39:49,574 [Worker-44: Building] INFO  o.a.m.s.f.DefaultMavenResourcesFiltering - Copying 0 resource from src\test\resources to target\test-classes
2025-01-22 16:59:40,240 [Worker-54: Building] INFO  o.a.m.s.f.DefaultMavenResourcesFiltering - Copying 1 resource from src\main\resources to target\classes
2025-01-22 16:59:40,246 [Worker-54: Building] INFO  o.a.m.s.f.DefaultMavenResourcesFiltering - Copying 0 resource from src\main\resources to target\classes
2025-01-22 16:59:40,249 [Worker-54: Building] INFO  o.a.m.s.f.DefaultMavenResourcesFiltering - Copying 0 resource from src\test\resources to target\test-classes
2025-01-22 17:03:55,842 [Worker-51: Building] INFO  o.a.m.s.f.DefaultMavenResourcesFiltering - Copying 1 resource from src\main\resources to target\classes
2025-01-22 17:03:55,849 [Worker-51: Building] INFO  o.a.m.s.f.DefaultMavenResourcesFiltering - Copying 0 resource from src\main\resources to target\classes
2025-01-22 17:03:55,851 [Worker-51: Building] INFO  o.a.m.s.f.DefaultMavenResourcesFiltering - Copying 0 resource from src\test\resources to target\test-classes
2025-01-22 17:13:20,929 [Worker-63: Building] INFO  o.a.m.s.f.DefaultMavenResourcesFiltering - Copying 1 resource from src\main\resources to target\classes
2025-01-22 17:13:20,933 [Worker-63: Building] INFO  o.a.m.s.f.DefaultMavenResourcesFiltering - Copying 0 resource from src\main\resources to target\classes
2025-01-22 17:13:20,935 [Worker-63: Building] INFO  o.a.m.s.f.DefaultMavenResourcesFiltering - Copying 0 resource from src\test\resources to target\test-classes
2025-01-22 17:13:54,213 [Worker-68: Building] INFO  o.a.m.s.f.DefaultMavenResourcesFiltering - Copying 1 resource from src\main\resources to target\classes
2025-01-22 17:13:54,216 [Worker-68: Building] INFO  o.a.m.s.f.DefaultMavenResourcesFiltering - Copying 0 resource from src\main\resources to target\classes
2025-01-22 17:13:54,218 [Worker-68: Building] INFO  o.a.m.s.f.DefaultMavenResourcesFiltering - Copying 0 resource from src\test\resources to target\test-classes
2025-01-22 17:16:10,746 [Worker-66: Building] INFO  o.a.m.s.f.DefaultMavenResourcesFiltering - Copying 1 resource from src\main\resources to target\classes
2025-01-22 17:16:10,750 [Worker-66: Building] INFO  o.a.m.s.f.DefaultMavenResourcesFiltering - Copying 0 resource from src\main\resources to target\classes
2025-01-22 17:16:10,753 [Worker-66: Building] INFO  o.a.m.s.f.DefaultMavenResourcesFiltering - Copying 0 resource from src\test\resources to target\test-classes
2025-01-22 17:20:58,432 [Worker-69: Building] INFO  o.a.m.s.f.DefaultMavenResourcesFiltering - Copying 1 resource from src\main\resources to target\classes
2025-01-22 17:20:58,438 [Worker-69: Building] INFO  o.a.m.s.f.DefaultMavenResourcesFiltering - Copying 0 resource from src\main\resources to target\classes
2025-01-22 17:20:58,440 [Worker-69: Building] INFO  o.a.m.s.f.DefaultMavenResourcesFiltering - Copying 0 resource from src\test\resources to target\test-classes
2025-01-22 17:22:18,690 [Worker-74: Building] INFO  o.a.m.s.f.DefaultMavenResourcesFiltering - Copying 1 resource from src\main\resources to target\classes
2025-01-22 17:22:18,693 [Worker-74: Building] INFO  o.a.m.s.f.DefaultMavenResourcesFiltering - Copying 0 resource from src\main\resources to target\classes
2025-01-22 17:22:18,695 [Worker-74: Building] INFO  o.a.m.s.f.DefaultMavenResourcesFiltering - Copying 0 resource from src\test\resources to target\test-classes
2025-01-22 17:23:36,719 [Worker-74: Building] INFO  o.a.m.s.f.DefaultMavenResourcesFiltering - Copying 1 resource from src\main\resources to target\classes
2025-01-22 17:23:36,735 [Worker-74: Building] INFO  o.a.m.s.f.DefaultMavenResourcesFiltering - Copying 0 resource from src\main\resources to target\classes
2025-01-22 17:23:36,738 [Worker-74: Building] INFO  o.a.m.s.f.DefaultMavenResourcesFiltering - Copying 0 resource from src\test\resources to target\test-classes
2025-01-22 17:23:39,006 [Worker-73: Building] INFO  o.a.m.s.f.DefaultMavenResourcesFiltering - Copying 1 resource from src\main\resources to target\classes
2025-01-22 17:23:39,008 [Worker-73: Building] INFO  o.a.m.s.f.DefaultMavenResourcesFiltering - Copying 0 resource from src\main\resources to target\classes
2025-01-22 17:23:39,010 [Worker-73: Building] INFO  o.a.m.s.f.DefaultMavenResourcesFiltering - Copying 0 resource from src\test\resources to target\test-classes
2025-01-22 17:25:01,400 [Worker-63: Building] INFO  o.a.m.s.f.DefaultMavenResourcesFiltering - Copying 1 resource from src\main\resources to target\classes
2025-01-22 17:25:01,403 [Worker-63: Building] INFO  o.a.m.s.f.DefaultMavenResourcesFiltering - Copying 0 resource from src\main\resources to target\classes
2025-01-22 17:25:01,405 [Worker-63: Building] INFO  o.a.m.s.f.DefaultMavenResourcesFiltering - Copying 0 resource from src\test\resources to target\test-classes
2025-01-22 17:26:11,507 [Worker-72: Building] INFO  o.a.m.s.f.DefaultMavenResourcesFiltering - Copying 1 resource from src\main\resources to target\classes
2025-01-22 17:26:11,512 [Worker-72: Building] INFO  o.a.m.s.f.DefaultMavenResourcesFiltering - Copying 0 resource from src\main\resources to target\classes
2025-01-22 17:26:11,514 [Worker-72: Building] INFO  o.a.m.s.f.DefaultMavenResourcesFiltering - Copying 0 resource from src\test\resources to target\test-classes
2025-01-22 17:26:26,820 [Worker-74: Building] INFO  o.a.m.s.f.DefaultMavenResourcesFiltering - Copying 1 resource from src\main\resources to target\classes
2025-01-22 17:26:26,823 [Worker-74: Building] INFO  o.a.m.s.f.DefaultMavenResourcesFiltering - Copying 0 resource from src\main\resources to target\classes
2025-01-22 17:26:26,824 [Worker-74: Building] INFO  o.a.m.s.f.DefaultMavenResourcesFiltering - Copying 0 resource from src\test\resources to target\test-classes
2025-01-22 17:28:17,695 [Worker-76: Building] INFO  o.a.m.s.f.DefaultMavenResourcesFiltering - Copying 1 resource from src\main\resources to target\classes
2025-01-22 17:28:17,698 [Worker-76: Building] INFO  o.a.m.s.f.DefaultMavenResourcesFiltering - Copying 0 resource from src\main\resources to target\classes
2025-01-22 17:28:17,700 [Worker-76: Building] INFO  o.a.m.s.f.DefaultMavenResourcesFiltering - Copying 0 resource from src\test\resources to target\test-classes
2025-01-22 17:28:28,763 [Worker-69: Building] INFO  o.a.m.s.f.DefaultMavenResourcesFiltering - Copying 1 resource from src\main\resources to target\classes
2025-01-22 17:28:28,766 [Worker-69: Building] INFO  o.a.m.s.f.DefaultMavenResourcesFiltering - Copying 0 resource from src\main\resources to target\classes
2025-01-22 17:28:28,769 [Worker-69: Building] INFO  o.a.m.s.f.DefaultMavenResourcesFiltering - Copying 0 resource from src\test\resources to target\test-classes
2025-01-22 18:04:52,279 [Worker-88: Building] INFO  o.a.m.s.f.DefaultMavenResourcesFiltering - Copying 1 resource from src\main\resources to target\classes
2025-01-22 18:04:52,287 [Worker-88: Building] INFO  o.a.m.s.f.DefaultMavenResourcesFiltering - Copying 0 resource from src\main\resources to target\classes
2025-01-22 18:04:52,290 [Worker-88: Building] INFO  o.a.m.s.f.DefaultMavenResourcesFiltering - Copying 0 resource from src\test\resources to target\test-classes
2025-01-22 18:06:08,567 [Worker-91: Building] INFO  o.a.m.s.f.DefaultMavenResourcesFiltering - Copying 1 resource from src\main\resources to target\classes
2025-01-22 18:06:08,570 [Worker-91: Building] INFO  o.a.m.s.f.DefaultMavenResourcesFiltering - Copying 0 resource from src\main\resources to target\classes
2025-01-22 18:06:08,572 [Worker-91: Building] INFO  o.a.m.s.f.DefaultMavenResourcesFiltering - Copying 0 resource from src\test\resources to target\test-classes
2025-01-22 18:07:59,562 [Worker-84: Building] INFO  o.a.m.s.f.DefaultMavenResourcesFiltering - Copying 1 resource from src\main\resources to target\classes
2025-01-22 18:07:59,566 [Worker-84: Building] INFO  o.a.m.s.f.DefaultMavenResourcesFiltering - Copying 0 resource from src\main\resources to target\classes
2025-01-22 18:07:59,568 [Worker-84: Building] INFO  o.a.m.s.f.DefaultMavenResourcesFiltering - Copying 0 resource from src\test\resources to target\test-classes
2025-01-22 18:17:31,215 [Worker-98: Building] INFO  o.a.m.s.f.DefaultMavenResourcesFiltering - Copying 1 resource from src\main\resources to target\classes
2025-01-22 18:17:31,219 [Worker-98: Building] INFO  o.a.m.s.f.DefaultMavenResourcesFiltering - Copying 0 resource from src\main\resources to target\classes
2025-01-22 18:17:31,221 [Worker-98: Building] INFO  o.a.m.s.f.DefaultMavenResourcesFiltering - Copying 0 resource from src\test\resources to target\test-classes
2025-01-22 18:22:59,949 [Worker-102: Building] INFO  o.a.m.s.f.DefaultMavenResourcesFiltering - Copying 1 resource from src\main\resources to target\classes
2025-01-22 18:22:59,954 [Worker-102: Building] INFO  o.a.m.s.f.DefaultMavenResourcesFiltering - Copying 0 resource from src\main\resources to target\classes
2025-01-22 18:22:59,955 [Worker-102: Building] INFO  o.a.m.s.f.DefaultMavenResourcesFiltering - Copying 0 resource from src\test\resources to target\test-classes
2025-01-22 18:27:45,955 [Worker-109: Building] INFO  o.a.m.s.f.DefaultMavenResourcesFiltering - Copying 1 resource from src\main\resources to target\classes
2025-01-22 18:27:45,970 [Worker-109: Building] INFO  o.a.m.s.f.DefaultMavenResourcesFiltering - Copying 0 resource from src\main\resources to target\classes
2025-01-22 18:27:45,974 [Worker-109: Building] INFO  o.a.m.s.f.DefaultMavenResourcesFiltering - Copying 0 resource from src\test\resources to target\test-classes
2025-01-22 18:28:19,424 [Worker-100: Building] INFO  o.a.m.s.f.DefaultMavenResourcesFiltering - Copying 1 resource from src\main\resources to target\classes
2025-01-22 18:28:19,427 [Worker-100: Building] INFO  o.a.m.s.f.DefaultMavenResourcesFiltering - Copying 0 resource from src\main\resources to target\classes
2025-01-22 18:28:19,429 [Worker-100: Building] INFO  o.a.m.s.f.DefaultMavenResourcesFiltering - Copying 0 resource from src\test\resources to target\test-classes
2025-01-22 18:31:18,194 [Worker-107: Building] INFO  o.a.m.s.f.DefaultMavenResourcesFiltering - Copying 1 resource from src\main\resources to target\classes
2025-01-22 18:31:18,199 [Worker-107: Building] INFO  o.a.m.s.f.DefaultMavenResourcesFiltering - Copying 0 resource from src\main\resources to target\classes
2025-01-22 18:31:18,202 [Worker-107: Building] INFO  o.a.m.s.f.DefaultMavenResourcesFiltering - Copying 0 resource from src\test\resources to target\test-classes
2025-01-22 18:32:21,316 [Worker-111: Building] INFO  o.a.m.s.f.DefaultMavenResourcesFiltering - Copying 1 resource from src\main\resources to target\classes
2025-01-22 18:32:21,321 [Worker-111: Building] INFO  o.a.m.s.f.DefaultMavenResourcesFiltering - Copying 0 resource from src\main\resources to target\classes
2025-01-22 18:32:21,322 [Worker-111: Building] INFO  o.a.m.s.f.DefaultMavenResourcesFiltering - Copying 0 resource from src\test\resources to target\test-classes
2025-01-22 18:33:10,829 [Worker-110: Building] INFO  o.a.m.s.f.DefaultMavenResourcesFiltering - Copying 1 resource from src\main\resources to target\classes
2025-01-22 18:33:10,833 [Worker-110: Building] INFO  o.a.m.s.f.DefaultMavenResourcesFiltering - Copying 0 resource from src\main\resources to target\classes
2025-01-22 18:33:10,835 [Worker-110: Building] INFO  o.a.m.s.f.DefaultMavenResourcesFiltering - Copying 0 resource from src\test\resources to target\test-classes
2025-01-22 18:34:10,342 [Worker-109: Building] INFO  o.a.m.s.f.DefaultMavenResourcesFiltering - Copying 1 resource from src\main\resources to target\classes
2025-01-22 18:34:10,346 [Worker-109: Building] INFO  o.a.m.s.f.DefaultMavenResourcesFiltering - Copying 0 resource from src\main\resources to target\classes
2025-01-22 18:34:10,348 [Worker-109: Building] INFO  o.a.m.s.f.DefaultMavenResourcesFiltering - Copying 0 resource from src\test\resources to target\test-classes
2025-01-22 19:26:54,722 [Worker-104: Launching practica06 - Practica06Application] INFO  o.a.m.s.f.DefaultMavenResourcesFiltering - Copying 1 resource from src\main\resources to target\classes
2025-01-22 19:26:54,730 [Worker-104: Launching practica06 - Practica06Application] INFO  o.a.m.s.f.DefaultMavenResourcesFiltering - Copying 0 resource from src\main\resources to target\classes
2025-01-22 19:26:54,733 [Worker-104: Launching practica06 - Practica06Application] INFO  o.a.m.s.f.DefaultMavenResourcesFiltering - Copying 0 resource from src\test\resources to target\test-classes
2025-01-23 10:04:45,894 [Worker-4: Loading available Gradle versions] INFO  o.e.b.c.i.u.g.PublishedGradleVersions - Gradle version information cache is up-to-date. Trying to read.
2025-01-23 10:23:18,019 [Worker-25: Building] INFO  o.a.m.s.f.DefaultMavenResourcesFiltering - Copying 1 resource from src\main\resources to target\classes
2025-01-23 10:23:18,037 [Worker-25: Building] INFO  o.a.m.s.f.DefaultMavenResourcesFiltering - Copying 0 resource from src\main\resources to target\classes
2025-01-23 10:23:18,042 [Worker-25: Building] INFO  o.a.m.s.f.DefaultMavenResourcesFiltering - Copying 0 resource from src\test\resources to target\test-classes
2025-01-23 10:25:12,322 [Worker-28: Building] INFO  o.a.m.s.f.DefaultMavenResourcesFiltering - Copying 1 resource from src\main\resources to target\classes
2025-01-23 10:25:12,326 [Worker-28: Building] INFO  o.a.m.s.f.DefaultMavenResourcesFiltering - Copying 0 resource from src\main\resources to target\classes
2025-01-23 10:25:12,329 [Worker-28: Building] INFO  o.a.m.s.f.DefaultMavenResourcesFiltering - Copying 0 resource from src\test\resources to target\test-classes
2025-01-23 10:25:56,750 [Worker-25: Building] INFO  o.a.m.s.f.DefaultMavenResourcesFiltering - Copying 1 resource from src\main\resources to target\classes
2025-01-23 10:25:56,753 [Worker-25: Building] INFO  o.a.m.s.f.DefaultMavenResourcesFiltering - Copying 0 resource from src\main\resources to target\classes
2025-01-23 10:25:56,756 [Worker-25: Building] INFO  o.a.m.s.f.DefaultMavenResourcesFiltering - Copying 0 resource from src\test\resources to target\test-classes
2025-01-23 10:26:46,569 [Worker-31: Building] INFO  o.a.m.s.f.DefaultMavenResourcesFiltering - Copying 1 resource from src\main\resources to target\classes
2025-01-23 10:26:46,572 [Worker-31: Building] INFO  o.a.m.s.f.DefaultMavenResourcesFiltering - Copying 0 resource from src\main\resources to target\classes
2025-01-23 10:26:46,574 [Worker-31: Building] INFO  o.a.m.s.f.DefaultMavenResourcesFiltering - Copying 0 resource from src\test\resources to target\test-classes
2025-01-23 10:28:29,275 [Worker-29: Building] INFO  o.a.m.s.f.DefaultMavenResourcesFiltering - Copying 1 resource from src\main\resources to target\classes
2025-01-23 10:28:29,278 [Worker-29: Building] INFO  o.a.m.s.f.DefaultMavenResourcesFiltering - Copying 0 resource from src\main\resources to target\classes
2025-01-23 10:28:29,280 [Worker-29: Building] INFO  o.a.m.s.f.DefaultMavenResourcesFiltering - Copying 0 resource from src\test\resources to target\test-classes
2025-01-23 10:29:24,613 [Worker-32: Building] INFO  o.a.m.s.f.DefaultMavenResourcesFiltering - Copying 1 resource from src\main\resources to target\classes
2025-01-23 10:29:24,617 [Worker-32: Building] INFO  o.a.m.s.f.DefaultMavenResourcesFiltering - Copying 0 resource from src\main\resources to target\classes
2025-01-23 10:29:24,619 [Worker-32: Building] INFO  o.a.m.s.f.DefaultMavenResourcesFiltering - Copying 0 resource from src\test\resources to target\test-classes
2025-01-23 10:32:11,161 [Worker-34: Building] INFO  o.a.m.s.f.DefaultMavenResourcesFiltering - Copying 1 resource from src\main\resources to target\classes
2025-01-23 10:32:11,167 [Worker-34: Building] INFO  o.a.m.s.f.DefaultMavenResourcesFiltering - Copying 0 resource from src\main\resources to target\classes
2025-01-23 10:32:11,169 [Worker-34: Building] INFO  o.a.m.s.f.DefaultMavenResourcesFiltering - Copying 0 resource from src\test\resources to target\test-classes
2025-01-23 10:32:45,452 [Worker-36: Building] INFO  o.a.m.s.f.DefaultMavenResourcesFiltering - Copying 1 resource from src\main\resources to target\classes
2025-01-23 10:32:45,455 [Worker-36: Building] INFO  o.a.m.s.f.DefaultMavenResourcesFiltering - Copying 0 resource from src\main\resources to target\classes
2025-01-23 10:32:45,458 [Worker-36: Building] INFO  o.a.m.s.f.DefaultMavenResourcesFiltering - Copying 0 resource from src\test\resources to target\test-classes
2025-01-23 10:32:57,756 [Worker-35: Building] INFO  o.a.m.s.f.DefaultMavenResourcesFiltering - Copying 1 resource from src\main\resources to target\classes
2025-01-23 10:32:57,760 [Worker-35: Building] INFO  o.a.m.s.f.DefaultMavenResourcesFiltering - Copying 0 resource from src\main\resources to target\classes
2025-01-23 10:32:57,764 [Worker-35: Building] INFO  o.a.m.s.f.DefaultMavenResourcesFiltering - Copying 0 resource from src\test\resources to target\test-classes
2025-01-23 10:33:01,314 [Worker-35: Building] INFO  o.a.m.s.f.DefaultMavenResourcesFiltering - Copying 1 resource from src\main\resources to target\classes
2025-01-23 10:33:01,317 [Worker-35: Building] INFO  o.a.m.s.f.DefaultMavenResourcesFiltering - Copying 0 resource from src\main\resources to target\classes
2025-01-23 10:33:01,319 [Worker-35: Building] INFO  o.a.m.s.f.DefaultMavenResourcesFiltering - Copying 0 resource from src\test\resources to target\test-classes
2025-01-23 10:33:04,920 [Worker-32: Building] INFO  o.a.m.s.f.DefaultMavenResourcesFiltering - Copying 1 resource from src\main\resources to target\classes
2025-01-23 10:33:04,924 [Worker-32: Building] INFO  o.a.m.s.f.DefaultMavenResourcesFiltering - Copying 0 resource from src\main\resources to target\classes
2025-01-23 10:33:04,926 [Worker-32: Building] INFO  o.a.m.s.f.DefaultMavenResourcesFiltering - Copying 0 resource from src\test\resources to target\test-classes
2025-01-23 10:33:07,069 [Worker-36: Building] INFO  o.a.m.s.f.DefaultMavenResourcesFiltering - Copying 1 resource from src\main\resources to target\classes
2025-01-23 10:33:07,071 [Worker-36: Building] INFO  o.a.m.s.f.DefaultMavenResourcesFiltering - Copying 0 resource from src\main\resources to target\classes
2025-01-23 10:33:07,073 [Worker-36: Building] INFO  o.a.m.s.f.DefaultMavenResourcesFiltering - Copying 0 resource from src\test\resources to target\test-classes
2025-01-23 10:33:09,186 [Worker-36: Building] INFO  o.a.m.s.f.DefaultMavenResourcesFiltering - Copying 1 resource from src\main\resources to target\classes
2025-01-23 10:33:09,189 [Worker-36: Building] INFO  o.a.m.s.f.DefaultMavenResourcesFiltering - Copying 0 resource from src\main\resources to target\classes
2025-01-23 10:33:09,191 [Worker-36: Building] INFO  o.a.m.s.f.DefaultMavenResourcesFiltering - Copying 0 resource from src\test\resources to target\test-classes
2025-01-23 10:34:00,670 [Worker-31: Building] INFO  o.a.m.s.f.DefaultMavenResourcesFiltering - Copying 1 resource from src\main\resources to target\classes
2025-01-23 10:34:00,673 [Worker-31: Building] INFO  o.a.m.s.f.DefaultMavenResourcesFiltering - Copying 0 resource from src\main\resources to target\classes
2025-01-23 10:34:00,675 [Worker-31: Building] INFO  o.a.m.s.f.DefaultMavenResourcesFiltering - Copying 0 resource from src\test\resources to target\test-classes
2025-01-23 10:37:26,661 [Worker-36: Building] INFO  o.a.m.s.f.DefaultMavenResourcesFiltering - Copying 1 resource from src\main\resources to target\classes
2025-01-23 10:37:26,666 [Worker-36: Building] INFO  o.a.m.s.f.DefaultMavenResourcesFiltering - Copying 0 resource from src\main\resources to target\classes
2025-01-23 10:37:26,668 [Worker-36: Building] INFO  o.a.m.s.f.DefaultMavenResourcesFiltering - Copying 0 resource from src\test\resources to target\test-classes
2025-01-23 10:37:48,907 [Worker-34: Building] INFO  o.a.m.s.f.DefaultMavenResourcesFiltering - Copying 1 resource from src\main\resources to target\classes
2025-01-23 10:37:48,912 [Worker-34: Building] INFO  o.a.m.s.f.DefaultMavenResourcesFiltering - Copying 0 resource from src\main\resources to target\classes
2025-01-23 10:37:48,915 [Worker-34: Building] INFO  o.a.m.s.f.DefaultMavenResourcesFiltering - Copying 0 resource from src\test\resources to target\test-classes
2025-01-23 10:39:48,498 [Worker-32: Building] INFO  o.a.m.s.f.DefaultMavenResourcesFiltering - Copying 1 resource from src\main\resources to target\classes
2025-01-23 10:39:48,503 [Worker-32: Building] INFO  o.a.m.s.f.DefaultMavenResourcesFiltering - Copying 0 resource from src\main\resources to target\classes
2025-01-23 10:39:48,504 [Worker-32: Building] INFO  o.a.m.s.f.DefaultMavenResourcesFiltering - Copying 0 resource from src\test\resources to target\test-classes
2025-01-23 10:41:50,270 [Worker-32: Building] INFO  o.a.m.s.f.DefaultMavenResourcesFiltering - Copying 1 resource from src\main\resources to target\classes
2025-01-23 10:41:50,273 [Worker-32: Building] INFO  o.a.m.s.f.DefaultMavenResourcesFiltering - Copying 0 resource from src\main\resources to target\classes
2025-01-23 10:41:50,276 [Worker-32: Building] INFO  o.a.m.s.f.DefaultMavenResourcesFiltering - Copying 0 resource from src\test\resources to target\test-classes
2025-01-23 10:41:53,335 [Worker-35: Building] INFO  o.a.m.s.f.DefaultMavenResourcesFiltering - Copying 1 resource from src\main\resources to target\classes
2025-01-23 10:41:53,339 [Worker-35: Building] INFO  o.a.m.s.f.DefaultMavenResourcesFiltering - Copying 0 resource from src\main\resources to target\classes
2025-01-23 10:41:53,340 [Worker-35: Building] INFO  o.a.m.s.f.DefaultMavenResourcesFiltering - Copying 0 resource from src\test\resources to target\test-classes
2025-01-23 10:42:26,187 [Worker-37: Building] INFO  o.a.m.s.f.DefaultMavenResourcesFiltering - Copying 1 resource from src\main\resources to target\classes
2025-01-23 10:42:26,191 [Worker-37: Building] INFO  o.a.m.s.f.DefaultMavenResourcesFiltering - Copying 0 resource from src\main\resources to target\classes
2025-01-23 10:42:26,194 [Worker-37: Building] INFO  o.a.m.s.f.DefaultMavenResourcesFiltering - Copying 0 resource from src\test\resources to target\test-classes
2025-01-23 10:46:02,651 [Worker-35: Building] INFO  o.a.m.s.f.DefaultMavenResourcesFiltering - Copying 1 resource from src\main\resources to target\classes
2025-01-23 10:46:02,657 [Worker-35: Building] INFO  o.a.m.s.f.DefaultMavenResourcesFiltering - Copying 0 resource from src\main\resources to target\classes
2025-01-23 10:46:02,658 [Worker-35: Building] INFO  o.a.m.s.f.DefaultMavenResourcesFiltering - Copying 0 resource from src\test\resources to target\test-classes
2025-01-23 10:53:13,973 [Worker-42: Building] INFO  o.a.m.s.f.DefaultMavenResourcesFiltering - Copying 1 resource from src\main\resources to target\classes
2025-01-23 10:53:13,978 [Worker-42: Building] INFO  o.a.m.s.f.DefaultMavenResourcesFiltering - Copying 0 resource from src\main\resources to target\classes
2025-01-23 10:53:13,980 [Worker-42: Building] INFO  o.a.m.s.f.DefaultMavenResourcesFiltering - Copying 0 resource from src\test\resources to target\test-classes
2025-01-23 10:53:16,902 [Worker-43: Building] INFO  o.a.m.s.f.DefaultMavenResourcesFiltering - Copying 1 resource from src\main\resources to target\classes
2025-01-23 10:53:16,906 [Worker-43: Building] INFO  o.a.m.s.f.DefaultMavenResourcesFiltering - Copying 0 resource from src\main\resources to target\classes
2025-01-23 10:53:16,907 [Worker-43: Building] INFO  o.a.m.s.f.DefaultMavenResourcesFiltering - Copying 0 resource from src\test\resources to target\test-classes
2025-01-23 10:54:59,792 [Worker-44: Building] INFO  o.a.m.s.f.DefaultMavenResourcesFiltering - Copying 1 resource from src\main\resources to target\classes
2025-01-23 10:54:59,795 [Worker-44: Building] INFO  o.a.m.s.f.DefaultMavenResourcesFiltering - Copying 0 resource from src\main\resources to target\classes
2025-01-23 10:54:59,797 [Worker-44: Building] INFO  o.a.m.s.f.DefaultMavenResourcesFiltering - Copying 0 resource from src\test\resources to target\test-classes
2025-01-23 10:56:03,587 [Worker-32: Building] INFO  o.a.m.s.f.DefaultMavenResourcesFiltering - Copying 1 resource from src\main\resources to target\classes
2025-01-23 10:56:03,590 [Worker-32: Building] INFO  o.a.m.s.f.DefaultMavenResourcesFiltering - Copying 0 resource from src\main\resources to target\classes
2025-01-23 10:56:03,591 [Worker-32: Building] INFO  o.a.m.s.f.DefaultMavenResourcesFiltering - Copying 0 resource from src\test\resources to target\test-classes
2025-01-23 10:57:50,999 [Worker-42: Building] INFO  o.a.m.s.f.DefaultMavenResourcesFiltering - Copying 1 resource from src\main\resources to target\classes
2025-01-23 10:57:51,006 [Worker-42: Building] INFO  o.a.m.s.f.DefaultMavenResourcesFiltering - Copying 0 resource from src\main\resources to target\classes
2025-01-23 10:57:51,007 [Worker-42: Building] INFO  o.a.m.s.f.DefaultMavenResourcesFiltering - Copying 0 resource from src\test\resources to target\test-classes
2025-01-23 10:59:22,024 [Worker-32: Building] INFO  o.a.m.s.f.DefaultMavenResourcesFiltering - Copying 1 resource from src\main\resources to target\classes
2025-01-23 10:59:22,028 [Worker-32: Building] INFO  o.a.m.s.f.DefaultMavenResourcesFiltering - Copying 0 resource from src\main\resources to target\classes
2025-01-23 10:59:22,030 [Worker-32: Building] INFO  o.a.m.s.f.DefaultMavenResourcesFiltering - Copying 0 resource from src\test\resources to target\test-classes
2025-01-23 11:00:53,309 [Worker-50: Building] INFO  o.a.m.s.f.DefaultMavenResourcesFiltering - Copying 1 resource from src\main\resources to target\classes
2025-01-23 11:00:53,313 [Worker-50: Building] INFO  o.a.m.s.f.DefaultMavenResourcesFiltering - Copying 0 resource from src\main\resources to target\classes
2025-01-23 11:00:53,313 [Worker-50: Building] INFO  o.a.m.s.f.DefaultMavenResourcesFiltering - Copying 0 resource from src\test\resources to target\test-classes
2025-01-23 11:01:24,702 [Worker-48: Building] INFO  o.a.m.s.f.DefaultMavenResourcesFiltering - Copying 1 resource from src\main\resources to target\classes
2025-01-23 11:01:24,705 [Worker-48: Building] INFO  o.a.m.s.f.DefaultMavenResourcesFiltering - Copying 0 resource from src\main\resources to target\classes
2025-01-23 11:01:24,708 [Worker-48: Building] INFO  o.a.m.s.f.DefaultMavenResourcesFiltering - Copying 0 resource from src\test\resources to target\test-classes
2025-01-23 11:04:53,452 [Worker-53: Building] INFO  o.a.m.s.f.DefaultMavenResourcesFiltering - Copying 1 resource from src\main\resources to target\classes
2025-01-23 11:04:53,458 [Worker-53: Building] INFO  o.a.m.s.f.DefaultMavenResourcesFiltering - Copying 0 resource from src\main\resources to target\classes
2025-01-23 11:04:53,460 [Worker-53: Building] INFO  o.a.m.s.f.DefaultMavenResourcesFiltering - Copying 0 resource from src\test\resources to target\test-classes
2025-01-23 11:07:11,958 [Worker-53: Building] INFO  o.a.m.s.f.DefaultMavenResourcesFiltering - Copying 1 resource from src\main\resources to target\classes
2025-01-23 11:07:11,966 [Worker-53: Building] INFO  o.a.m.s.f.DefaultMavenResourcesFiltering - Copying 0 resource from src\main\resources to target\classes
2025-01-23 11:07:11,968 [Worker-53: Building] INFO  o.a.m.s.f.DefaultMavenResourcesFiltering - Copying 0 resource from src\test\resources to target\test-classes
2025-01-23 11:07:22,709 [Worker-54: Building] INFO  o.a.m.s.f.DefaultMavenResourcesFiltering - Copying 1 resource from src\main\resources to target\classes
2025-01-23 11:07:22,712 [Worker-54: Building] INFO  o.a.m.s.f.DefaultMavenResourcesFiltering - Copying 0 resource from src\main\resources to target\classes
2025-01-23 11:07:22,713 [Worker-54: Building] INFO  o.a.m.s.f.DefaultMavenResourcesFiltering - Copying 0 resource from src\test\resources to target\test-classes
2025-01-23 11:07:44,100 [Worker-47: Building] INFO  o.a.m.s.f.DefaultMavenResourcesFiltering - Copying 1 resource from src\main\resources to target\classes
2025-01-23 11:07:44,105 [Worker-47: Building] INFO  o.a.m.s.f.DefaultMavenResourcesFiltering - Copying 0 resource from src\main\resources to target\classes
2025-01-23 11:07:44,107 [Worker-47: Building] INFO  o.a.m.s.f.DefaultMavenResourcesFiltering - Copying 0 resource from src\test\resources to target\test-classes
2025-01-23 11:07:57,030 [Worker-42: Building] INFO  o.a.m.s.f.DefaultMavenResourcesFiltering - Copying 1 resource from src\main\resources to target\classes
2025-01-23 11:07:57,034 [Worker-42: Building] INFO  o.a.m.s.f.DefaultMavenResourcesFiltering - Copying 0 resource from src\main\resources to target\classes
2025-01-23 11:07:57,036 [Worker-42: Building] INFO  o.a.m.s.f.DefaultMavenResourcesFiltering - Copying 0 resource from src\test\resources to target\test-classes
2025-01-23 11:09:18,872 [Worker-42: Building] INFO  o.a.m.s.f.DefaultMavenResourcesFiltering - Copying 1 resource from src\main\resources to target\classes
2025-01-23 11:09:18,880 [Worker-42: Building] INFO  o.a.m.s.f.DefaultMavenResourcesFiltering - Copying 0 resource from src\main\resources to target\classes
2025-01-23 11:09:18,884 [Worker-42: Building] INFO  o.a.m.s.f.DefaultMavenResourcesFiltering - Copying 0 resource from src\test\resources to target\test-classes
2025-01-23 15:07:38,300 [Worker-4: Loading available Gradle versions] INFO  o.e.b.c.i.u.g.PublishedGradleVersions - Gradle version information cache is up-to-date. Trying to read.
2025-01-23 16:22:17,068 [Worker-4: Loading available Gradle versions] INFO  o.e.b.c.i.u.g.PublishedGradleVersions - Gradle version information cache is out-of-date. Trying to update.
2025-01-23 17:59:28,414 [Worker-4: Loading available Gradle versions] INFO  o.e.b.c.i.u.g.PublishedGradleVersions - Gradle version information cache is up-to-date. Trying to read.
2025-01-24 10:17:43,711 [Worker-6: Loading available Gradle versions] INFO  o.e.b.c.i.u.g.PublishedGradleVersions - Gradle version information cache is up-to-date. Trying to read.
2025-01-24 10:36:11,922 [Worker-24: Building] INFO  o.a.m.s.f.DefaultMavenResourcesFiltering - Copying 1 resource from src\main\resources to target\classes
2025-01-24 10:36:11,958 [Worker-24: Building] INFO  o.a.m.s.f.DefaultMavenResourcesFiltering - Copying 2 resources from src\main\resources to target\classes
2025-01-24 10:36:11,965 [Worker-24: Building] INFO  o.a.m.s.f.DefaultMavenResourcesFiltering - Copying 0 resource from src\test\resources to target\test-classes
2025-01-24 10:36:13,383 [Worker-36: Building] INFO  o.a.m.s.f.DefaultMavenResourcesFiltering - Copying 1 resource from src\main\resources to target\classes
2025-01-24 10:36:13,397 [Worker-36: Building] INFO  o.a.m.s.f.DefaultMavenResourcesFiltering - Copying 6 resources from src\main\resources to target\classes
2025-01-24 10:36:13,406 [Worker-36: Building] INFO  o.a.m.s.f.DefaultMavenResourcesFiltering - Copying 0 resource from src\test\resources to target\test-classes
2025-01-24 10:36:13,747 [Worker-36: Building] INFO  o.a.m.s.f.DefaultMavenResourcesFiltering - skip non existing resourceDirectory C:\STS\springProjects\biblioteca1\src\main\resources
2025-01-24 10:36:13,750 [Worker-36: Building] INFO  o.a.m.s.f.DefaultMavenResourcesFiltering - skip non existing resourceDirectory C:\STS\springProjects\biblioteca1\src\test\resources
2025-01-24 10:36:14,230 [Worker-36: Building] INFO  o.a.m.s.f.DefaultMavenResourcesFiltering - skip non existing resourceDirectory C:\STS\springProjects\bibliotecah2\src\main\resources
2025-01-24 10:36:14,232 [Worker-36: Building] INFO  o.a.m.s.f.DefaultMavenResourcesFiltering - skip non existing resourceDirectory C:\STS\springProjects\bibliotecah2\src\test\resources
2025-01-24 10:36:15,032 [Worker-36: Building] INFO  o.a.m.s.f.DefaultMavenResourcesFiltering - Copying 1 resource from src\main\resources to target\classes
2025-01-24 10:36:15,042 [Worker-36: Building] INFO  o.a.m.s.f.DefaultMavenResourcesFiltering - Copying 1 resource from src\main\resources to target\classes
2025-01-24 10:36:15,047 [Worker-36: Building] INFO  o.a.m.s.f.DefaultMavenResourcesFiltering - Copying 0 resource from src\test\resources to target\test-classes
2025-01-24 10:36:15,244 [Worker-36: Building] INFO  o.a.m.s.f.DefaultMavenResourcesFiltering - skip non existing resourceDirectory C:\STS\springProjects\hibernateanotaciones1\src\main\resources
2025-01-24 10:36:15,248 [Worker-36: Building] INFO  o.a.m.s.f.DefaultMavenResourcesFiltering - skip non existing resourceDirectory C:\STS\springProjects\hibernateanotaciones1\src\test\resources
2025-01-24 10:36:15,408 [Worker-36: Building] INFO  o.a.m.s.f.DefaultMavenResourcesFiltering - skip non existing resourceDirectory C:\STS\springProjects\hibernateanotaciones2\src\main\resources
2025-01-24 10:36:15,410 [Worker-36: Building] INFO  o.a.m.s.f.DefaultMavenResourcesFiltering - skip non existing resourceDirectory C:\STS\springProjects\hibernateanotaciones2\src\test\resources
2025-01-24 10:36:15,689 [Worker-36: Building] INFO  o.a.m.s.f.DefaultMavenResourcesFiltering - skip non existing resourceDirectory C:\STS\springProjects\hibernateanotaciones3\src\main\resources
2025-01-24 10:36:15,694 [Worker-36: Building] INFO  o.a.m.s.f.DefaultMavenResourcesFiltering - skip non existing resourceDirectory C:\STS\springProjects\hibernateanotaciones3\src\test\resources
2025-01-24 10:36:15,959 [Worker-36: Building] INFO  o.a.m.s.f.DefaultMavenResourcesFiltering - skip non existing resourceDirectory C:\STS\springProjects\practica04\src\main\resources
2025-01-24 10:36:15,961 [Worker-36: Building] INFO  o.a.m.s.f.DefaultMavenResourcesFiltering - skip non existing resourceDirectory C:\STS\springProjects\practica04\src\test\resources
2025-01-24 10:36:16,460 [Worker-36: Building] INFO  o.a.m.s.f.DefaultMavenResourcesFiltering - Copying 1 resource from src\main\resources to target\classes
2025-01-24 10:36:16,468 [Worker-36: Building] INFO  o.a.m.s.f.DefaultMavenResourcesFiltering - Copying 0 resource from src\main\resources to target\classes
2025-01-24 10:36:16,471 [Worker-36: Building] INFO  o.a.m.s.f.DefaultMavenResourcesFiltering - Copying 0 resource from src\test\resources to target\test-classes
2025-01-24 10:47:34,295 [Worker-48: Building] INFO  o.a.m.s.f.DefaultMavenResourcesFiltering - Copying 1 resource from src\main\resources to target\classes
2025-01-24 10:47:34,308 [Worker-48: Building] INFO  o.a.m.s.f.DefaultMavenResourcesFiltering - Copying 0 resource from src\main\resources to target\classes
2025-01-24 10:47:34,315 [Worker-48: Building] INFO  o.a.m.s.f.DefaultMavenResourcesFiltering - Copying 0 resource from src\test\resources to target\test-classes
2025-01-24 10:49:35,605 [Worker-54: Building] INFO  o.a.m.s.f.DefaultMavenResourcesFiltering - Copying 1 resource from src\main\resources to target\classes
2025-01-24 10:49:35,609 [Worker-54: Building] INFO  o.a.m.s.f.DefaultMavenResourcesFiltering - Copying 0 resource from src\main\resources to target\classes
2025-01-24 10:49:35,611 [Worker-54: Building] INFO  o.a.m.s.f.DefaultMavenResourcesFiltering - Copying 0 resource from src\test\resources to target\test-classes
2025-01-24 10:51:30,412 [Worker-38: Building] INFO  o.a.m.s.f.DefaultMavenResourcesFiltering - Copying 1 resource from src\main\resources to target\classes
2025-01-24 10:51:30,418 [Worker-38: Building] INFO  o.a.m.s.f.DefaultMavenResourcesFiltering - Copying 0 resource from src\main\resources to target\classes
2025-01-24 10:51:30,420 [Worker-38: Building] INFO  o.a.m.s.f.DefaultMavenResourcesFiltering - Copying 0 resource from src\test\resources to target\test-classes
2025-01-24 10:52:32,293 [Worker-48: Building] INFO  o.a.m.s.f.DefaultMavenResourcesFiltering - Copying 1 resource from src\main\resources to target\classes
2025-01-24 10:52:32,298 [Worker-48: Building] INFO  o.a.m.s.f.DefaultMavenResourcesFiltering - Copying 0 resource from src\main\resources to target\classes
2025-01-24 10:52:32,301 [Worker-48: Building] INFO  o.a.m.s.f.DefaultMavenResourcesFiltering - Copying 0 resource from src\test\resources to target\test-classes
2025-01-24 10:52:52,485 [Worker-57: Building] INFO  o.a.m.s.f.DefaultMavenResourcesFiltering - Copying 1 resource from src\main\resources to target\classes
2025-01-24 10:52:52,489 [Worker-57: Building] INFO  o.a.m.s.f.DefaultMavenResourcesFiltering - Copying 0 resource from src\main\resources to target\classes
2025-01-24 10:52:52,490 [Worker-57: Building] INFO  o.a.m.s.f.DefaultMavenResourcesFiltering - Copying 0 resource from src\test\resources to target\test-classes
2025-01-24 11:29:46,868 [Worker-81: Building] INFO  o.a.m.s.f.DefaultMavenResourcesFiltering - Copying 1 resource from src\main\resources to target\classes
2025-01-24 11:29:46,874 [Worker-81: Building] INFO  o.a.m.s.f.DefaultMavenResourcesFiltering - Copying 0 resource from src\main\resources to target\classes
2025-01-24 11:29:46,877 [Worker-81: Building] INFO  o.a.m.s.f.DefaultMavenResourcesFiltering - Copying 0 resource from src\test\resources to target\test-classes
2025-01-24 11:40:46,025 [Worker-92: Building] INFO  o.a.m.s.f.DefaultMavenResourcesFiltering - Copying 1 resource from src\main\resources to target\classes
2025-01-24 11:40:46,032 [Worker-92: Building] INFO  o.a.m.s.f.DefaultMavenResourcesFiltering - Copying 0 resource from src\main\resources to target\classes
2025-01-24 11:40:46,034 [Worker-92: Building] INFO  o.a.m.s.f.DefaultMavenResourcesFiltering - Copying 0 resource from src\test\resources to target\test-classes
2025-01-24 12:20:51,173 [Worker-100: Building] INFO  o.a.m.s.f.DefaultMavenResourcesFiltering - Copying 1 resource from src\main\resources to target\classes
2025-01-24 12:20:51,178 [Worker-100: Building] INFO  o.a.m.s.f.DefaultMavenResourcesFiltering - Copying 0 resource from src\main\resources to target\classes
2025-01-24 12:20:51,181 [Worker-100: Building] INFO  o.a.m.s.f.DefaultMavenResourcesFiltering - Copying 0 resource from src\test\resources to target\test-classes
2025-01-24 12:23:33,553 [Worker-99: Building] INFO  o.a.m.s.f.DefaultMavenResourcesFiltering - Copying 1 resource from src\main\resources to target\classes
2025-01-24 12:23:33,559 [Worker-99: Building] INFO  o.a.m.s.f.DefaultMavenResourcesFiltering - Copying 0 resource from src\main\resources to target\classes
2025-01-24 12:23:33,561 [Worker-99: Building] INFO  o.a.m.s.f.DefaultMavenResourcesFiltering - Copying 0 resource from src\test\resources to target\test-classes
2025-01-24 12:29:12,288 [Worker-103: Building] INFO  o.a.m.s.f.DefaultMavenResourcesFiltering - Copying 1 resource from src\main\resources to target\classes
2025-01-24 12:29:12,308 [Worker-103: Building] INFO  o.a.m.s.f.DefaultMavenResourcesFiltering - Copying 0 resource from src\main\resources to target\classes
2025-01-24 12:29:12,314 [Worker-103: Building] INFO  o.a.m.s.f.DefaultMavenResourcesFiltering - Copying 0 resource from src\test\resources to target\test-classes
2025-01-24 15:04:40,796 [Worker-1: Loading available Gradle versions] INFO  o.e.b.c.i.u.g.PublishedGradleVersions - Gradle version information cache is up-to-date. Trying to read.
2025-01-24 15:30:57,548 [Worker-31: Updating Maven Dependencies] INFO  o.e.m.c.i.l.LifecycleMappingFactory - Using org.eclipse.m2e.jdt.JarLifecycleMapping lifecycle mapping for MavenProject: com.fran.springboot.backend:mvc:1 @ C:\STS\springProjects\SpringMvcSecurity\pom.xml.
2025-01-24 15:30:58,355 [Worker-31: Updating Maven Dependencies] INFO  o.e.m.c.i.e.AbstractTransferListenerAdapter - Downloading https://repo.maven.apache.org/maven2/com/auth0/java-jwt/4.4.0/java-jwt-4.4.0.pom
2025-01-24 15:30:58,378 [Worker-31: Updating Maven Dependencies] INFO  o.e.m.c.i.e.AbstractTransferListenerAdapter - Downloaded https://repo.maven.apache.org/maven2/com/auth0/java-jwt/4.4.0/java-jwt-4.4.0.pom
2025-01-24 15:30:58,503 [Worker-31: Updating Maven Dependencies] INFO  o.e.m.c.i.e.AbstractTransferListenerAdapter - Downloading https://repo.maven.apache.org/maven2/com/auth0/java-jwt/4.4.0/java-jwt-4.4.0.jar
2025-01-24 15:30:58,524 [Worker-31: Updating Maven Dependencies] INFO  o.e.m.c.i.e.AbstractTransferListenerAdapter - Downloaded https://repo.maven.apache.org/maven2/com/auth0/java-jwt/4.4.0/java-jwt-4.4.0.jar
2025-01-24 15:30:58,536 [Worker-25: Building] INFO  o.e.m.c.i.l.LifecycleMappingFactory - Using org.eclipse.m2e.jdt.JarLifecycleMapping lifecycle mapping for MavenProject: com.fran.springboot.backend:mvc:1 @ C:\STS\springProjects\SpringMvcSecurity\pom.xml.
2025-01-24 15:30:59,277 [Worker-25: Building] INFO  o.a.m.s.f.DefaultMavenResourcesFiltering - Copying 1 resource from src\main\resources to target\classes
2025-01-24 15:30:59,333 [Worker-25: Building] INFO  o.a.m.s.f.DefaultMavenResourcesFiltering - Copying 6 resources from src\main\resources to target\classes
2025-01-24 15:30:59,348 [Worker-25: Building] INFO  o.a.m.s.f.DefaultMavenResourcesFiltering - Copying 0 resource from src\test\resources to target\test-classes
2025-01-24 15:31:00,044 [Worker-33: Download sources and javadoc] INFO  o.e.m.c.i.e.AbstractTransferListenerAdapter - Downloading https://repo.maven.apache.org/maven2/com/auth0/java-jwt/4.4.0/java-jwt-4.4.0-sources.jar
2025-01-24 15:31:00,062 [Worker-33: Download sources and javadoc] INFO  o.e.m.c.i.e.AbstractTransferListenerAdapter - Downloaded https://repo.maven.apache.org/maven2/com/auth0/java-jwt/4.4.0/java-jwt-4.4.0-sources.jar
2025-01-24 15:31:00,068 [Worker-33: Download sources and javadoc] INFO  o.e.m.j.internal.DownloadSourcesJob - Downloaded sources for com.auth0:java-jwt:4.4.0
2025-01-24 15:31:00,141 [Worker-33: Download sources and javadoc] INFO  o.e.m.c.i.e.AbstractTransferListenerAdapter - Downloading https://repo.maven.apache.org/maven2/org/springframework/boot/spring-boot-starter-security/3.4.1/spring-boot-starter-security-3.4.1-sources.jar
2025-01-24 15:31:00,147 [Worker-33: Download sources and javadoc] INFO  o.e.m.c.i.e.AbstractTransferListenerAdapter - Downloaded https://repo.maven.apache.org/maven2/org/springframework/boot/spring-boot-starter-security/3.4.1/spring-boot-starter-security-3.4.1-sources.jar
2025-01-24 15:31:00,151 [Worker-33: Download sources and javadoc] INFO  o.e.m.j.internal.DownloadSourcesJob - Downloaded sources for org.springframework.boot:spring-boot-starter-security:3.4.1
2025-01-24 15:31:00,212 [Worker-33: Download sources and javadoc] INFO  o.e.m.c.i.e.AbstractTransferListenerAdapter - Downloading https://repo.maven.apache.org/maven2/org/springframework/security/spring-security-config/6.4.2/spring-security-config-6.4.2-sources.jar
2025-01-24 15:31:00,313 [Worker-33: Download sources and javadoc] INFO  o.e.m.c.i.e.AbstractTransferListenerAdapter - Downloaded https://repo.maven.apache.org/maven2/org/springframework/security/spring-security-config/6.4.2/spring-security-config-6.4.2-sources.jar
2025-01-24 15:31:00,316 [Worker-33: Download sources and javadoc] INFO  o.e.m.j.internal.DownloadSourcesJob - Downloaded sources for org.springframework.security:spring-security-config:6.4.2
2025-01-24 15:31:00,376 [Worker-33: Download sources and javadoc] INFO  o.e.m.c.i.e.AbstractTransferListenerAdapter - Downloading https://repo.maven.apache.org/maven2/org/springframework/security/spring-security-web/6.4.2/spring-security-web-6.4.2-sources.jar
2025-01-24 15:31:00,462 [Worker-33: Download sources and javadoc] INFO  o.e.m.c.i.e.AbstractTransferListenerAdapter - Downloaded https://repo.maven.apache.org/maven2/org/springframework/security/spring-security-web/6.4.2/spring-security-web-6.4.2-sources.jar
2025-01-24 15:31:00,464 [Worker-33: Download sources and javadoc] INFO  o.e.m.j.internal.DownloadSourcesJob - Downloaded sources for org.springframework.security:spring-security-web:6.4.2
2025-01-24 15:31:00,518 [Worker-33: Download sources and javadoc] INFO  o.e.m.c.i.e.AbstractTransferListenerAdapter - Downloading https://repo.maven.apache.org/maven2/org/springframework/security/spring-security-test/6.4.2/spring-security-test-6.4.2-sources.jar
2025-01-24 15:31:00,539 [Worker-33: Download sources and javadoc] INFO  o.e.m.c.i.e.AbstractTransferListenerAdapter - Downloaded https://repo.maven.apache.org/maven2/org/springframework/security/spring-security-test/6.4.2/spring-security-test-6.4.2-sources.jar
2025-01-24 15:31:00,542 [Worker-33: Download sources and javadoc] INFO  o.e.m.j.internal.DownloadSourcesJob - Downloaded sources for org.springframework.security:spring-security-test:6.4.2
2025-01-24 15:31:00,594 [Worker-33: Download sources and javadoc] INFO  o.e.m.c.i.e.AbstractTransferListenerAdapter - Downloading https://repo.maven.apache.org/maven2/org/springframework/security/spring-security-core/6.4.2/spring-security-core-6.4.2-sources.jar
2025-01-24 15:31:00,662 [Worker-33: Download sources and javadoc] INFO  o.e.m.c.i.e.AbstractTransferListenerAdapter - Downloaded https://repo.maven.apache.org/maven2/org/springframework/security/spring-security-core/6.4.2/spring-security-core-6.4.2-sources.jar
2025-01-24 15:31:00,665 [Worker-33: Download sources and javadoc] INFO  o.e.m.j.internal.DownloadSourcesJob - Downloaded sources for org.springframework.security:spring-security-core:6.4.2
2025-01-24 15:31:00,714 [Worker-33: Download sources and javadoc] INFO  o.e.m.c.i.e.AbstractTransferListenerAdapter - Downloading https://repo.maven.apache.org/maven2/org/springframework/security/spring-security-crypto/6.4.2/spring-security-crypto-6.4.2-sources.jar
2025-01-24 15:31:00,734 [Worker-33: Download sources and javadoc] INFO  o.e.m.c.i.e.AbstractTransferListenerAdapter - Downloaded https://repo.maven.apache.org/maven2/org/springframework/security/spring-security-crypto/6.4.2/spring-security-crypto-6.4.2-sources.jar
2025-01-24 15:31:00,736 [Worker-33: Download sources and javadoc] INFO  o.e.m.j.internal.DownloadSourcesJob - Downloaded sources for org.springframework.security:spring-security-crypto:6.4.2
2025-01-24 15:31:01,243 [Worker-38: Updating Maven Dependencies] INFO  o.e.m.c.i.l.LifecycleMappingFactory - Using org.eclipse.m2e.jdt.JarLifecycleMapping lifecycle mapping for MavenProject: com.fran.springboot.backend:mvc:1 @ C:\STS\springProjects\SpringMvcSecurity\pom.xml.
2025-01-24 15:31:02,387 [Worker-35: Building] INFO  o.a.m.s.f.DefaultMavenResourcesFiltering - Copying 1 resource from src\main\resources to target\classes
2025-01-24 15:31:02,444 [Worker-35: Building] INFO  o.a.m.s.f.DefaultMavenResourcesFiltering - Copying 6 resources from src\main\resources to target\classes
2025-01-24 15:31:02,458 [Worker-35: Building] INFO  o.a.m.s.f.DefaultMavenResourcesFiltering - Copying 0 resource from src\test\resources to target\test-classes
2025-01-24 15:31:36,202 [Worker-37: Building] INFO  o.e.m.c.i.l.LifecycleMappingFactory - Using org.eclipse.m2e.jdt.JarLifecycleMapping lifecycle mapping for MavenProject: com.jose.springboot.backend:mvc:1 @ C:\STS\springProjects\SpringMvcSecPresencial\pom.xml.
2025-01-24 15:31:36,693 [Worker-37: Building] INFO  o.a.m.s.f.DefaultMavenResourcesFiltering - Copying 1 resource from src\main\resources to target\classes
2025-01-24 15:31:36,727 [Worker-37: Building] INFO  o.a.m.s.f.DefaultMavenResourcesFiltering - Copying 2 resources from src\main\resources to target\classes
2025-01-24 15:31:36,734 [Worker-37: Building] INFO  o.a.m.s.f.DefaultMavenResourcesFiltering - Copying 0 resource from src\test\resources to target\test-classes
2025-01-24 15:31:37,121 [Worker-39: Building] INFO  o.a.m.s.f.DefaultMavenResourcesFiltering - Copying 1 resource from src\main\resources to target\classes
2025-01-24 15:31:37,123 [Worker-39: Building] INFO  o.a.m.s.f.DefaultMavenResourcesFiltering - Copying 2 resources from src\main\resources to target\classes
2025-01-24 15:31:37,127 [Worker-39: Building] INFO  o.a.m.s.f.DefaultMavenResourcesFiltering - Copying 0 resource from src\test\resources to target\test-classes
2025-01-24 15:35:42,397 [Worker-43: Building] INFO  o.a.m.s.f.DefaultMavenResourcesFiltering - Copying 1 resource from src\main\resources to target\classes
2025-01-24 15:35:42,410 [Worker-43: Building] INFO  o.a.m.s.f.DefaultMavenResourcesFiltering - Copying 6 resources from src\main\resources to target\classes
2025-01-24 15:35:42,414 [Worker-43: Building] INFO  o.a.m.s.f.DefaultMavenResourcesFiltering - Copying 0 resource from src\test\resources to target\test-classes
2025-01-24 15:38:53,308 [Worker-4: Loading available Gradle versions] INFO  o.e.b.c.i.u.g.PublishedGradleVersions - Gradle version information cache is up-to-date. Trying to read.
2025-01-24 15:41:18,368 [Worker-16: Updating Maven Dependencies] INFO  o.e.m.c.i.l.LifecycleMappingFactory - Using org.eclipse.m2e.jdt.JarLifecycleMapping lifecycle mapping for MavenProject: com.fran.springboot.backend:mvc:1 @ C:\Users\Jose Pinilla\Downloads\SpringMvcDto (1)\SpringMvc\pom.xml.
2025-01-24 15:41:18,368 [Worker-25: Building] INFO  o.e.m.c.i.l.LifecycleMappingFactory - Using org.eclipse.m2e.jdt.JarLifecycleMapping lifecycle mapping for MavenProject: com.fran.springboot.backend:mvc:1 @ C:\Users\Jose Pinilla\Downloads\SpringMvcDto (1)\SpringMvc\pom.xml.
2025-01-24 15:41:19,218 [Worker-25: Building] INFO  o.a.m.s.f.DefaultMavenResourcesFiltering - Copying 1 resource from src\main\resources to target\classes
2025-01-24 15:41:19,303 [Worker-25: Building] INFO  o.a.m.s.f.DefaultMavenResourcesFiltering - Copying 6 resources from src\main\resources to target\classes
2025-01-24 15:41:19,599 [Worker-25: Building] INFO  o.e.m.c.i.embedder.EclipseLogger - Recompiling the module because of [1madded or removed source files[m.
2025-01-24 15:41:19,656 [Worker-25: Building] INFO  o.c.p.compiler.javac.JavacCompiler - Compiling 9 source files with javac [debug parameters release 21] to target\classes
2025-01-24 15:41:21,364 [Worker-25: Building] INFO  o.e.m.c.i.embedder.EclipseLogger - Annotation processing is enabled because one or more processors were found
  on the class path. A future release of javac may disable annotation processing
  unless at least one processor is specified by name (-processor), or a search
  path is specified (--processor-path, --processor-module-path), or annotation
  processing is enabled explicitly (-proc:only, -proc:full).
  Use -Xlint:-options to suppress this message.
  Use -proc:none to disable annotation processing.
2025-01-24 15:41:21,368 [Worker-25: Building] INFO  o.a.m.s.f.DefaultMavenResourcesFiltering - Copying 0 resource from src\test\resources to target\test-classes
2025-01-24 15:41:22,293 [Worker-6: Building] INFO  o.a.m.s.f.DefaultMavenResourcesFiltering - Copying 1 resource from src\main\resources to target\classes
2025-01-24 15:41:22,295 [Worker-6: Building] INFO  o.a.m.s.f.DefaultMavenResourcesFiltering - Copying 6 resources from src\main\resources to target\classes
2025-01-24 15:41:22,317 [Worker-6: Building] INFO  o.e.m.c.i.embedder.EclipseLogger - Nothing to compile - all classes are up to date.
2025-01-24 15:41:22,320 [Worker-6: Building] INFO  o.a.m.s.f.DefaultMavenResourcesFiltering - Copying 0 resource from src\test\resources to target\test-classes
2025-01-24 15:41:23,119 [Worker-21: Updating Maven Dependencies] INFO  o.e.m.c.i.l.LifecycleMappingFactory - Using org.eclipse.m2e.jdt.JarLifecycleMapping lifecycle mapping for MavenProject: com.fran.springboot.backend:mvc:1 @ C:\Users\Jose Pinilla\Downloads\SpringMvcDto (1)\SpringMvc\pom.xml.
2025-01-24 15:41:47,644 [Worker-5: Building] INFO  o.e.m.c.i.l.LifecycleMappingFactory - Using org.eclipse.m2e.jdt.JarLifecycleMapping lifecycle mapping for MavenProject: com.fran.springboot.backend:mvc:1 @ C:\STS\springProjects\SpringMvcSecPresencial\pom.xml.
2025-01-24 15:41:48,103 [Worker-5: Building] INFO  o.a.m.s.f.DefaultMavenResourcesFiltering - Copying 1 resource from src\main\resources to target\classes
2025-01-24 15:41:48,113 [Worker-5: Building] INFO  o.a.m.s.f.DefaultMavenResourcesFiltering - Copying 6 resources from src\main\resources to target\classes
2025-01-24 15:41:48,121 [Worker-5: Building] INFO  o.a.m.s.f.DefaultMavenResourcesFiltering - Copying 0 resource from src\test\resources to target\test-classes
2025-01-24 15:41:48,752 [Worker-9: Building] INFO  o.a.m.s.f.DefaultMavenResourcesFiltering - Copying 1 resource from src\main\resources to target\classes
2025-01-24 15:41:48,755 [Worker-9: Building] INFO  o.a.m.s.f.DefaultMavenResourcesFiltering - Copying 6 resources from src\main\resources to target\classes
2025-01-24 15:41:48,763 [Worker-9: Building] INFO  o.a.m.s.f.DefaultMavenResourcesFiltering - Copying 0 resource from src\test\resources to target\test-classes
2025-01-24 15:43:04,581 [Worker-5: Building] INFO  o.e.m.c.i.l.LifecycleMappingFactory - Using org.eclipse.m2e.jdt.JarLifecycleMapping lifecycle mapping for MavenProject: com.fran.springboot.backend:mvc:1 @ C:\STS\springProjects\SpringMvcSecPresencial\pom.xml.
2025-01-24 15:43:04,989 [Worker-5: Building] INFO  o.a.m.s.f.DefaultMavenResourcesFiltering - Copying 0 resource from src\main\resources to target\classes
2025-01-24 15:43:04,990 [Worker-5: Building] INFO  o.a.m.s.f.DefaultMavenResourcesFiltering - Copying 0 resource from src\main\resources to target\classes
2025-01-24 15:43:04,993 [Worker-5: Building] INFO  o.a.m.s.f.DefaultMavenResourcesFiltering - Copying 0 resource from src\test\resources to target\test-classes
2025-01-24 15:43:06,219 [Worker-32: Building] INFO  o.a.m.s.f.DefaultMavenResourcesFiltering - Copying 1 resource from src\main\resources to target\classes
2025-01-24 15:43:06,233 [Worker-32: Building] INFO  o.a.m.s.f.DefaultMavenResourcesFiltering - Copying 6 resources from src\main\resources to target\classes
2025-01-24 15:43:06,239 [Worker-32: Building] INFO  o.a.m.s.f.DefaultMavenResourcesFiltering - Copying 0 resource from src\test\resources to target\test-classes
2025-01-24 15:43:06,272 [Worker-30: Updating Maven Project] INFO  o.e.m.c.i.p.ProjectConfigurationManager - Update started
2025-01-24 15:43:06,471 [Worker-30: Updating Maven Project] INFO  o.e.m.c.i.l.LifecycleMappingFactory - Using org.eclipse.m2e.jdt.JarLifecycleMapping lifecycle mapping for MavenProject: com.fran.springboot.backend:mvc:1 @ C:\STS\springProjects\SpringMvcSecPresencial\pom.xml.
2025-01-24 15:43:06,830 [Worker-30: Updating Maven Project] INFO  o.e.m.j.i.AbstractJavaProjectConfigurator - Adding source folder /SpringMvcSecPresencial/src/main/java
2025-01-24 15:43:06,835 [Worker-30: Updating Maven Project] INFO  o.e.m.j.i.AbstractJavaProjectConfigurator - Adding resource folder /SpringMvcSecPresencial/src/main/resources
2025-01-24 15:43:06,835 [Worker-30: Updating Maven Project] INFO  o.e.m.j.i.AbstractJavaProjectConfigurator - Adding resource folder /SpringMvcSecPresencial/src/main/resources
2025-01-24 15:43:06,836 [Worker-30: Updating Maven Project] INFO  o.e.m.j.i.AbstractJavaProjectConfigurator - Adding source folder /SpringMvcSecPresencial/src/test/java
2025-01-24 15:43:06,837 [Worker-30: Updating Maven Project] INFO  o.e.m.j.i.AbstractJavaProjectConfigurator - Adding resource folder /SpringMvcSecPresencial/src/test/resources
2025-01-24 15:43:07,125 [Worker-30: Updating Maven Project] INFO  o.e.m.c.i.p.ProjectConfigurationManager - Update completed for 1 poms: local refresh takes 0,00 sec, refresh facades takes 0,00 sec, update config takes 0,00 sec 
2025-01-24 15:43:07,486 [Worker-28: Building] INFO  o.a.m.s.f.DefaultMavenResourcesFiltering - Copying 1 resource from src\main\resources to target\classes
2025-01-24 15:43:07,513 [Worker-28: Building] INFO  o.a.m.s.f.DefaultMavenResourcesFiltering - Copying 6 resources from src\main\resources to target\classes
2025-01-24 15:43:07,520 [Worker-28: Building] INFO  o.a.m.s.f.DefaultMavenResourcesFiltering - Copying 0 resource from src\test\resources to target\test-classes
2025-01-24 15:45:12,848 [Worker-33: Building] INFO  o.e.m.c.i.l.LifecycleMappingFactory - Using org.eclipse.m2e.jdt.JarLifecycleMapping lifecycle mapping for MavenProject: com.fran.springboot.backend:mvc:1 @ C:\STS\springProjects\SpringMvcSecPresencial\pom.xml.
2025-01-24 15:45:13,418 [Worker-33: Building] INFO  o.a.m.s.f.DefaultMavenResourcesFiltering - Copying 0 resource from src\main\resources to target\classes
2025-01-24 15:45:13,419 [Worker-33: Building] INFO  o.a.m.s.f.DefaultMavenResourcesFiltering - Copying 0 resource from src\main\resources to target\classes
2025-01-24 15:45:13,423 [Worker-33: Building] INFO  o.a.m.s.f.DefaultMavenResourcesFiltering - Copying 0 resource from src\test\resources to target\test-classes
2025-01-24 15:45:13,499 [Worker-34: Updating Maven Project] INFO  o.e.m.c.i.p.ProjectConfigurationManager - Update started
2025-01-24 15:45:13,803 [Worker-34: Updating Maven Project] INFO  o.e.m.c.i.l.LifecycleMappingFactory - Using org.eclipse.m2e.jdt.JarLifecycleMapping lifecycle mapping for MavenProject: com.fran.springboot.backend:mvc:1 @ C:\STS\springProjects\SpringMvcSecPresencial\pom.xml.
2025-01-24 15:45:14,243 [Worker-34: Updating Maven Project] INFO  o.e.m.j.i.AbstractJavaProjectConfigurator - Adding source folder /SpringMvcSecPresencial/src/main/java
2025-01-24 15:45:14,244 [Worker-34: Updating Maven Project] INFO  o.e.m.j.i.AbstractJavaProjectConfigurator - Adding resource folder /SpringMvcSecPresencial/src/main/resources
2025-01-24 15:45:14,244 [Worker-34: Updating Maven Project] INFO  o.e.m.j.i.AbstractJavaProjectConfigurator - Adding resource folder /SpringMvcSecPresencial/src/main/resources
2025-01-24 15:45:14,244 [Worker-34: Updating Maven Project] INFO  o.e.m.j.i.AbstractJavaProjectConfigurator - Adding source folder /SpringMvcSecPresencial/src/test/java
2025-01-24 15:45:14,244 [Worker-34: Updating Maven Project] INFO  o.e.m.j.i.AbstractJavaProjectConfigurator - Adding resource folder /SpringMvcSecPresencial/src/test/resources
2025-01-24 15:45:14,484 [Worker-34: Updating Maven Project] INFO  o.e.m.c.i.p.ProjectConfigurationManager - Update completed for 1 poms: local refresh takes 0,00 sec, refresh facades takes 0,00 sec, update config takes 0,00 sec 
2025-01-24 15:45:14,584 [Worker-33: Updating Maven Project] INFO  o.e.m.c.i.p.ProjectConfigurationManager - Update started
2025-01-24 15:45:14,723 [Worker-33: Updating Maven Project] INFO  o.e.m.c.i.l.LifecycleMappingFactory - Using org.eclipse.m2e.jdt.JarLifecycleMapping lifecycle mapping for MavenProject: com.fran.springboot.backend:mvc:1 @ C:\STS\springProjects\SpringMvcSecPresencial\pom.xml.
2025-01-24 15:45:15,130 [Worker-33: Updating Maven Project] INFO  o.e.m.j.i.AbstractJavaProjectConfigurator - Adding source folder /SpringMvcSecPresencial/src/main/java
2025-01-24 15:45:15,130 [Worker-33: Updating Maven Project] INFO  o.e.m.j.i.AbstractJavaProjectConfigurator - Adding resource folder /SpringMvcSecPresencial/src/main/resources
2025-01-24 15:45:15,130 [Worker-33: Updating Maven Project] INFO  o.e.m.j.i.AbstractJavaProjectConfigurator - Adding resource folder /SpringMvcSecPresencial/src/main/resources
2025-01-24 15:45:15,131 [Worker-33: Updating Maven Project] INFO  o.e.m.j.i.AbstractJavaProjectConfigurator - Adding source folder /SpringMvcSecPresencial/src/test/java
2025-01-24 15:45:15,131 [Worker-33: Updating Maven Project] INFO  o.e.m.j.i.AbstractJavaProjectConfigurator - Adding resource folder /SpringMvcSecPresencial/src/test/resources
2025-01-24 15:45:15,303 [Worker-33: Updating Maven Project] INFO  o.e.m.c.i.p.ProjectConfigurationManager - Update completed for 1 poms: local refresh takes 0,00 sec, refresh facades takes 0,00 sec, update config takes 0,00 sec 
2025-01-24 15:45:15,688 [Worker-31: Building] INFO  o.a.m.s.f.DefaultMavenResourcesFiltering - Copying 1 resource from src\main\resources to target\classes
2025-01-24 15:45:15,703 [Worker-31: Building] INFO  o.a.m.s.f.DefaultMavenResourcesFiltering - Copying 6 resources from src\main\resources to target\classes
2025-01-24 15:45:15,711 [Worker-31: Building] INFO  o.a.m.s.f.DefaultMavenResourcesFiltering - Copying 0 resource from src\test\resources to target\test-classes
2025-01-24 15:46:05,398 [Worker-35: Building] INFO  o.e.m.c.i.l.LifecycleMappingFactory - Using org.eclipse.m2e.jdt.JarLifecycleMapping lifecycle mapping for MavenProject: com.fran.springboot.backend:mvc:1 @ C:\STS\springProjects\SpringMvcSecPresencial\pom.xml.
2025-01-24 15:46:05,752 [Worker-35: Building] INFO  o.a.m.s.f.DefaultMavenResourcesFiltering - Copying 0 resource from src\main\resources to target\classes
2025-01-24 15:46:05,753 [Worker-35: Building] INFO  o.a.m.s.f.DefaultMavenResourcesFiltering - Copying 0 resource from src\main\resources to target\classes
2025-01-24 15:46:05,756 [Worker-35: Building] INFO  o.a.m.s.f.DefaultMavenResourcesFiltering - Copying 0 resource from src\test\resources to target\test-classes
2025-01-24 15:46:06,977 [Worker-34: Building] INFO  o.a.m.s.f.DefaultMavenResourcesFiltering - Copying 1 resource from src\main\resources to target\classes
2025-01-24 15:46:06,987 [Worker-34: Building] INFO  o.a.m.s.f.DefaultMavenResourcesFiltering - Copying 6 resources from src\main\resources to target\classes
2025-01-24 15:46:06,992 [Worker-34: Building] INFO  o.a.m.s.f.DefaultMavenResourcesFiltering - Copying 0 resource from src\test\resources to target\test-classes
2025-01-24 15:46:54,585 [Worker-33: Building] INFO  o.a.m.s.f.DefaultMavenResourcesFiltering - Copying 1 resource from src\main\resources to target\classes
2025-01-24 15:46:54,595 [Worker-33: Building] INFO  o.a.m.s.f.DefaultMavenResourcesFiltering - Copying 6 resources from src\main\resources to target\classes
2025-01-24 15:46:54,599 [Worker-33: Building] INFO  o.a.m.s.f.DefaultMavenResourcesFiltering - Copying 0 resource from src\test\resources to target\test-classes
2025-01-24 15:53:03,754 [Worker-35: Building] INFO  o.a.m.s.f.DefaultMavenResourcesFiltering - Copying 1 resource from src\main\resources to target\classes
2025-01-24 15:53:03,759 [Worker-35: Building] INFO  o.a.m.s.f.DefaultMavenResourcesFiltering - Copying 6 resources from src\main\resources to target\classes
2025-01-24 15:53:03,762 [Worker-35: Building] INFO  o.a.m.s.f.DefaultMavenResourcesFiltering - Copying 0 resource from src\test\resources to target\test-classes
2025-01-24 15:54:05,744 [Worker-40: Building] INFO  o.a.m.s.f.DefaultMavenResourcesFiltering - Copying 1 resource from src\main\resources to target\classes
2025-01-24 15:54:05,748 [Worker-40: Building] INFO  o.a.m.s.f.DefaultMavenResourcesFiltering - Copying 6 resources from src\main\resources to target\classes
2025-01-24 15:54:05,751 [Worker-40: Building] INFO  o.a.m.s.f.DefaultMavenResourcesFiltering - Copying 0 resource from src\test\resources to target\test-classes
2025-01-24 15:54:17,337 [Worker-31: Building] INFO  o.a.m.s.f.DefaultMavenResourcesFiltering - Copying 1 resource from src\main\resources to target\classes
2025-01-24 15:54:17,341 [Worker-31: Building] INFO  o.a.m.s.f.DefaultMavenResourcesFiltering - Copying 6 resources from src\main\resources to target\classes
2025-01-24 15:54:17,345 [Worker-31: Building] INFO  o.a.m.s.f.DefaultMavenResourcesFiltering - Copying 0 resource from src\test\resources to target\test-classes
2025-01-24 17:15:48,023 [Worker-4: Loading available Gradle versions] INFO  o.e.b.c.i.u.g.PublishedGradleVersions - Gradle version information cache is out-of-date. Trying to update.
2025-01-24 17:32:22,728 [Worker-27: Building] INFO  o.a.m.s.f.DefaultMavenResourcesFiltering - Copying 1 resource from src\main\resources to target\classes
2025-01-24 17:32:22,747 [Worker-27: Building] INFO  o.a.m.s.f.DefaultMavenResourcesFiltering - Copying 0 resource from src\main\resources to target\classes
2025-01-24 17:32:22,753 [Worker-27: Building] INFO  o.a.m.s.f.DefaultMavenResourcesFiltering - Copying 0 resource from src\test\resources to target\test-classes
2025-01-24 18:52:07,592 [Worker-58: Building] INFO  o.a.m.s.f.DefaultMavenResourcesFiltering - Copying 1 resource from src\main\resources to target\classes
2025-01-24 18:52:07,597 [Worker-58: Building] INFO  o.a.m.s.f.DefaultMavenResourcesFiltering - Copying 0 resource from src\main\resources to target\classes
2025-01-24 18:52:07,601 [Worker-58: Building] INFO  o.a.m.s.f.DefaultMavenResourcesFiltering - Copying 0 resource from src\test\resources to target\test-classes
2025-01-24 18:55:37,048 [Worker-64: Building] INFO  o.a.m.s.f.DefaultMavenResourcesFiltering - Copying 1 resource from src\main\resources to target\classes
2025-01-24 18:55:37,053 [Worker-64: Building] INFO  o.a.m.s.f.DefaultMavenResourcesFiltering - Copying 0 resource from src\main\resources to target\classes
2025-01-24 18:55:37,055 [Worker-64: Building] INFO  o.a.m.s.f.DefaultMavenResourcesFiltering - Copying 0 resource from src\test\resources to target\test-classes
2025-01-25 11:04:41,007 [Worker-4: Loading available Gradle versions] INFO  o.e.b.c.i.u.g.PublishedGradleVersions - Gradle version information cache is up-to-date. Trying to read.
2025-01-25 11:30:01,560 [Worker-33: Building] INFO  o.a.m.s.f.DefaultMavenResourcesFiltering - Copying 1 resource from src\main\resources to target\classes
2025-01-25 11:30:01,594 [Worker-33: Building] INFO  o.a.m.s.f.DefaultMavenResourcesFiltering - Copying 0 resource from src\main\resources to target\classes
2025-01-25 11:30:01,599 [Worker-33: Building] INFO  o.a.m.s.f.DefaultMavenResourcesFiltering - Copying 0 resource from src\test\resources to target\test-classes
2025-01-25 11:40:55,201 [Worker-43: Building] INFO  o.a.m.s.f.DefaultMavenResourcesFiltering - Copying 1 resource from src\main\resources to target\classes
2025-01-25 11:40:55,207 [Worker-43: Building] INFO  o.a.m.s.f.DefaultMavenResourcesFiltering - Copying 0 resource from src\main\resources to target\classes
2025-01-25 11:40:55,211 [Worker-43: Building] INFO  o.a.m.s.f.DefaultMavenResourcesFiltering - Copying 0 resource from src\test\resources to target\test-classes
2025-01-25 11:46:02,307 [Worker-44: Building] INFO  o.a.m.s.f.DefaultMavenResourcesFiltering - Copying 1 resource from src\main\resources to target\classes
2025-01-25 11:46:02,314 [Worker-44: Building] INFO  o.a.m.s.f.DefaultMavenResourcesFiltering - Copying 0 resource from src\main\resources to target\classes
2025-01-25 11:46:02,317 [Worker-44: Building] INFO  o.a.m.s.f.DefaultMavenResourcesFiltering - Copying 0 resource from src\test\resources to target\test-classes
2025-01-25 17:50:59,519 [Worker-4: Loading available Gradle versions] INFO  o.e.b.c.i.u.g.PublishedGradleVersions - Gradle version information cache is out-of-date. Trying to update.
2025-01-25 18:09:54,993 [Worker-46: Building] INFO  o.a.m.s.f.DefaultMavenResourcesFiltering - Copying 1 resource from src\main\resources to target\classes
2025-01-25 18:09:55,094 [Worker-46: Building] INFO  o.a.m.s.f.DefaultMavenResourcesFiltering - Copying 0 resource from src\main\resources to target\classes
2025-01-25 18:09:55,110 [Worker-46: Building] INFO  o.a.m.s.f.DefaultMavenResourcesFiltering - Copying 0 resource from src\test\resources to target\test-classes
2025-01-25 18:30:20,488 [Worker-62: Building] INFO  o.a.m.s.f.DefaultMavenResourcesFiltering - Copying 1 resource from src\main\resources to target\classes
2025-01-25 18:30:20,504 [Worker-62: Building] INFO  o.a.m.s.f.DefaultMavenResourcesFiltering - Copying 0 resource from src\main\resources to target\classes
2025-01-25 18:30:20,514 [Worker-62: Building] INFO  o.a.m.s.f.DefaultMavenResourcesFiltering - Copying 0 resource from src\test\resources to target\test-classes
2025-01-25 18:37:42,830 [Worker-67: Building] INFO  o.a.m.s.f.DefaultMavenResourcesFiltering - Copying 1 resource from src\main\resources to target\classes
2025-01-25 18:37:42,847 [Worker-67: Building] INFO  o.a.m.s.f.DefaultMavenResourcesFiltering - Copying 0 resource from src\main\resources to target\classes
2025-01-25 18:37:42,860 [Worker-67: Building] INFO  o.a.m.s.f.DefaultMavenResourcesFiltering - Copying 0 resource from src\test\resources to target\test-classes
2025-01-25 18:54:10,259 [Worker-76: Building] INFO  o.a.m.s.f.DefaultMavenResourcesFiltering - Copying 1 resource from src\main\resources to target\classes
2025-01-25 18:54:10,286 [Worker-76: Building] INFO  o.a.m.s.f.DefaultMavenResourcesFiltering - Copying 0 resource from src\main\resources to target\classes
2025-01-25 18:54:10,303 [Worker-76: Building] INFO  o.a.m.s.f.DefaultMavenResourcesFiltering - Copying 0 resource from src\test\resources to target\test-classes
2025-01-26 11:48:31,715 [Worker-6: Loading available Gradle versions] INFO  o.e.b.c.i.u.g.PublishedGradleVersions - Gradle version information cache is up-to-date. Trying to read.
2025-01-26 11:56:58,856 [Worker-29: Launching practica06 - Practica06Application] INFO  o.a.m.s.f.DefaultMavenResourcesFiltering - Copying 1 resource from src\main\resources to target\classes
2025-01-26 11:56:58,872 [Worker-29: Launching practica06 - Practica06Application] INFO  o.a.m.s.f.DefaultMavenResourcesFiltering - Copying 0 resource from src\main\resources to target\classes
2025-01-26 11:56:58,876 [Worker-29: Launching practica06 - Practica06Application] INFO  o.a.m.s.f.DefaultMavenResourcesFiltering - Copying 0 resource from src\test\resources to target\test-classes
2025-01-26 12:04:48,606 [Worker-38: Building] INFO  o.a.m.s.f.DefaultMavenResourcesFiltering - Copying 1 resource from src\main\resources to target\classes
2025-01-26 12:04:48,611 [Worker-38: Building] INFO  o.a.m.s.f.DefaultMavenResourcesFiltering - Copying 0 resource from src\main\resources to target\classes
2025-01-26 12:04:48,613 [Worker-38: Building] INFO  o.a.m.s.f.DefaultMavenResourcesFiltering - Copying 0 resource from src\test\resources to target\test-classes
2025-01-26 12:05:24,939 [Worker-43: Building] INFO  o.a.m.s.f.DefaultMavenResourcesFiltering - Copying 1 resource from src\main\resources to target\classes
2025-01-26 12:05:24,943 [Worker-43: Building] INFO  o.a.m.s.f.DefaultMavenResourcesFiltering - Copying 0 resource from src\main\resources to target\classes
2025-01-26 12:05:24,945 [Worker-43: Building] INFO  o.a.m.s.f.DefaultMavenResourcesFiltering - Copying 0 resource from src\test\resources to target\test-classes
2025-01-26 12:11:06,969 [Worker-45: Building] INFO  o.a.m.s.f.DefaultMavenResourcesFiltering - Copying 1 resource from src\main\resources to target\classes
2025-01-26 12:11:06,976 [Worker-45: Building] INFO  o.a.m.s.f.DefaultMavenResourcesFiltering - Copying 0 resource from src\main\resources to target\classes
2025-01-26 12:11:06,978 [Worker-45: Building] INFO  o.a.m.s.f.DefaultMavenResourcesFiltering - Copying 0 resource from src\test\resources to target\test-classes
2025-01-26 12:11:20,099 [Worker-47: Building] INFO  o.a.m.s.f.DefaultMavenResourcesFiltering - Copying 1 resource from src\main\resources to target\classes
2025-01-26 12:11:20,102 [Worker-47: Building] INFO  o.a.m.s.f.DefaultMavenResourcesFiltering - Copying 0 resource from src\main\resources to target\classes
2025-01-26 12:11:20,105 [Worker-47: Building] INFO  o.a.m.s.f.DefaultMavenResourcesFiltering - Copying 0 resource from src\test\resources to target\test-classes
2025-01-26 12:11:31,719 [Worker-30: Building] INFO  o.a.m.s.f.DefaultMavenResourcesFiltering - Copying 1 resource from src\main\resources to target\classes
2025-01-26 12:11:31,723 [Worker-30: Building] INFO  o.a.m.s.f.DefaultMavenResourcesFiltering - Copying 0 resource from src\main\resources to target\classes
2025-01-26 12:11:31,725 [Worker-30: Building] INFO  o.a.m.s.f.DefaultMavenResourcesFiltering - Copying 0 resource from src\test\resources to target\test-classes
2025-01-26 12:11:46,299 [Worker-43: Building] INFO  o.a.m.s.f.DefaultMavenResourcesFiltering - Copying 1 resource from src\main\resources to target\classes
2025-01-26 12:11:46,302 [Worker-43: Building] INFO  o.a.m.s.f.DefaultMavenResourcesFiltering - Copying 0 resource from src\main\resources to target\classes
2025-01-26 12:11:46,304 [Worker-43: Building] INFO  o.a.m.s.f.DefaultMavenResourcesFiltering - Copying 0 resource from src\test\resources to target\test-classes
2025-01-26 12:12:04,839 [Worker-43: Building] INFO  o.a.m.s.f.DefaultMavenResourcesFiltering - Copying 1 resource from src\main\resources to target\classes
2025-01-26 12:12:04,843 [Worker-43: Building] INFO  o.a.m.s.f.DefaultMavenResourcesFiltering - Copying 0 resource from src\main\resources to target\classes
2025-01-26 12:12:04,844 [Worker-43: Building] INFO  o.a.m.s.f.DefaultMavenResourcesFiltering - Copying 0 resource from src\test\resources to target\test-classes
2025-01-26 12:16:36,356 [Worker-45: Building] INFO  o.a.m.s.f.DefaultMavenResourcesFiltering - Copying 1 resource from src\main\resources to target\classes
2025-01-26 12:16:36,361 [Worker-45: Building] INFO  o.a.m.s.f.DefaultMavenResourcesFiltering - Copying 0 resource from src\main\resources to target\classes
2025-01-26 12:16:36,363 [Worker-45: Building] INFO  o.a.m.s.f.DefaultMavenResourcesFiltering - Copying 0 resource from src\test\resources to target\test-classes
2025-01-26 12:16:57,477 [Worker-50: Building] INFO  o.a.m.s.f.DefaultMavenResourcesFiltering - Copying 1 resource from src\main\resources to target\classes
2025-01-26 12:16:57,480 [Worker-50: Building] INFO  o.a.m.s.f.DefaultMavenResourcesFiltering - Copying 0 resource from src\main\resources to target\classes
2025-01-26 12:16:57,482 [Worker-50: Building] INFO  o.a.m.s.f.DefaultMavenResourcesFiltering - Copying 0 resource from src\test\resources to target\test-classes
2025-01-26 12:18:11,243 [Worker-50: Building] INFO  o.a.m.s.f.DefaultMavenResourcesFiltering - Copying 1 resource from src\main\resources to target\classes
2025-01-26 12:18:11,249 [Worker-50: Building] INFO  o.a.m.s.f.DefaultMavenResourcesFiltering - Copying 0 resource from src\main\resources to target\classes
2025-01-26 12:18:11,253 [Worker-50: Building] INFO  o.a.m.s.f.DefaultMavenResourcesFiltering - Copying 0 resource from src\test\resources to target\test-classes
2025-01-26 12:18:22,605 [Worker-45: Building] INFO  o.a.m.s.f.DefaultMavenResourcesFiltering - Copying 1 resource from src\main\resources to target\classes
2025-01-26 12:18:22,608 [Worker-45: Building] INFO  o.a.m.s.f.DefaultMavenResourcesFiltering - Copying 0 resource from src\main\resources to target\classes
2025-01-26 12:18:22,611 [Worker-45: Building] INFO  o.a.m.s.f.DefaultMavenResourcesFiltering - Copying 0 resource from src\test\resources to target\test-classes
2025-01-26 12:21:05,758 [Worker-55: Building] INFO  o.a.m.s.f.DefaultMavenResourcesFiltering - Copying 1 resource from src\main\resources to target\classes
2025-01-26 12:21:05,766 [Worker-55: Building] INFO  o.a.m.s.f.DefaultMavenResourcesFiltering - Copying 0 resource from src\main\resources to target\classes
2025-01-26 12:21:05,770 [Worker-55: Building] INFO  o.a.m.s.f.DefaultMavenResourcesFiltering - Copying 0 resource from src\test\resources to target\test-classes
2025-01-26 12:51:08,553 [Worker-70: Building] INFO  o.a.m.s.f.DefaultMavenResourcesFiltering - Copying 1 resource from src\main\resources to target\classes
2025-01-26 12:51:08,561 [Worker-70: Building] INFO  o.a.m.s.f.DefaultMavenResourcesFiltering - Copying 0 resource from src\main\resources to target\classes
2025-01-26 12:51:08,566 [Worker-70: Building] INFO  o.a.m.s.f.DefaultMavenResourcesFiltering - Copying 0 resource from src\test\resources to target\test-classes
2025-01-26 20:33:53,971 [Worker-4: Loading available Gradle versions] INFO  o.e.b.c.i.u.g.PublishedGradleVersions - Gradle version information cache is out-of-date. Trying to update.
2025-01-26 20:37:16,652 [Worker-17: Launching practica06 - Practica06Application] INFO  o.a.m.s.f.DefaultMavenResourcesFiltering - Copying 1 resource from src\main\resources to target\classes
2025-01-26 20:37:16,710 [Worker-17: Launching practica06 - Practica06Application] INFO  o.a.m.s.f.DefaultMavenResourcesFiltering - Copying 0 resource from src\main\resources to target\classes
2025-01-26 20:37:16,718 [Worker-17: Launching practica06 - Practica06Application] INFO  o.a.m.s.f.DefaultMavenResourcesFiltering - Copying 0 resource from src\test\resources to target\test-classes
2025-01-26 20:45:57,976 [Worker-30: Building] INFO  o.a.m.s.f.DefaultMavenResourcesFiltering - Copying 1 resource from src\main\resources to target\classes
2025-01-26 20:45:57,993 [Worker-30: Building] INFO  o.a.m.s.f.DefaultMavenResourcesFiltering - Copying 0 resource from src\main\resources to target\classes
2025-01-26 20:45:58,002 [Worker-30: Building] INFO  o.a.m.s.f.DefaultMavenResourcesFiltering - Copying 0 resource from src\test\resources to target\test-classes
2025-01-26 21:12:30,177 [Worker-52: Building] INFO  o.a.m.s.f.DefaultMavenResourcesFiltering - Copying 1 resource from src\main\resources to target\classes
2025-01-26 21:12:30,198 [Worker-52: Building] INFO  o.a.m.s.f.DefaultMavenResourcesFiltering - Copying 0 resource from src\main\resources to target\classes
2025-01-26 21:12:30,210 [Worker-52: Building] INFO  o.a.m.s.f.DefaultMavenResourcesFiltering - Copying 0 resource from src\test\resources to target\test-classes
2025-01-26 21:14:03,239 [Worker-43: Building] INFO  o.a.m.s.f.DefaultMavenResourcesFiltering - Copying 1 resource from src\main\resources to target\classes
2025-01-26 21:14:03,247 [Worker-43: Building] INFO  o.a.m.s.f.DefaultMavenResourcesFiltering - Copying 0 resource from src\main\resources to target\classes
2025-01-26 21:14:03,254 [Worker-43: Building] INFO  o.a.m.s.f.DefaultMavenResourcesFiltering - Copying 0 resource from src\test\resources to target\test-classes
2025-01-27 09:30:36,505 [Worker-6: Loading available Gradle versions] INFO  o.e.b.c.i.u.g.PublishedGradleVersions - Gradle version information cache is up-to-date. Trying to read.
2025-01-27 09:31:17,426 [Worker-22: Building] INFO  o.a.m.s.f.DefaultMavenResourcesFiltering - Copying 1 resource from src\main\resources to target\classes
2025-01-27 09:31:17,445 [Worker-22: Building] INFO  o.a.m.s.f.DefaultMavenResourcesFiltering - Copying 0 resource from src\main\resources to target\classes
2025-01-27 09:31:17,451 [Worker-22: Building] INFO  o.a.m.s.f.DefaultMavenResourcesFiltering - Copying 0 resource from src\test\resources to target\test-classes
2025-01-27 09:32:17,303 [Worker-9: Building] INFO  o.a.m.s.f.DefaultMavenResourcesFiltering - Copying 1 resource from src\main\resources to target\classes
2025-01-27 09:32:17,308 [Worker-9: Building] INFO  o.a.m.s.f.DefaultMavenResourcesFiltering - Copying 0 resource from src\main\resources to target\classes
2025-01-27 09:32:17,310 [Worker-9: Building] INFO  o.a.m.s.f.DefaultMavenResourcesFiltering - Copying 0 resource from src\test\resources to target\test-classes
2025-01-27 09:32:46,929 [Worker-6: Building] INFO  o.a.m.s.f.DefaultMavenResourcesFiltering - Copying 1 resource from src\main\resources to target\classes
2025-01-27 09:32:46,934 [Worker-6: Building] INFO  o.a.m.s.f.DefaultMavenResourcesFiltering - Copying 0 resource from src\main\resources to target\classes
2025-01-27 09:32:46,937 [Worker-6: Building] INFO  o.a.m.s.f.DefaultMavenResourcesFiltering - Copying 0 resource from src\test\resources to target\test-classes
2025-01-27 09:33:11,131 [Worker-27: Building] INFO  o.a.m.s.f.DefaultMavenResourcesFiltering - Copying 1 resource from src\main\resources to target\classes
2025-01-27 09:33:11,135 [Worker-27: Building] INFO  o.a.m.s.f.DefaultMavenResourcesFiltering - Copying 0 resource from src\main\resources to target\classes
2025-01-27 09:33:11,137 [Worker-27: Building] INFO  o.a.m.s.f.DefaultMavenResourcesFiltering - Copying 0 resource from src\test\resources to target\test-classes
2025-01-27 09:33:15,788 [Worker-23: Building] INFO  o.a.m.s.f.DefaultMavenResourcesFiltering - Copying 1 resource from src\main\resources to target\classes
2025-01-27 09:33:15,791 [Worker-23: Building] INFO  o.a.m.s.f.DefaultMavenResourcesFiltering - Copying 0 resource from src\main\resources to target\classes
2025-01-27 09:33:15,794 [Worker-23: Building] INFO  o.a.m.s.f.DefaultMavenResourcesFiltering - Copying 0 resource from src\test\resources to target\test-classes
2025-01-27 09:35:09,140 [Worker-24: Building] INFO  o.a.m.s.f.DefaultMavenResourcesFiltering - Copying 1 resource from src\main\resources to target\classes
2025-01-27 09:35:09,143 [Worker-24: Building] INFO  o.a.m.s.f.DefaultMavenResourcesFiltering - Copying 0 resource from src\main\resources to target\classes
2025-01-27 09:35:09,146 [Worker-24: Building] INFO  o.a.m.s.f.DefaultMavenResourcesFiltering - Copying 0 resource from src\test\resources to target\test-classes
2025-01-27 09:35:21,242 [Worker-2: Building] INFO  o.a.m.s.f.DefaultMavenResourcesFiltering - Copying 1 resource from src\main\resources to target\classes
2025-01-27 09:35:21,245 [Worker-2: Building] INFO  o.a.m.s.f.DefaultMavenResourcesFiltering - Copying 0 resource from src\main\resources to target\classes
2025-01-27 09:35:21,247 [Worker-2: Building] INFO  o.a.m.s.f.DefaultMavenResourcesFiltering - Copying 0 resource from src\test\resources to target\test-classes
2025-01-27 09:41:33,221 [Worker-30: Building] INFO  o.a.m.s.f.DefaultMavenResourcesFiltering - Copying 1 resource from src\main\resources to target\classes
2025-01-27 09:41:33,229 [Worker-30: Building] INFO  o.a.m.s.f.DefaultMavenResourcesFiltering - Copying 0 resource from src\main\resources to target\classes
2025-01-27 09:41:33,231 [Worker-30: Building] INFO  o.a.m.s.f.DefaultMavenResourcesFiltering - Copying 0 resource from src\test\resources to target\test-classes
2025-01-27 11:02:35,488 [Worker-64: Building] INFO  o.a.m.s.f.DefaultMavenResourcesFiltering - Copying 1 resource from src\main\resources to target\classes
2025-01-27 11:02:35,494 [Worker-64: Building] INFO  o.a.m.s.f.DefaultMavenResourcesFiltering - Copying 0 resource from src\main\resources to target\classes
2025-01-27 11:02:35,496 [Worker-64: Building] INFO  o.a.m.s.f.DefaultMavenResourcesFiltering - Copying 0 resource from src\test\resources to target\test-classes
2025-01-27 11:06:51,714 [Worker-69: Building] INFO  o.a.m.s.f.DefaultMavenResourcesFiltering - Copying 1 resource from src\main\resources to target\classes
2025-01-27 11:06:51,722 [Worker-69: Building] INFO  o.a.m.s.f.DefaultMavenResourcesFiltering - Copying 0 resource from src\main\resources to target\classes
2025-01-27 11:06:51,725 [Worker-69: Building] INFO  o.a.m.s.f.DefaultMavenResourcesFiltering - Copying 0 resource from src\test\resources to target\test-classes
2025-01-27 11:28:22,455 [Worker-71: Building] INFO  o.a.m.s.f.DefaultMavenResourcesFiltering - Copying 1 resource from src\main\resources to target\classes
2025-01-27 11:28:22,461 [Worker-71: Building] INFO  o.a.m.s.f.DefaultMavenResourcesFiltering - Copying 0 resource from src\main\resources to target\classes
2025-01-27 11:28:22,464 [Worker-71: Building] INFO  o.a.m.s.f.DefaultMavenResourcesFiltering - Copying 0 resource from src\test\resources to target\test-classes
2025-01-27 11:40:30,631 [Worker-77: Launching practica06 - Practica06Application] INFO  o.a.m.s.f.DefaultMavenResourcesFiltering - Copying 1 resource from src\main\resources to target\classes
2025-01-27 11:40:30,639 [Worker-77: Launching practica06 - Practica06Application] INFO  o.a.m.s.f.DefaultMavenResourcesFiltering - Copying 0 resource from src\main\resources to target\classes
2025-01-27 11:40:30,643 [Worker-77: Launching practica06 - Practica06Application] INFO  o.a.m.s.f.DefaultMavenResourcesFiltering - Copying 0 resource from src\test\resources to target\test-classes
2025-01-27 15:21:08,241 [Worker-4: Loading available Gradle versions] INFO  o.e.b.c.i.u.g.PublishedGradleVersions - Gradle version information cache is up-to-date. Trying to read.
2025-01-28 11:12:01,204 [Worker-4: Loading available Gradle versions] INFO  o.e.b.c.i.u.g.PublishedGradleVersions - Gradle version information cache is out-of-date. Trying to update.
2025-01-28 11:14:25,363 [Worker-13: Building] INFO  o.a.m.s.f.DefaultMavenResourcesFiltering - Copying 1 resource from src\main\resources to target\classes
2025-01-28 11:14:25,381 [Worker-13: Building] INFO  o.a.m.s.f.DefaultMavenResourcesFiltering - Copying 6 resources from src\main\resources to target\classes
2025-01-28 11:14:25,395 [Worker-13: Building] INFO  o.a.m.s.f.DefaultMavenResourcesFiltering - Copying 0 resource from src\test\resources to target\test-classes
2025-01-28 11:14:27,098 [Worker-11: Building] INFO  o.a.m.s.f.DefaultMavenResourcesFiltering - Copying 1 resource from src\main\resources to target\classes
2025-01-28 11:14:27,129 [Worker-11: Building] INFO  o.a.m.s.f.DefaultMavenResourcesFiltering - Copying 6 resources from src\main\resources to target\classes
2025-01-28 11:14:27,142 [Worker-11: Building] INFO  o.a.m.s.f.DefaultMavenResourcesFiltering - Copying 0 resource from src\test\resources to target\test-classes
2025-01-28 11:14:27,419 [Worker-11: Building] INFO  o.a.m.s.f.DefaultMavenResourcesFiltering - skip non existing resourceDirectory C:\STS\springProjects\biblioteca1\src\main\resources
2025-01-28 11:14:27,422 [Worker-11: Building] INFO  o.a.m.s.f.DefaultMavenResourcesFiltering - skip non existing resourceDirectory C:\STS\springProjects\biblioteca1\src\test\resources
2025-01-28 11:14:27,985 [Worker-11: Building] INFO  o.a.m.s.f.DefaultMavenResourcesFiltering - skip non existing resourceDirectory C:\STS\springProjects\bibliotecah2\src\main\resources
2025-01-28 11:14:27,988 [Worker-11: Building] INFO  o.a.m.s.f.DefaultMavenResourcesFiltering - skip non existing resourceDirectory C:\STS\springProjects\bibliotecah2\src\test\resources
2025-01-28 11:14:28,627 [Worker-11: Building] INFO  o.a.m.s.f.DefaultMavenResourcesFiltering - Copying 1 resource from src\main\resources to target\classes
2025-01-28 11:14:28,635 [Worker-11: Building] INFO  o.a.m.s.f.DefaultMavenResourcesFiltering - Copying 1 resource from src\main\resources to target\classes
2025-01-28 11:14:28,638 [Worker-11: Building] INFO  o.a.m.s.f.DefaultMavenResourcesFiltering - Copying 0 resource from src\test\resources to target\test-classes
2025-01-28 11:14:28,837 [Worker-11: Building] INFO  o.a.m.s.f.DefaultMavenResourcesFiltering - skip non existing resourceDirectory C:\STS\springProjects\hibernateanotaciones1\src\main\resources
2025-01-28 11:14:28,840 [Worker-11: Building] INFO  o.a.m.s.f.DefaultMavenResourcesFiltering - skip non existing resourceDirectory C:\STS\springProjects\hibernateanotaciones1\src\test\resources
2025-01-28 11:14:28,951 [Worker-11: Building] INFO  o.a.m.s.f.DefaultMavenResourcesFiltering - skip non existing resourceDirectory C:\STS\springProjects\hibernateanotaciones2\src\main\resources
2025-01-28 11:14:28,952 [Worker-11: Building] INFO  o.a.m.s.f.DefaultMavenResourcesFiltering - skip non existing resourceDirectory C:\STS\springProjects\hibernateanotaciones2\src\test\resources
2025-01-28 11:14:29,176 [Worker-11: Building] INFO  o.a.m.s.f.DefaultMavenResourcesFiltering - skip non existing resourceDirectory C:\STS\springProjects\hibernateanotaciones3\src\main\resources
2025-01-28 11:14:29,178 [Worker-11: Building] INFO  o.a.m.s.f.DefaultMavenResourcesFiltering - skip non existing resourceDirectory C:\STS\springProjects\hibernateanotaciones3\src\test\resources
2025-01-28 11:14:29,391 [Worker-11: Building] INFO  o.a.m.s.f.DefaultMavenResourcesFiltering - skip non existing resourceDirectory C:\STS\springProjects\practica04\src\main\resources
2025-01-28 11:14:29,392 [Worker-11: Building] INFO  o.a.m.s.f.DefaultMavenResourcesFiltering - skip non existing resourceDirectory C:\STS\springProjects\practica04\src\test\resources
2025-01-28 11:14:29,816 [Worker-11: Building] INFO  o.a.m.s.f.DefaultMavenResourcesFiltering - Copying 1 resource from src\main\resources to target\classes
2025-01-28 11:14:29,845 [Worker-11: Building] INFO  o.a.m.s.f.DefaultMavenResourcesFiltering - Copying 0 resource from src\main\resources to target\classes
2025-01-28 11:14:29,849 [Worker-11: Building] INFO  o.a.m.s.f.DefaultMavenResourcesFiltering - Copying 0 resource from src\test\resources to target\test-classes
2025-01-28 11:14:33,636 [Worker-4: Building] INFO  o.a.m.s.f.DefaultMavenResourcesFiltering - Copying 1 resource from src\main\resources to target\classes
2025-01-28 11:14:33,640 [Worker-4: Building] INFO  o.a.m.s.f.DefaultMavenResourcesFiltering - Copying 0 resource from src\main\resources to target\classes
2025-01-28 11:14:33,643 [Worker-4: Building] INFO  o.a.m.s.f.DefaultMavenResourcesFiltering - Copying 0 resource from src\test\resources to target\test-classes
2025-01-28 11:15:11,680 [Worker-13: Building] INFO  o.a.m.s.f.DefaultMavenResourcesFiltering - Copying 1 resource from src\main\resources to target\classes
2025-01-28 11:15:11,684 [Worker-13: Building] INFO  o.a.m.s.f.DefaultMavenResourcesFiltering - Copying 0 resource from src\main\resources to target\classes
2025-01-28 11:15:11,686 [Worker-13: Building] INFO  o.a.m.s.f.DefaultMavenResourcesFiltering - Copying 0 resource from src\test\resources to target\test-classes
2025-01-28 11:16:57,395 [Worker-8: Building] INFO  o.a.m.s.f.DefaultMavenResourcesFiltering - Copying 1 resource from src\main\resources to target\classes
2025-01-28 11:16:57,398 [Worker-8: Building] INFO  o.a.m.s.f.DefaultMavenResourcesFiltering - Copying 0 resource from src\main\resources to target\classes
2025-01-28 11:16:57,402 [Worker-8: Building] INFO  o.a.m.s.f.DefaultMavenResourcesFiltering - Copying 0 resource from src\test\resources to target\test-classes
2025-01-28 11:17:33,732 [Worker-21: Building] INFO  o.a.m.s.f.DefaultMavenResourcesFiltering - Copying 1 resource from src\main\resources to target\classes
2025-01-28 11:17:33,735 [Worker-21: Building] INFO  o.a.m.s.f.DefaultMavenResourcesFiltering - Copying 0 resource from src\main\resources to target\classes
2025-01-28 11:17:33,737 [Worker-21: Building] INFO  o.a.m.s.f.DefaultMavenResourcesFiltering - Copying 0 resource from src\test\resources to target\test-classes
2025-01-28 11:18:12,384 [Worker-19: Building] INFO  o.a.m.s.f.DefaultMavenResourcesFiltering - Copying 1 resource from src\main\resources to target\classes
2025-01-28 11:18:12,388 [Worker-19: Building] INFO  o.a.m.s.f.DefaultMavenResourcesFiltering - Copying 0 resource from src\main\resources to target\classes
2025-01-28 11:18:12,390 [Worker-19: Building] INFO  o.a.m.s.f.DefaultMavenResourcesFiltering - Copying 0 resource from src\test\resources to target\test-classes
2025-01-28 11:18:41,872 [Worker-16: Building] INFO  o.a.m.s.f.DefaultMavenResourcesFiltering - Copying 1 resource from src\main\resources to target\classes
2025-01-28 11:18:41,875 [Worker-16: Building] INFO  o.a.m.s.f.DefaultMavenResourcesFiltering - Copying 0 resource from src\main\resources to target\classes
2025-01-28 11:18:41,876 [Worker-16: Building] INFO  o.a.m.s.f.DefaultMavenResourcesFiltering - Copying 0 resource from src\test\resources to target\test-classes
2025-01-28 11:19:06,005 [Worker-22: Building] INFO  o.a.m.s.f.DefaultMavenResourcesFiltering - Copying 1 resource from src\main\resources to target\classes
2025-01-28 11:19:06,008 [Worker-22: Building] INFO  o.a.m.s.f.DefaultMavenResourcesFiltering - Copying 0 resource from src\main\resources to target\classes
2025-01-28 11:19:06,010 [Worker-22: Building] INFO  o.a.m.s.f.DefaultMavenResourcesFiltering - Copying 0 resource from src\test\resources to target\test-classes
2025-01-28 11:27:07,964 [Worker-29: Building] INFO  o.a.m.s.f.DefaultMavenResourcesFiltering - Copying 1 resource from src\main\resources to target\classes
2025-01-28 11:27:07,970 [Worker-29: Building] INFO  o.a.m.s.f.DefaultMavenResourcesFiltering - Copying 0 resource from src\main\resources to target\classes
2025-01-28 11:27:07,971 [Worker-29: Building] INFO  o.a.m.s.f.DefaultMavenResourcesFiltering - Copying 0 resource from src\test\resources to target\test-classes
2025-01-28 11:27:55,058 [Worker-33: Building] INFO  o.a.m.s.f.DefaultMavenResourcesFiltering - Copying 1 resource from src\main\resources to target\classes
2025-01-28 11:27:55,061 [Worker-33: Building] INFO  o.a.m.s.f.DefaultMavenResourcesFiltering - Copying 0 resource from src\main\resources to target\classes
2025-01-28 11:27:55,063 [Worker-33: Building] INFO  o.a.m.s.f.DefaultMavenResourcesFiltering - Copying 0 resource from src\test\resources to target\test-classes
2025-01-28 11:28:22,042 [Worker-25: Building] INFO  o.a.m.s.f.DefaultMavenResourcesFiltering - Copying 1 resource from src\main\resources to target\classes
2025-01-28 11:28:22,046 [Worker-25: Building] INFO  o.a.m.s.f.DefaultMavenResourcesFiltering - Copying 0 resource from src\main\resources to target\classes
2025-01-28 11:28:22,048 [Worker-25: Building] INFO  o.a.m.s.f.DefaultMavenResourcesFiltering - Copying 0 resource from src\test\resources to target\test-classes
2025-01-28 11:28:37,240 [Worker-33: Building] INFO  o.a.m.s.f.DefaultMavenResourcesFiltering - Copying 1 resource from src\main\resources to target\classes
2025-01-28 11:28:37,243 [Worker-33: Building] INFO  o.a.m.s.f.DefaultMavenResourcesFiltering - Copying 0 resource from src\main\resources to target\classes
2025-01-28 11:28:37,245 [Worker-33: Building] INFO  o.a.m.s.f.DefaultMavenResourcesFiltering - Copying 0 resource from src\test\resources to target\test-classes
2025-01-28 11:29:00,511 [Worker-26: Building] INFO  o.a.m.s.f.DefaultMavenResourcesFiltering - Copying 1 resource from src\main\resources to target\classes
2025-01-28 11:29:00,515 [Worker-26: Building] INFO  o.a.m.s.f.DefaultMavenResourcesFiltering - Copying 0 resource from src\main\resources to target\classes
2025-01-28 11:29:00,518 [Worker-26: Building] INFO  o.a.m.s.f.DefaultMavenResourcesFiltering - Copying 0 resource from src\test\resources to target\test-classes
2025-01-28 11:29:12,730 [Worker-31: Building] INFO  o.a.m.s.f.DefaultMavenResourcesFiltering - Copying 1 resource from src\main\resources to target\classes
2025-01-28 11:29:12,734 [Worker-31: Building] INFO  o.a.m.s.f.DefaultMavenResourcesFiltering - Copying 0 resource from src\main\resources to target\classes
2025-01-28 11:29:12,736 [Worker-31: Building] INFO  o.a.m.s.f.DefaultMavenResourcesFiltering - Copying 0 resource from src\test\resources to target\test-classes
2025-01-28 11:29:32,499 [Worker-26: Building] INFO  o.a.m.s.f.DefaultMavenResourcesFiltering - Copying 1 resource from src\main\resources to target\classes
2025-01-28 11:29:32,502 [Worker-26: Building] INFO  o.a.m.s.f.DefaultMavenResourcesFiltering - Copying 0 resource from src\main\resources to target\classes
2025-01-28 11:29:32,504 [Worker-26: Building] INFO  o.a.m.s.f.DefaultMavenResourcesFiltering - Copying 0 resource from src\test\resources to target\test-classes
2025-01-28 11:30:18,027 [Worker-31: Building] INFO  o.a.m.s.f.DefaultMavenResourcesFiltering - Copying 1 resource from src\main\resources to target\classes
2025-01-28 11:30:18,030 [Worker-31: Building] INFO  o.a.m.s.f.DefaultMavenResourcesFiltering - Copying 0 resource from src\main\resources to target\classes
2025-01-28 11:30:18,032 [Worker-31: Building] INFO  o.a.m.s.f.DefaultMavenResourcesFiltering - Copying 0 resource from src\test\resources to target\test-classes
2025-01-28 11:30:56,489 [Worker-33: Building] INFO  o.a.m.s.f.DefaultMavenResourcesFiltering - Copying 1 resource from src\main\resources to target\classes
2025-01-28 11:30:56,493 [Worker-33: Building] INFO  o.a.m.s.f.DefaultMavenResourcesFiltering - Copying 0 resource from src\main\resources to target\classes
2025-01-28 11:30:56,495 [Worker-33: Building] INFO  o.a.m.s.f.DefaultMavenResourcesFiltering - Copying 0 resource from src\test\resources to target\test-classes
2025-01-28 11:32:05,274 [Worker-33: Building] INFO  o.a.m.s.f.DefaultMavenResourcesFiltering - Copying 1 resource from src\main\resources to target\classes
2025-01-28 11:32:05,277 [Worker-33: Building] INFO  o.a.m.s.f.DefaultMavenResourcesFiltering - Copying 0 resource from src\main\resources to target\classes
2025-01-28 11:32:05,278 [Worker-33: Building] INFO  o.a.m.s.f.DefaultMavenResourcesFiltering - Copying 0 resource from src\test\resources to target\test-classes
2025-01-28 11:32:14,173 [Worker-37: Building] INFO  o.a.m.s.f.DefaultMavenResourcesFiltering - Copying 1 resource from src\main\resources to target\classes
2025-01-28 11:32:14,176 [Worker-37: Building] INFO  o.a.m.s.f.DefaultMavenResourcesFiltering - Copying 0 resource from src\main\resources to target\classes
2025-01-28 11:32:14,178 [Worker-37: Building] INFO  o.a.m.s.f.DefaultMavenResourcesFiltering - Copying 0 resource from src\test\resources to target\test-classes
2025-01-28 11:33:35,137 [Worker-27: Building] INFO  o.a.m.s.f.DefaultMavenResourcesFiltering - Copying 1 resource from src\main\resources to target\classes
2025-01-28 11:33:35,140 [Worker-27: Building] INFO  o.a.m.s.f.DefaultMavenResourcesFiltering - Copying 0 resource from src\main\resources to target\classes
2025-01-28 11:33:35,141 [Worker-27: Building] INFO  o.a.m.s.f.DefaultMavenResourcesFiltering - Copying 0 resource from src\test\resources to target\test-classes
2025-01-28 11:34:37,529 [Worker-34: Building] INFO  o.a.m.s.f.DefaultMavenResourcesFiltering - Copying 1 resource from src\main\resources to target\classes
2025-01-28 11:34:37,534 [Worker-34: Building] INFO  o.a.m.s.f.DefaultMavenResourcesFiltering - Copying 0 resource from src\main\resources to target\classes
2025-01-28 11:34:37,535 [Worker-34: Building] INFO  o.a.m.s.f.DefaultMavenResourcesFiltering - Copying 0 resource from src\test\resources to target\test-classes
2025-01-28 11:34:57,201 [Worker-31: Building] INFO  o.a.m.s.f.DefaultMavenResourcesFiltering - Copying 1 resource from src\main\resources to target\classes
2025-01-28 11:34:57,205 [Worker-31: Building] INFO  o.a.m.s.f.DefaultMavenResourcesFiltering - Copying 0 resource from src\main\resources to target\classes
2025-01-28 11:34:57,208 [Worker-31: Building] INFO  o.a.m.s.f.DefaultMavenResourcesFiltering - Copying 0 resource from src\test\resources to target\test-classes
2025-01-28 11:35:52,488 [Worker-30: Building] INFO  o.a.m.s.f.DefaultMavenResourcesFiltering - Copying 1 resource from src\main\resources to target\classes
2025-01-28 11:35:52,492 [Worker-30: Building] INFO  o.a.m.s.f.DefaultMavenResourcesFiltering - Copying 0 resource from src\main\resources to target\classes
2025-01-28 11:35:52,493 [Worker-30: Building] INFO  o.a.m.s.f.DefaultMavenResourcesFiltering - Copying 0 resource from src\test\resources to target\test-classes
2025-01-28 11:36:05,054 [Worker-37: Building] INFO  o.a.m.s.f.DefaultMavenResourcesFiltering - Copying 1 resource from src\main\resources to target\classes
2025-01-28 11:36:05,058 [Worker-37: Building] INFO  o.a.m.s.f.DefaultMavenResourcesFiltering - Copying 0 resource from src\main\resources to target\classes
2025-01-28 11:36:05,060 [Worker-37: Building] INFO  o.a.m.s.f.DefaultMavenResourcesFiltering - Copying 0 resource from src\test\resources to target\test-classes
2025-01-28 11:36:45,663 [Worker-24: Building] INFO  o.a.m.s.f.DefaultMavenResourcesFiltering - Copying 1 resource from src\main\resources to target\classes
2025-01-28 11:36:45,666 [Worker-24: Building] INFO  o.a.m.s.f.DefaultMavenResourcesFiltering - Copying 0 resource from src\main\resources to target\classes
2025-01-28 11:36:45,668 [Worker-24: Building] INFO  o.a.m.s.f.DefaultMavenResourcesFiltering - Copying 0 resource from src\test\resources to target\test-classes
2025-01-28 11:37:27,244 [Worker-29: Building] INFO  o.a.m.s.f.DefaultMavenResourcesFiltering - Copying 1 resource from src\main\resources to target\classes
2025-01-28 11:37:27,247 [Worker-29: Building] INFO  o.a.m.s.f.DefaultMavenResourcesFiltering - Copying 0 resource from src\main\resources to target\classes
2025-01-28 11:37:27,249 [Worker-29: Building] INFO  o.a.m.s.f.DefaultMavenResourcesFiltering - Copying 0 resource from src\test\resources to target\test-classes
2025-01-28 11:38:07,647 [Worker-37: Building] INFO  o.a.m.s.f.DefaultMavenResourcesFiltering - Copying 1 resource from src\main\resources to target\classes
2025-01-28 11:38:07,650 [Worker-37: Building] INFO  o.a.m.s.f.DefaultMavenResourcesFiltering - Copying 0 resource from src\main\resources to target\classes
2025-01-28 11:38:07,652 [Worker-37: Building] INFO  o.a.m.s.f.DefaultMavenResourcesFiltering - Copying 0 resource from src\test\resources to target\test-classes
2025-01-28 11:38:38,700 [Worker-25: Building] INFO  o.a.m.s.f.DefaultMavenResourcesFiltering - Copying 1 resource from src\main\resources to target\classes
2025-01-28 11:38:38,703 [Worker-25: Building] INFO  o.a.m.s.f.DefaultMavenResourcesFiltering - Copying 0 resource from src\main\resources to target\classes
2025-01-28 11:38:38,705 [Worker-25: Building] INFO  o.a.m.s.f.DefaultMavenResourcesFiltering - Copying 0 resource from src\test\resources to target\test-classes
2025-01-28 11:38:59,994 [Worker-36: Building] INFO  o.a.m.s.f.DefaultMavenResourcesFiltering - Copying 1 resource from src\main\resources to target\classes
2025-01-28 11:38:59,997 [Worker-36: Building] INFO  o.a.m.s.f.DefaultMavenResourcesFiltering - Copying 0 resource from src\main\resources to target\classes
2025-01-28 11:38:59,999 [Worker-36: Building] INFO  o.a.m.s.f.DefaultMavenResourcesFiltering - Copying 0 resource from src\test\resources to target\test-classes
2025-01-28 11:39:22,149 [Worker-29: Building] INFO  o.a.m.s.f.DefaultMavenResourcesFiltering - Copying 1 resource from src\main\resources to target\classes
2025-01-28 11:39:22,152 [Worker-29: Building] INFO  o.a.m.s.f.DefaultMavenResourcesFiltering - Copying 0 resource from src\main\resources to target\classes
2025-01-28 11:39:22,153 [Worker-29: Building] INFO  o.a.m.s.f.DefaultMavenResourcesFiltering - Copying 0 resource from src\test\resources to target\test-classes
2025-01-28 11:39:29,163 [Worker-27: Building] INFO  o.a.m.s.f.DefaultMavenResourcesFiltering - Copying 1 resource from src\main\resources to target\classes
2025-01-28 11:39:29,166 [Worker-27: Building] INFO  o.a.m.s.f.DefaultMavenResourcesFiltering - Copying 0 resource from src\main\resources to target\classes
2025-01-28 11:39:29,168 [Worker-27: Building] INFO  o.a.m.s.f.DefaultMavenResourcesFiltering - Copying 0 resource from src\test\resources to target\test-classes
2025-01-28 11:40:02,952 [Worker-29: Building] INFO  o.a.m.s.f.DefaultMavenResourcesFiltering - Copying 1 resource from src\main\resources to target\classes
2025-01-28 11:40:02,956 [Worker-29: Building] INFO  o.a.m.s.f.DefaultMavenResourcesFiltering - Copying 0 resource from src\main\resources to target\classes
2025-01-28 11:40:02,957 [Worker-29: Building] INFO  o.a.m.s.f.DefaultMavenResourcesFiltering - Copying 0 resource from src\test\resources to target\test-classes
2025-01-28 11:40:21,631 [Worker-36: Building] INFO  o.a.m.s.f.DefaultMavenResourcesFiltering - Copying 1 resource from src\main\resources to target\classes
2025-01-28 11:40:21,637 [Worker-36: Building] INFO  o.a.m.s.f.DefaultMavenResourcesFiltering - Copying 0 resource from src\main\resources to target\classes
2025-01-28 11:40:21,638 [Worker-36: Building] INFO  o.a.m.s.f.DefaultMavenResourcesFiltering - Copying 0 resource from src\test\resources to target\test-classes
2025-01-28 11:40:27,067 [Worker-32: Building] INFO  o.a.m.s.f.DefaultMavenResourcesFiltering - Copying 1 resource from src\main\resources to target\classes
2025-01-28 11:40:27,072 [Worker-32: Building] INFO  o.a.m.s.f.DefaultMavenResourcesFiltering - Copying 0 resource from src\main\resources to target\classes
2025-01-28 11:40:27,074 [Worker-32: Building] INFO  o.a.m.s.f.DefaultMavenResourcesFiltering - Copying 0 resource from src\test\resources to target\test-classes
2025-01-28 11:41:19,723 [Worker-28: Building] INFO  o.a.m.s.f.DefaultMavenResourcesFiltering - Copying 1 resource from src\main\resources to target\classes
2025-01-28 11:41:19,728 [Worker-28: Building] INFO  o.a.m.s.f.DefaultMavenResourcesFiltering - Copying 0 resource from src\main\resources to target\classes
2025-01-28 11:41:19,731 [Worker-28: Building] INFO  o.a.m.s.f.DefaultMavenResourcesFiltering - Copying 0 resource from src\test\resources to target\test-classes
2025-01-28 11:41:35,422 [Worker-36: Building] INFO  o.a.m.s.f.DefaultMavenResourcesFiltering - Copying 1 resource from src\main\resources to target\classes
2025-01-28 11:41:35,425 [Worker-36: Building] INFO  o.a.m.s.f.DefaultMavenResourcesFiltering - Copying 0 resource from src\main\resources to target\classes
2025-01-28 11:41:35,426 [Worker-36: Building] INFO  o.a.m.s.f.DefaultMavenResourcesFiltering - Copying 0 resource from src\test\resources to target\test-classes
2025-01-28 11:41:53,712 [Worker-31: Building] INFO  o.a.m.s.f.DefaultMavenResourcesFiltering - Copying 1 resource from src\main\resources to target\classes
2025-01-28 11:41:53,716 [Worker-31: Building] INFO  o.a.m.s.f.DefaultMavenResourcesFiltering - Copying 0 resource from src\main\resources to target\classes
2025-01-28 11:41:53,717 [Worker-31: Building] INFO  o.a.m.s.f.DefaultMavenResourcesFiltering - Copying 0 resource from src\test\resources to target\test-classes
2025-01-28 11:42:11,438 [Worker-26: Building] INFO  o.a.m.s.f.DefaultMavenResourcesFiltering - Copying 1 resource from src\main\resources to target\classes
2025-01-28 11:42:11,441 [Worker-26: Building] INFO  o.a.m.s.f.DefaultMavenResourcesFiltering - Copying 0 resource from src\main\resources to target\classes
2025-01-28 11:42:11,442 [Worker-26: Building] INFO  o.a.m.s.f.DefaultMavenResourcesFiltering - Copying 0 resource from src\test\resources to target\test-classes
2025-01-28 11:42:43,880 [Worker-27: Building] INFO  o.a.m.s.f.DefaultMavenResourcesFiltering - Copying 1 resource from src\main\resources to target\classes
2025-01-28 11:42:43,883 [Worker-27: Building] INFO  o.a.m.s.f.DefaultMavenResourcesFiltering - Copying 0 resource from src\main\resources to target\classes
2025-01-28 11:42:43,884 [Worker-27: Building] INFO  o.a.m.s.f.DefaultMavenResourcesFiltering - Copying 0 resource from src\test\resources to target\test-classes
2025-01-28 11:43:00,696 [Worker-32: Building] INFO  o.a.m.s.f.DefaultMavenResourcesFiltering - Copying 1 resource from src\main\resources to target\classes
2025-01-28 11:43:00,699 [Worker-32: Building] INFO  o.a.m.s.f.DefaultMavenResourcesFiltering - Copying 0 resource from src\main\resources to target\classes
2025-01-28 11:43:00,701 [Worker-32: Building] INFO  o.a.m.s.f.DefaultMavenResourcesFiltering - Copying 0 resource from src\test\resources to target\test-classes
2025-01-28 11:43:58,165 [Worker-29: Building] INFO  o.a.m.s.f.DefaultMavenResourcesFiltering - Copying 1 resource from src\main\resources to target\classes
2025-01-28 11:43:58,168 [Worker-29: Building] INFO  o.a.m.s.f.DefaultMavenResourcesFiltering - Copying 0 resource from src\main\resources to target\classes
2025-01-28 11:43:58,169 [Worker-29: Building] INFO  o.a.m.s.f.DefaultMavenResourcesFiltering - Copying 0 resource from src\test\resources to target\test-classes
2025-01-28 11:44:09,033 [Worker-34: Building] INFO  o.a.m.s.f.DefaultMavenResourcesFiltering - Copying 1 resource from src\main\resources to target\classes
2025-01-28 11:44:09,036 [Worker-34: Building] INFO  o.a.m.s.f.DefaultMavenResourcesFiltering - Copying 0 resource from src\main\resources to target\classes
2025-01-28 11:44:09,037 [Worker-34: Building] INFO  o.a.m.s.f.DefaultMavenResourcesFiltering - Copying 0 resource from src\test\resources to target\test-classes
2025-01-28 11:44:20,732 [Worker-36: Building] INFO  o.a.m.s.f.DefaultMavenResourcesFiltering - Copying 1 resource from src\main\resources to target\classes
2025-01-28 11:44:20,735 [Worker-36: Building] INFO  o.a.m.s.f.DefaultMavenResourcesFiltering - Copying 0 resource from src\main\resources to target\classes
2025-01-28 11:44:20,736 [Worker-36: Building] INFO  o.a.m.s.f.DefaultMavenResourcesFiltering - Copying 0 resource from src\test\resources to target\test-classes
2025-01-28 11:44:31,831 [Worker-28: Building] INFO  o.a.m.s.f.DefaultMavenResourcesFiltering - Copying 1 resource from src\main\resources to target\classes
2025-01-28 11:44:31,834 [Worker-28: Building] INFO  o.a.m.s.f.DefaultMavenResourcesFiltering - Copying 0 resource from src\main\resources to target\classes
2025-01-28 11:44:31,835 [Worker-28: Building] INFO  o.a.m.s.f.DefaultMavenResourcesFiltering - Copying 0 resource from src\test\resources to target\test-classes
2025-01-28 11:45:05,022 [Worker-35: Building] INFO  o.a.m.s.f.DefaultMavenResourcesFiltering - Copying 1 resource from src\main\resources to target\classes
2025-01-28 11:45:05,025 [Worker-35: Building] INFO  o.a.m.s.f.DefaultMavenResourcesFiltering - Copying 0 resource from src\main\resources to target\classes
2025-01-28 11:45:05,026 [Worker-35: Building] INFO  o.a.m.s.f.DefaultMavenResourcesFiltering - Copying 0 resource from src\test\resources to target\test-classes
2025-01-28 11:45:27,990 [Worker-38: Building] INFO  o.a.m.s.f.DefaultMavenResourcesFiltering - Copying 1 resource from src\main\resources to target\classes
2025-01-28 11:45:27,993 [Worker-38: Building] INFO  o.a.m.s.f.DefaultMavenResourcesFiltering - Copying 0 resource from src\main\resources to target\classes
2025-01-28 11:45:27,995 [Worker-38: Building] INFO  o.a.m.s.f.DefaultMavenResourcesFiltering - Copying 0 resource from src\test\resources to target\test-classes
2025-01-28 11:45:54,321 [Worker-32: Building] INFO  o.a.m.s.f.DefaultMavenResourcesFiltering - Copying 1 resource from src\main\resources to target\classes
2025-01-28 11:45:54,325 [Worker-32: Building] INFO  o.a.m.s.f.DefaultMavenResourcesFiltering - Copying 0 resource from src\main\resources to target\classes
2025-01-28 11:45:54,327 [Worker-32: Building] INFO  o.a.m.s.f.DefaultMavenResourcesFiltering - Copying 0 resource from src\test\resources to target\test-classes
2025-01-28 11:46:03,736 [Worker-33: Building] INFO  o.a.m.s.f.DefaultMavenResourcesFiltering - Copying 1 resource from src\main\resources to target\classes
2025-01-28 11:46:03,741 [Worker-33: Building] INFO  o.a.m.s.f.DefaultMavenResourcesFiltering - Copying 0 resource from src\main\resources to target\classes
2025-01-28 11:46:03,743 [Worker-33: Building] INFO  o.a.m.s.f.DefaultMavenResourcesFiltering - Copying 0 resource from src\test\resources to target\test-classes
2025-01-28 11:46:45,627 [Worker-38: Building] INFO  o.a.m.s.f.DefaultMavenResourcesFiltering - Copying 1 resource from src\main\resources to target\classes
2025-01-28 11:46:45,631 [Worker-38: Building] INFO  o.a.m.s.f.DefaultMavenResourcesFiltering - Copying 0 resource from src\main\resources to target\classes
2025-01-28 11:46:45,633 [Worker-38: Building] INFO  o.a.m.s.f.DefaultMavenResourcesFiltering - Copying 0 resource from src\test\resources to target\test-classes
2025-01-28 11:47:00,659 [Worker-25: Building] INFO  o.a.m.s.f.DefaultMavenResourcesFiltering - Copying 1 resource from src\main\resources to target\classes
2025-01-28 11:47:00,663 [Worker-25: Building] INFO  o.a.m.s.f.DefaultMavenResourcesFiltering - Copying 0 resource from src\main\resources to target\classes
2025-01-28 11:47:00,665 [Worker-25: Building] INFO  o.a.m.s.f.DefaultMavenResourcesFiltering - Copying 0 resource from src\test\resources to target\test-classes
2025-01-28 11:47:15,190 [Worker-31: Building] INFO  o.a.m.s.f.DefaultMavenResourcesFiltering - Copying 1 resource from src\main\resources to target\classes
2025-01-28 11:47:15,193 [Worker-31: Building] INFO  o.a.m.s.f.DefaultMavenResourcesFiltering - Copying 0 resource from src\main\resources to target\classes
2025-01-28 11:47:15,195 [Worker-31: Building] INFO  o.a.m.s.f.DefaultMavenResourcesFiltering - Copying 0 resource from src\test\resources to target\test-classes
2025-01-28 11:47:32,987 [Worker-37: Building] INFO  o.a.m.s.f.DefaultMavenResourcesFiltering - Copying 1 resource from src\main\resources to target\classes
2025-01-28 11:47:32,991 [Worker-37: Building] INFO  o.a.m.s.f.DefaultMavenResourcesFiltering - Copying 0 resource from src\main\resources to target\classes
2025-01-28 11:47:32,992 [Worker-37: Building] INFO  o.a.m.s.f.DefaultMavenResourcesFiltering - Copying 0 resource from src\test\resources to target\test-classes
2025-01-28 11:48:12,166 [Worker-39: Building] INFO  o.a.m.s.f.DefaultMavenResourcesFiltering - Copying 1 resource from src\main\resources to target\classes
2025-01-28 11:48:12,169 [Worker-39: Building] INFO  o.a.m.s.f.DefaultMavenResourcesFiltering - Copying 0 resource from src\main\resources to target\classes
2025-01-28 11:48:12,170 [Worker-39: Building] INFO  o.a.m.s.f.DefaultMavenResourcesFiltering - Copying 0 resource from src\test\resources to target\test-classes
2025-01-28 11:48:27,694 [Worker-39: Building] INFO  o.a.m.s.f.DefaultMavenResourcesFiltering - Copying 1 resource from src\main\resources to target\classes
2025-01-28 11:48:27,699 [Worker-39: Building] INFO  o.a.m.s.f.DefaultMavenResourcesFiltering - Copying 0 resource from src\main\resources to target\classes
2025-01-28 11:48:27,700 [Worker-39: Building] INFO  o.a.m.s.f.DefaultMavenResourcesFiltering - Copying 0 resource from src\test\resources to target\test-classes
2025-01-28 11:48:39,631 [Worker-37: Building] INFO  o.a.m.s.f.DefaultMavenResourcesFiltering - Copying 1 resource from src\main\resources to target\classes
2025-01-28 11:48:39,635 [Worker-37: Building] INFO  o.a.m.s.f.DefaultMavenResourcesFiltering - Copying 0 resource from src\main\resources to target\classes
2025-01-28 11:48:39,637 [Worker-37: Building] INFO  o.a.m.s.f.DefaultMavenResourcesFiltering - Copying 0 resource from src\test\resources to target\test-classes
2025-01-28 11:48:51,192 [Worker-26: Building] INFO  o.a.m.s.f.DefaultMavenResourcesFiltering - Copying 1 resource from src\main\resources to target\classes
2025-01-28 11:48:51,195 [Worker-26: Building] INFO  o.a.m.s.f.DefaultMavenResourcesFiltering - Copying 0 resource from src\main\resources to target\classes
2025-01-28 11:48:51,197 [Worker-26: Building] INFO  o.a.m.s.f.DefaultMavenResourcesFiltering - Copying 0 resource from src\test\resources to target\test-classes
2025-01-28 11:49:14,348 [Worker-36: Building] INFO  o.a.m.s.f.DefaultMavenResourcesFiltering - Copying 1 resource from src\main\resources to target\classes
2025-01-28 11:49:14,351 [Worker-36: Building] INFO  o.a.m.s.f.DefaultMavenResourcesFiltering - Copying 0 resource from src\main\resources to target\classes
2025-01-28 11:49:14,352 [Worker-36: Building] INFO  o.a.m.s.f.DefaultMavenResourcesFiltering - Copying 0 resource from src\test\resources to target\test-classes
2025-01-28 11:49:33,084 [Worker-32: Building] INFO  o.a.m.s.f.DefaultMavenResourcesFiltering - Copying 1 resource from src\main\resources to target\classes
2025-01-28 11:49:33,088 [Worker-32: Building] INFO  o.a.m.s.f.DefaultMavenResourcesFiltering - Copying 0 resource from src\main\resources to target\classes
2025-01-28 11:49:33,089 [Worker-32: Building] INFO  o.a.m.s.f.DefaultMavenResourcesFiltering - Copying 0 resource from src\test\resources to target\test-classes
2025-01-28 11:50:34,685 [Worker-26: Building] INFO  o.a.m.s.f.DefaultMavenResourcesFiltering - Copying 1 resource from src\main\resources to target\classes
2025-01-28 11:50:34,689 [Worker-26: Building] INFO  o.a.m.s.f.DefaultMavenResourcesFiltering - Copying 0 resource from src\main\resources to target\classes
2025-01-28 11:50:34,690 [Worker-26: Building] INFO  o.a.m.s.f.DefaultMavenResourcesFiltering - Copying 0 resource from src\test\resources to target\test-classes
2025-01-28 11:51:13,035 [Worker-25: Building] INFO  o.a.m.s.f.DefaultMavenResourcesFiltering - Copying 1 resource from src\main\resources to target\classes
2025-01-28 11:51:13,039 [Worker-25: Building] INFO  o.a.m.s.f.DefaultMavenResourcesFiltering - Copying 0 resource from src\main\resources to target\classes
2025-01-28 11:51:13,042 [Worker-25: Building] INFO  o.a.m.s.f.DefaultMavenResourcesFiltering - Copying 0 resource from src\test\resources to target\test-classes
2025-01-28 11:51:26,809 [Worker-32: Building] INFO  o.a.m.s.f.DefaultMavenResourcesFiltering - Copying 1 resource from src\main\resources to target\classes
2025-01-28 11:51:26,814 [Worker-32: Building] INFO  o.a.m.s.f.DefaultMavenResourcesFiltering - Copying 0 resource from src\main\resources to target\classes
2025-01-28 11:51:26,816 [Worker-32: Building] INFO  o.a.m.s.f.DefaultMavenResourcesFiltering - Copying 0 resource from src\test\resources to target\test-classes
2025-01-28 11:51:46,742 [Worker-38: Building] INFO  o.a.m.s.f.DefaultMavenResourcesFiltering - Copying 1 resource from src\main\resources to target\classes
2025-01-28 11:51:46,747 [Worker-38: Building] INFO  o.a.m.s.f.DefaultMavenResourcesFiltering - Copying 0 resource from src\main\resources to target\classes
2025-01-28 11:51:46,748 [Worker-38: Building] INFO  o.a.m.s.f.DefaultMavenResourcesFiltering - Copying 0 resource from src\test\resources to target\test-classes
2025-01-28 11:51:58,042 [Worker-24: Building] INFO  o.a.m.s.f.DefaultMavenResourcesFiltering - Copying 1 resource from src\main\resources to target\classes
2025-01-28 11:51:58,047 [Worker-24: Building] INFO  o.a.m.s.f.DefaultMavenResourcesFiltering - Copying 0 resource from src\main\resources to target\classes
2025-01-28 11:51:58,048 [Worker-24: Building] INFO  o.a.m.s.f.DefaultMavenResourcesFiltering - Copying 0 resource from src\test\resources to target\test-classes
2025-01-28 11:52:09,123 [Worker-36: Building] INFO  o.a.m.s.f.DefaultMavenResourcesFiltering - Copying 1 resource from src\main\resources to target\classes
2025-01-28 11:52:09,126 [Worker-36: Building] INFO  o.a.m.s.f.DefaultMavenResourcesFiltering - Copying 0 resource from src\main\resources to target\classes
2025-01-28 11:52:09,128 [Worker-36: Building] INFO  o.a.m.s.f.DefaultMavenResourcesFiltering - Copying 0 resource from src\test\resources to target\test-classes
2025-01-28 11:52:20,288 [Worker-37: Building] INFO  o.a.m.s.f.DefaultMavenResourcesFiltering - Copying 1 resource from src\main\resources to target\classes
2025-01-28 11:52:20,291 [Worker-37: Building] INFO  o.a.m.s.f.DefaultMavenResourcesFiltering - Copying 0 resource from src\main\resources to target\classes
2025-01-28 11:52:20,292 [Worker-37: Building] INFO  o.a.m.s.f.DefaultMavenResourcesFiltering - Copying 0 resource from src\test\resources to target\test-classes
2025-01-28 11:52:32,681 [Worker-33: Building] INFO  o.a.m.s.f.DefaultMavenResourcesFiltering - Copying 1 resource from src\main\resources to target\classes
2025-01-28 11:52:32,684 [Worker-33: Building] INFO  o.a.m.s.f.DefaultMavenResourcesFiltering - Copying 0 resource from src\main\resources to target\classes
2025-01-28 11:52:32,685 [Worker-33: Building] INFO  o.a.m.s.f.DefaultMavenResourcesFiltering - Copying 0 resource from src\test\resources to target\test-classes
2025-01-28 11:52:46,914 [Worker-39: Building] INFO  o.a.m.s.f.DefaultMavenResourcesFiltering - Copying 1 resource from src\main\resources to target\classes
2025-01-28 11:52:46,918 [Worker-39: Building] INFO  o.a.m.s.f.DefaultMavenResourcesFiltering - Copying 0 resource from src\main\resources to target\classes
2025-01-28 11:52:46,919 [Worker-39: Building] INFO  o.a.m.s.f.DefaultMavenResourcesFiltering - Copying 0 resource from src\test\resources to target\test-classes
2025-01-28 11:52:57,063 [Worker-27: Building] INFO  o.a.m.s.f.DefaultMavenResourcesFiltering - Copying 1 resource from src\main\resources to target\classes
2025-01-28 11:52:57,067 [Worker-27: Building] INFO  o.a.m.s.f.DefaultMavenResourcesFiltering - Copying 0 resource from src\main\resources to target\classes
2025-01-28 11:52:57,068 [Worker-27: Building] INFO  o.a.m.s.f.DefaultMavenResourcesFiltering - Copying 0 resource from src\test\resources to target\test-classes
2025-01-28 11:53:06,854 [Worker-33: Building] INFO  o.a.m.s.f.DefaultMavenResourcesFiltering - Copying 1 resource from src\main\resources to target\classes
2025-01-28 11:53:06,856 [Worker-33: Building] INFO  o.a.m.s.f.DefaultMavenResourcesFiltering - Copying 0 resource from src\main\resources to target\classes
2025-01-28 11:53:06,858 [Worker-33: Building] INFO  o.a.m.s.f.DefaultMavenResourcesFiltering - Copying 0 resource from src\test\resources to target\test-classes
2025-01-28 11:53:18,860 [Worker-33: Building] INFO  o.a.m.s.f.DefaultMavenResourcesFiltering - Copying 1 resource from src\main\resources to target\classes
2025-01-28 11:53:18,863 [Worker-33: Building] INFO  o.a.m.s.f.DefaultMavenResourcesFiltering - Copying 0 resource from src\main\resources to target\classes
2025-01-28 11:53:18,864 [Worker-33: Building] INFO  o.a.m.s.f.DefaultMavenResourcesFiltering - Copying 0 resource from src\test\resources to target\test-classes
2025-01-28 19:19:25,606 [Worker-4: Loading available Gradle versions] INFO  o.e.b.c.i.u.g.PublishedGradleVersions - Gradle version information cache is up-to-date. Trying to read.
2025-01-28 20:06:12,453 [Worker-29: Import Getting Started Content] INFO  o.e.m.c.i.e.AbstractTransferListenerAdapter - Downloading https://repo.maven.apache.org/maven2/org/springframework/boot/spring-boot-starter-parent/3.4.2/spring-boot-starter-parent-3.4.2.pom
2025-01-28 20:06:12,468 [Worker-29: Import Getting Started Content] INFO  o.e.m.c.i.e.AbstractTransferListenerAdapter - Downloaded https://repo.maven.apache.org/maven2/org/springframework/boot/spring-boot-starter-parent/3.4.2/spring-boot-starter-parent-3.4.2.pom
2025-01-28 20:06:12,535 [Worker-29: Import Getting Started Content] INFO  o.e.m.c.i.e.AbstractTransferListenerAdapter - Downloading https://repo.maven.apache.org/maven2/org/springframework/boot/spring-boot-dependencies/3.4.2/spring-boot-dependencies-3.4.2.pom
2025-01-28 20:06:12,644 [Worker-29: Import Getting Started Content] INFO  o.e.m.c.i.e.AbstractTransferListenerAdapter - Downloaded https://repo.maven.apache.org/maven2/org/springframework/boot/spring-boot-dependencies/3.4.2/spring-boot-dependencies-3.4.2.pom
2025-01-28 20:06:12,724 [Worker-29: Import Getting Started Content] INFO  o.e.m.c.i.e.AbstractTransferListenerAdapter - Downloading https://repo.maven.apache.org/maven2/org/apache/activemq/activemq-bom/6.1.5/activemq-bom-6.1.5.pom
2025-01-28 20:06:12,731 [Worker-29: Import Getting Started Content] INFO  o.e.m.c.i.e.AbstractTransferListenerAdapter - Downloaded https://repo.maven.apache.org/maven2/org/apache/activemq/activemq-bom/6.1.5/activemq-bom-6.1.5.pom
2025-01-28 20:06:12,793 [Worker-29: Import Getting Started Content] INFO  o.e.m.c.i.e.AbstractTransferListenerAdapter - Downloading https://repo.maven.apache.org/maven2/org/infinispan/infinispan-bom/15.0.12.Final/infinispan-bom-15.0.12.Final.pom
2025-01-28 20:06:12,818 [Worker-29: Import Getting Started Content] INFO  o.e.m.c.i.e.AbstractTransferListenerAdapter - Downloaded https://repo.maven.apache.org/maven2/org/infinispan/infinispan-bom/15.0.12.Final/infinispan-bom-15.0.12.Final.pom
2025-01-28 20:06:12,886 [Worker-29: Import Getting Started Content] INFO  o.e.m.c.i.e.AbstractTransferListenerAdapter - Downloading https://repo.maven.apache.org/maven2/org/infinispan/infinispan-build-configuration-parent/15.0.12.Final/infinispan-build-configuration-parent-15.0.12.Final.pom
2025-01-28 20:06:12,909 [Worker-29: Import Getting Started Content] INFO  o.e.m.c.i.e.AbstractTransferListenerAdapter - Downloaded https://repo.maven.apache.org/maven2/org/infinispan/infinispan-build-configuration-parent/15.0.12.Final/infinispan-build-configuration-parent-15.0.12.Final.pom
2025-01-28 20:06:12,997 [Worker-29: Import Getting Started Content] INFO  o.e.m.c.i.e.AbstractTransferListenerAdapter - Downloading https://repo.maven.apache.org/maven2/org/glassfish/jersey/jersey-bom/3.1.10/jersey-bom-3.1.10.pom
2025-01-28 20:06:13,024 [Worker-29: Import Getting Started Content] INFO  o.e.m.c.i.e.AbstractTransferListenerAdapter - Downloaded https://repo.maven.apache.org/maven2/org/glassfish/jersey/jersey-bom/3.1.10/jersey-bom-3.1.10.pom
2025-01-28 20:06:13,114 [Worker-29: Import Getting Started Content] INFO  o.e.m.c.i.e.AbstractTransferListenerAdapter - Downloading https://repo.maven.apache.org/maven2/io/micrometer/micrometer-bom/1.14.3/micrometer-bom-1.14.3.pom
2025-01-28 20:06:13,140 [Worker-29: Import Getting Started Content] INFO  o.e.m.c.i.e.AbstractTransferListenerAdapter - Downloaded https://repo.maven.apache.org/maven2/io/micrometer/micrometer-bom/1.14.3/micrometer-bom-1.14.3.pom
2025-01-28 20:06:13,217 [Worker-29: Import Getting Started Content] INFO  o.e.m.c.i.e.AbstractTransferListenerAdapter - Downloading https://repo.maven.apache.org/maven2/io/micrometer/micrometer-tracing-bom/1.4.2/micrometer-tracing-bom-1.4.2.pom
2025-01-28 20:06:13,253 [Worker-29: Import Getting Started Content] INFO  o.e.m.c.i.e.AbstractTransferListenerAdapter - Downloaded https://repo.maven.apache.org/maven2/io/micrometer/micrometer-tracing-bom/1.4.2/micrometer-tracing-bom-1.4.2.pom
2025-01-28 20:06:13,321 [Worker-29: Import Getting Started Content] INFO  o.e.m.c.i.e.AbstractTransferListenerAdapter - Downloading https://repo.maven.apache.org/maven2/io/netty/netty-bom/4.1.117.Final/netty-bom-4.1.117.Final.pom
2025-01-28 20:06:13,349 [Worker-29: Import Getting Started Content] INFO  o.e.m.c.i.e.AbstractTransferListenerAdapter - Downloaded https://repo.maven.apache.org/maven2/io/netty/netty-bom/4.1.117.Final/netty-bom-4.1.117.Final.pom
2025-01-28 20:06:13,435 [Worker-29: Import Getting Started Content] INFO  o.e.m.c.i.e.AbstractTransferListenerAdapter - Downloading https://repo.maven.apache.org/maven2/org/apache/pulsar/pulsar-bom/3.3.4/pulsar-bom-3.3.4.pom
2025-01-28 20:06:13,496 [Worker-29: Import Getting Started Content] INFO  o.e.m.c.i.e.AbstractTransferListenerAdapter - Downloaded https://repo.maven.apache.org/maven2/org/apache/pulsar/pulsar-bom/3.3.4/pulsar-bom-3.3.4.pom
2025-01-28 20:06:13,575 [Worker-29: Import Getting Started Content] INFO  o.e.m.c.i.e.AbstractTransferListenerAdapter - Downloading https://repo.maven.apache.org/maven2/io/projectreactor/reactor-bom/2024.0.2/reactor-bom-2024.0.2.pom
2025-01-28 20:06:13,583 [Worker-29: Import Getting Started Content] INFO  o.e.m.c.i.e.AbstractTransferListenerAdapter - Downloaded https://repo.maven.apache.org/maven2/io/projectreactor/reactor-bom/2024.0.2/reactor-bom-2024.0.2.pom
2025-01-28 20:06:13,652 [Worker-29: Import Getting Started Content] INFO  o.e.m.c.i.e.AbstractTransferListenerAdapter - Downloading https://repo.maven.apache.org/maven2/org/springframework/amqp/spring-amqp-bom/3.2.2/spring-amqp-bom-3.2.2.pom
2025-01-28 20:06:13,661 [Worker-29: Import Getting Started Content] INFO  o.e.m.c.i.e.AbstractTransferListenerAdapter - Downloaded https://repo.maven.apache.org/maven2/org/springframework/amqp/spring-amqp-bom/3.2.2/spring-amqp-bom-3.2.2.pom
2025-01-28 20:06:13,727 [Worker-29: Import Getting Started Content] INFO  o.e.m.c.i.e.AbstractTransferListenerAdapter - Downloading https://repo.maven.apache.org/maven2/org/springframework/data/spring-data-bom/2024.1.2/spring-data-bom-2024.1.2.pom
2025-01-28 20:06:13,750 [Worker-29: Import Getting Started Content] INFO  o.e.m.c.i.e.AbstractTransferListenerAdapter - Downloaded https://repo.maven.apache.org/maven2/org/springframework/data/spring-data-bom/2024.1.2/spring-data-bom-2024.1.2.pom
2025-01-28 20:06:13,846 [Worker-29: Import Getting Started Content] INFO  o.e.m.c.i.e.AbstractTransferListenerAdapter - Downloading https://repo.maven.apache.org/maven2/org/springframework/spring-framework-bom/6.2.2/spring-framework-bom-6.2.2.pom
2025-01-28 20:06:13,866 [Worker-29: Import Getting Started Content] INFO  o.e.m.c.i.e.AbstractTransferListenerAdapter - Downloaded https://repo.maven.apache.org/maven2/org/springframework/spring-framework-bom/6.2.2/spring-framework-bom-6.2.2.pom
2025-01-28 20:06:13,951 [Worker-29: Import Getting Started Content] INFO  o.e.m.c.i.e.AbstractTransferListenerAdapter - Downloading https://repo.maven.apache.org/maven2/org/springframework/pulsar/spring-pulsar-bom/1.2.2/spring-pulsar-bom-1.2.2.pom
2025-01-28 20:06:13,962 [Worker-29: Import Getting Started Content] INFO  o.e.m.c.i.e.AbstractTransferListenerAdapter - Downloaded https://repo.maven.apache.org/maven2/org/springframework/pulsar/spring-pulsar-bom/1.2.2/spring-pulsar-bom-1.2.2.pom
2025-01-28 20:06:15,291 [Worker-29: Import Getting Started Content] INFO  o.e.m.c.i.e.AbstractTransferListenerAdapter - Downloading https://repo.maven.apache.org/maven2/org/springframework/boot/spring-boot-maven-plugin/3.4.2/spring-boot-maven-plugin-3.4.2.pom
2025-01-28 20:06:15,315 [Worker-29: Import Getting Started Content] INFO  o.e.m.c.i.e.AbstractTransferListenerAdapter - Downloaded https://repo.maven.apache.org/maven2/org/springframework/boot/spring-boot-maven-plugin/3.4.2/spring-boot-maven-plugin-3.4.2.pom
2025-01-28 20:06:15,405 [Worker-29: Import Getting Started Content] INFO  o.e.m.c.i.e.AbstractTransferListenerAdapter - Downloading https://repo.maven.apache.org/maven2/org/springframework/boot/spring-boot-maven-plugin/3.4.2/spring-boot-maven-plugin-3.4.2.jar
2025-01-28 20:06:15,494 [Worker-29: Import Getting Started Content] INFO  o.e.m.c.i.e.AbstractTransferListenerAdapter - Downloaded https://repo.maven.apache.org/maven2/org/springframework/boot/spring-boot-maven-plugin/3.4.2/spring-boot-maven-plugin-3.4.2.jar
2025-01-28 20:06:15,696 [Worker-29: Import Getting Started Content] INFO  o.e.m.c.i.l.LifecycleMappingFactory - Using org.eclipse.m2e.jdt.JarLifecycleMapping lifecycle mapping for MavenProject: com.jose.springboot.backend:eventos:1 @ C:\STS\springProjects\springboot-backend-eventos\pom.xml.
2025-01-28 20:06:15,810 [Worker-29: Import Getting Started Content] INFO  o.e.m.c.i.e.AbstractTransferListenerAdapter - Downloading https://repo.maven.apache.org/maven2/org/springframework/boot/spring-boot-starter-data-jpa/3.4.2/spring-boot-starter-data-jpa-3.4.2.pom
2025-01-28 20:06:15,821 [Worker-29: Import Getting Started Content] INFO  o.e.m.c.i.e.AbstractTransferListenerAdapter - Downloaded https://repo.maven.apache.org/maven2/org/springframework/boot/spring-boot-starter-data-jpa/3.4.2/spring-boot-starter-data-jpa-3.4.2.pom
2025-01-28 20:06:15,926 [Worker-29: Import Getting Started Content] INFO  o.e.m.c.i.e.AbstractTransferListenerAdapter - Downloading https://repo.maven.apache.org/maven2/org/springframework/boot/spring-boot-starter/3.4.2/spring-boot-starter-3.4.2.pom
2025-01-28 20:06:15,940 [Worker-29: Import Getting Started Content] INFO  o.e.m.c.i.e.AbstractTransferListenerAdapter - Downloaded https://repo.maven.apache.org/maven2/org/springframework/boot/spring-boot-starter/3.4.2/spring-boot-starter-3.4.2.pom
2025-01-28 20:06:16,024 [Worker-29: Import Getting Started Content] INFO  o.e.m.c.i.e.AbstractTransferListenerAdapter - Downloading https://repo.maven.apache.org/maven2/org/springframework/boot/spring-boot/3.4.2/spring-boot-3.4.2.pom
2025-01-28 20:06:16,048 [Worker-29: Import Getting Started Content] INFO  o.e.m.c.i.e.AbstractTransferListenerAdapter - Downloaded https://repo.maven.apache.org/maven2/org/springframework/boot/spring-boot/3.4.2/spring-boot-3.4.2.pom
2025-01-28 20:06:16,110 [Worker-29: Import Getting Started Content] INFO  o.e.m.c.i.e.AbstractTransferListenerAdapter - Downloading https://repo.maven.apache.org/maven2/org/springframework/spring-core/6.2.2/spring-core-6.2.2.pom
2025-01-28 20:06:16,120 [Worker-29: Import Getting Started Content] INFO  o.e.m.c.i.e.AbstractTransferListenerAdapter - Downloaded https://repo.maven.apache.org/maven2/org/springframework/spring-core/6.2.2/spring-core-6.2.2.pom
2025-01-28 20:06:16,211 [Worker-29: Import Getting Started Content] INFO  o.e.m.c.i.e.AbstractTransferListenerAdapter - Downloading https://repo.maven.apache.org/maven2/org/springframework/spring-jcl/6.2.2/spring-jcl-6.2.2.pom
2025-01-28 20:06:16,218 [Worker-29: Import Getting Started Content] INFO  o.e.m.c.i.e.AbstractTransferListenerAdapter - Downloaded https://repo.maven.apache.org/maven2/org/springframework/spring-jcl/6.2.2/spring-jcl-6.2.2.pom
2025-01-28 20:06:16,272 [Worker-29: Import Getting Started Content] INFO  o.e.m.c.i.e.AbstractTransferListenerAdapter - Downloading https://repo.maven.apache.org/maven2/org/springframework/spring-context/6.2.2/spring-context-6.2.2.pom
2025-01-28 20:06:16,291 [Worker-29: Import Getting Started Content] INFO  o.e.m.c.i.e.AbstractTransferListenerAdapter - Downloaded https://repo.maven.apache.org/maven2/org/springframework/spring-context/6.2.2/spring-context-6.2.2.pom
2025-01-28 20:06:16,343 [Worker-29: Import Getting Started Content] INFO  o.e.m.c.i.e.AbstractTransferListenerAdapter - Downloading https://repo.maven.apache.org/maven2/org/springframework/spring-aop/6.2.2/spring-aop-6.2.2.pom
2025-01-28 20:06:16,358 [Worker-29: Import Getting Started Content] INFO  o.e.m.c.i.e.AbstractTransferListenerAdapter - Downloaded https://repo.maven.apache.org/maven2/org/springframework/spring-aop/6.2.2/spring-aop-6.2.2.pom
2025-01-28 20:06:16,439 [Worker-29: Import Getting Started Content] INFO  o.e.m.c.i.e.AbstractTransferListenerAdapter - Downloading https://repo.maven.apache.org/maven2/org/springframework/spring-beans/6.2.2/spring-beans-6.2.2.pom
2025-01-28 20:06:16,445 [Worker-29: Import Getting Started Content] INFO  o.e.m.c.i.e.AbstractTransferListenerAdapter - Downloaded https://repo.maven.apache.org/maven2/org/springframework/spring-beans/6.2.2/spring-beans-6.2.2.pom
2025-01-28 20:06:16,525 [Worker-29: Import Getting Started Content] INFO  o.e.m.c.i.e.AbstractTransferListenerAdapter - Downloading https://repo.maven.apache.org/maven2/org/springframework/spring-expression/6.2.2/spring-expression-6.2.2.pom
2025-01-28 20:06:16,537 [Worker-29: Import Getting Started Content] INFO  o.e.m.c.i.e.AbstractTransferListenerAdapter - Downloaded https://repo.maven.apache.org/maven2/org/springframework/spring-expression/6.2.2/spring-expression-6.2.2.pom
2025-01-28 20:06:16,656 [Worker-29: Import Getting Started Content] INFO  o.e.m.c.i.e.AbstractTransferListenerAdapter - Downloading https://repo.maven.apache.org/maven2/io/micrometer/micrometer-observation/1.14.3/micrometer-observation-1.14.3.pom
2025-01-28 20:06:16,664 [Worker-29: Import Getting Started Content] INFO  o.e.m.c.i.e.AbstractTransferListenerAdapter - Downloaded https://repo.maven.apache.org/maven2/io/micrometer/micrometer-observation/1.14.3/micrometer-observation-1.14.3.pom
2025-01-28 20:06:16,722 [Worker-29: Import Getting Started Content] INFO  o.e.m.c.i.e.AbstractTransferListenerAdapter - Downloading https://repo.maven.apache.org/maven2/io/micrometer/micrometer-commons/1.14.3/micrometer-commons-1.14.3.pom
2025-01-28 20:06:16,734 [Worker-29: Import Getting Started Content] INFO  o.e.m.c.i.e.AbstractTransferListenerAdapter - Downloaded https://repo.maven.apache.org/maven2/io/micrometer/micrometer-commons/1.14.3/micrometer-commons-1.14.3.pom
2025-01-28 20:06:16,805 [Worker-29: Import Getting Started Content] INFO  o.e.m.c.i.e.AbstractTransferListenerAdapter - Downloading https://repo.maven.apache.org/maven2/org/springframework/boot/spring-boot-autoconfigure/3.4.2/spring-boot-autoconfigure-3.4.2.pom
2025-01-28 20:06:16,817 [Worker-29: Import Getting Started Content] INFO  o.e.m.c.i.e.AbstractTransferListenerAdapter - Downloaded https://repo.maven.apache.org/maven2/org/springframework/boot/spring-boot-autoconfigure/3.4.2/spring-boot-autoconfigure-3.4.2.pom
2025-01-28 20:06:16,897 [Worker-29: Import Getting Started Content] INFO  o.e.m.c.i.e.AbstractTransferListenerAdapter - Downloading https://repo.maven.apache.org/maven2/org/springframework/boot/spring-boot-starter-logging/3.4.2/spring-boot-starter-logging-3.4.2.pom
2025-01-28 20:06:16,911 [Worker-29: Import Getting Started Content] INFO  o.e.m.c.i.e.AbstractTransferListenerAdapter - Downloaded https://repo.maven.apache.org/maven2/org/springframework/boot/spring-boot-starter-logging/3.4.2/spring-boot-starter-logging-3.4.2.pom
2025-01-28 20:06:16,989 [Worker-29: Import Getting Started Content] INFO  o.e.m.c.i.e.AbstractTransferListenerAdapter - Downloading https://repo.maven.apache.org/maven2/ch/qos/logback/logback-classic/1.5.16/logback-classic-1.5.16.pom
2025-01-28 20:06:17,012 [Worker-29: Import Getting Started Content] INFO  o.e.m.c.i.e.AbstractTransferListenerAdapter - Downloaded https://repo.maven.apache.org/maven2/ch/qos/logback/logback-classic/1.5.16/logback-classic-1.5.16.pom
2025-01-28 20:06:17,076 [Worker-29: Import Getting Started Content] INFO  o.e.m.c.i.e.AbstractTransferListenerAdapter - Downloading https://repo.maven.apache.org/maven2/ch/qos/logback/logback-parent/1.5.16/logback-parent-1.5.16.pom
2025-01-28 20:06:17,091 [Worker-29: Import Getting Started Content] INFO  o.e.m.c.i.e.AbstractTransferListenerAdapter - Downloaded https://repo.maven.apache.org/maven2/ch/qos/logback/logback-parent/1.5.16/logback-parent-1.5.16.pom
2025-01-28 20:06:17,163 [Worker-29: Import Getting Started Content] INFO  o.e.m.c.i.e.AbstractTransferListenerAdapter - Downloading https://repo.maven.apache.org/maven2/ch/qos/logback/logback-core/1.5.16/logback-core-1.5.16.pom
2025-01-28 20:06:17,178 [Worker-29: Import Getting Started Content] INFO  o.e.m.c.i.e.AbstractTransferListenerAdapter - Downloaded https://repo.maven.apache.org/maven2/ch/qos/logback/logback-core/1.5.16/logback-core-1.5.16.pom
2025-01-28 20:06:17,278 [Worker-29: Import Getting Started Content] INFO  o.e.m.c.i.e.AbstractTransferListenerAdapter - Downloading https://repo.maven.apache.org/maven2/org/springframework/boot/spring-boot-starter-jdbc/3.4.2/spring-boot-starter-jdbc-3.4.2.pom
2025-01-28 20:06:17,280 [Worker-29: Import Getting Started Content] INFO  o.e.m.c.i.e.AbstractTransferListenerAdapter - Downloaded https://repo.maven.apache.org/maven2/org/springframework/boot/spring-boot-starter-jdbc/3.4.2/spring-boot-starter-jdbc-3.4.2.pom
2025-01-28 20:06:17,357 [Worker-29: Import Getting Started Content] INFO  o.e.m.c.i.e.AbstractTransferListenerAdapter - Downloading https://repo.maven.apache.org/maven2/org/springframework/spring-jdbc/6.2.2/spring-jdbc-6.2.2.pom
2025-01-28 20:06:17,370 [Worker-29: Import Getting Started Content] INFO  o.e.m.c.i.e.AbstractTransferListenerAdapter - Downloaded https://repo.maven.apache.org/maven2/org/springframework/spring-jdbc/6.2.2/spring-jdbc-6.2.2.pom
2025-01-28 20:06:17,436 [Worker-29: Import Getting Started Content] INFO  o.e.m.c.i.e.AbstractTransferListenerAdapter - Downloading https://repo.maven.apache.org/maven2/org/springframework/spring-tx/6.2.2/spring-tx-6.2.2.pom
2025-01-28 20:06:17,450 [Worker-29: Import Getting Started Content] INFO  o.e.m.c.i.e.AbstractTransferListenerAdapter - Downloaded https://repo.maven.apache.org/maven2/org/springframework/spring-tx/6.2.2/spring-tx-6.2.2.pom
2025-01-28 20:06:17,516 [Worker-29: Import Getting Started Content] INFO  o.e.m.c.i.e.AbstractTransferListenerAdapter - Downloading https://repo.maven.apache.org/maven2/org/hibernate/orm/hibernate-core/6.6.5.Final/hibernate-core-6.6.5.Final.pom
2025-01-28 20:06:17,529 [Worker-29: Import Getting Started Content] INFO  o.e.m.c.i.e.AbstractTransferListenerAdapter - Downloaded https://repo.maven.apache.org/maven2/org/hibernate/orm/hibernate-core/6.6.5.Final/hibernate-core-6.6.5.Final.pom
2025-01-28 20:06:17,633 [Worker-29: Import Getting Started Content] INFO  o.e.m.c.i.e.AbstractTransferListenerAdapter - Downloading https://repo.maven.apache.org/maven2/org/springframework/data/spring-data-jpa/3.4.2/spring-data-jpa-3.4.2.pom
2025-01-28 20:06:17,638 [Worker-29: Import Getting Started Content] INFO  o.e.m.c.i.e.AbstractTransferListenerAdapter - Downloaded https://repo.maven.apache.org/maven2/org/springframework/data/spring-data-jpa/3.4.2/spring-data-jpa-3.4.2.pom
2025-01-28 20:06:17,715 [Worker-29: Import Getting Started Content] INFO  o.e.m.c.i.e.AbstractTransferListenerAdapter - Downloading https://repo.maven.apache.org/maven2/org/springframework/data/spring-data-jpa-parent/3.4.2/spring-data-jpa-parent-3.4.2.pom
2025-01-28 20:06:17,719 [Worker-29: Import Getting Started Content] INFO  o.e.m.c.i.e.AbstractTransferListenerAdapter - Downloaded https://repo.maven.apache.org/maven2/org/springframework/data/spring-data-jpa-parent/3.4.2/spring-data-jpa-parent-3.4.2.pom
2025-01-28 20:06:17,793 [Worker-29: Import Getting Started Content] INFO  o.e.m.c.i.e.AbstractTransferListenerAdapter - Downloading https://repo.maven.apache.org/maven2/org/springframework/data/build/spring-data-parent/3.4.2/spring-data-parent-3.4.2.pom
2025-01-28 20:06:17,810 [Worker-29: Import Getting Started Content] INFO  o.e.m.c.i.e.AbstractTransferListenerAdapter - Downloaded https://repo.maven.apache.org/maven2/org/springframework/data/build/spring-data-parent/3.4.2/spring-data-parent-3.4.2.pom
2025-01-28 20:06:17,876 [Worker-29: Import Getting Started Content] INFO  o.e.m.c.i.e.AbstractTransferListenerAdapter - Downloading https://repo.maven.apache.org/maven2/org/springframework/data/build/spring-data-build/3.4.2/spring-data-build-3.4.2.pom
2025-01-28 20:06:17,890 [Worker-29: Import Getting Started Content] INFO  o.e.m.c.i.e.AbstractTransferListenerAdapter - Downloaded https://repo.maven.apache.org/maven2/org/springframework/data/build/spring-data-build/3.4.2/spring-data-build-3.4.2.pom
2025-01-28 20:06:17,971 [Worker-29: Import Getting Started Content] INFO  o.e.m.c.i.e.AbstractTransferListenerAdapter - Downloading https://repo.maven.apache.org/maven2/org/springframework/data/spring-data-commons/3.4.2/spring-data-commons-3.4.2.pom
2025-01-28 20:06:17,978 [Worker-29: Import Getting Started Content] INFO  o.e.m.c.i.e.AbstractTransferListenerAdapter - Downloaded https://repo.maven.apache.org/maven2/org/springframework/data/spring-data-commons/3.4.2/spring-data-commons-3.4.2.pom
2025-01-28 20:06:18,039 [Worker-29: Import Getting Started Content] INFO  o.e.m.c.i.e.AbstractTransferListenerAdapter - Downloading https://repo.maven.apache.org/maven2/org/springframework/spring-orm/6.2.2/spring-orm-6.2.2.pom
2025-01-28 20:06:18,044 [Worker-29: Import Getting Started Content] INFO  o.e.m.c.i.e.AbstractTransferListenerAdapter - Downloaded https://repo.maven.apache.org/maven2/org/springframework/spring-orm/6.2.2/spring-orm-6.2.2.pom
2025-01-28 20:06:18,130 [Worker-29: Import Getting Started Content] INFO  o.e.m.c.i.e.AbstractTransferListenerAdapter - Downloading https://repo.maven.apache.org/maven2/org/springframework/spring-aspects/6.2.2/spring-aspects-6.2.2.pom
2025-01-28 20:06:18,138 [Worker-29: Import Getting Started Content] INFO  o.e.m.c.i.e.AbstractTransferListenerAdapter - Downloaded https://repo.maven.apache.org/maven2/org/springframework/spring-aspects/6.2.2/spring-aspects-6.2.2.pom
2025-01-28 20:06:18,209 [Worker-29: Import Getting Started Content] INFO  o.e.m.c.i.e.AbstractTransferListenerAdapter - Downloading https://repo.maven.apache.org/maven2/org/springframework/boot/spring-boot-starter-data-rest/3.4.2/spring-boot-starter-data-rest-3.4.2.pom
2025-01-28 20:06:18,219 [Worker-29: Import Getting Started Content] INFO  o.e.m.c.i.e.AbstractTransferListenerAdapter - Downloaded https://repo.maven.apache.org/maven2/org/springframework/boot/spring-boot-starter-data-rest/3.4.2/spring-boot-starter-data-rest-3.4.2.pom
2025-01-28 20:06:18,287 [Worker-29: Import Getting Started Content] INFO  o.e.m.c.i.e.AbstractTransferListenerAdapter - Downloading https://repo.maven.apache.org/maven2/org/springframework/boot/spring-boot-starter-web/3.4.2/spring-boot-starter-web-3.4.2.pom
2025-01-28 20:06:18,298 [Worker-29: Import Getting Started Content] INFO  o.e.m.c.i.e.AbstractTransferListenerAdapter - Downloaded https://repo.maven.apache.org/maven2/org/springframework/boot/spring-boot-starter-web/3.4.2/spring-boot-starter-web-3.4.2.pom
2025-01-28 20:06:18,356 [Worker-29: Import Getting Started Content] INFO  o.e.m.c.i.e.AbstractTransferListenerAdapter - Downloading https://repo.maven.apache.org/maven2/org/springframework/boot/spring-boot-starter-json/3.4.2/spring-boot-starter-json-3.4.2.pom
2025-01-28 20:06:18,367 [Worker-29: Import Getting Started Content] INFO  o.e.m.c.i.e.AbstractTransferListenerAdapter - Downloaded https://repo.maven.apache.org/maven2/org/springframework/boot/spring-boot-starter-json/3.4.2/spring-boot-starter-json-3.4.2.pom
2025-01-28 20:06:18,446 [Worker-29: Import Getting Started Content] INFO  o.e.m.c.i.e.AbstractTransferListenerAdapter - Downloading https://repo.maven.apache.org/maven2/org/springframework/spring-web/6.2.2/spring-web-6.2.2.pom
2025-01-28 20:06:18,455 [Worker-29: Import Getting Started Content] INFO  o.e.m.c.i.e.AbstractTransferListenerAdapter - Downloaded https://repo.maven.apache.org/maven2/org/springframework/spring-web/6.2.2/spring-web-6.2.2.pom
2025-01-28 20:06:18,529 [Worker-29: Import Getting Started Content] INFO  o.e.m.c.i.e.AbstractTransferListenerAdapter - Downloading https://repo.maven.apache.org/maven2/org/springframework/boot/spring-boot-starter-tomcat/3.4.2/spring-boot-starter-tomcat-3.4.2.pom
2025-01-28 20:06:18,537 [Worker-29: Import Getting Started Content] INFO  o.e.m.c.i.e.AbstractTransferListenerAdapter - Downloaded https://repo.maven.apache.org/maven2/org/springframework/boot/spring-boot-starter-tomcat/3.4.2/spring-boot-starter-tomcat-3.4.2.pom
2025-01-28 20:06:18,605 [Worker-29: Import Getting Started Content] INFO  o.e.m.c.i.e.AbstractTransferListenerAdapter - Downloading https://repo.maven.apache.org/maven2/org/springframework/spring-webmvc/6.2.2/spring-webmvc-6.2.2.pom
2025-01-28 20:06:18,612 [Worker-29: Import Getting Started Content] INFO  o.e.m.c.i.e.AbstractTransferListenerAdapter - Downloaded https://repo.maven.apache.org/maven2/org/springframework/spring-webmvc/6.2.2/spring-webmvc-6.2.2.pom
2025-01-28 20:06:18,682 [Worker-29: Import Getting Started Content] INFO  o.e.m.c.i.e.AbstractTransferListenerAdapter - Downloading https://repo.maven.apache.org/maven2/org/springframework/data/spring-data-rest-webmvc/4.4.2/spring-data-rest-webmvc-4.4.2.pom
2025-01-28 20:06:18,692 [Worker-29: Import Getting Started Content] INFO  o.e.m.c.i.e.AbstractTransferListenerAdapter - Downloaded https://repo.maven.apache.org/maven2/org/springframework/data/spring-data-rest-webmvc/4.4.2/spring-data-rest-webmvc-4.4.2.pom
2025-01-28 20:06:18,768 [Worker-29: Import Getting Started Content] INFO  o.e.m.c.i.e.AbstractTransferListenerAdapter - Downloading https://repo.maven.apache.org/maven2/org/springframework/data/spring-data-rest-parent/4.4.2/spring-data-rest-parent-4.4.2.pom
2025-01-28 20:06:18,780 [Worker-29: Import Getting Started Content] INFO  o.e.m.c.i.e.AbstractTransferListenerAdapter - Downloaded https://repo.maven.apache.org/maven2/org/springframework/data/spring-data-rest-parent/4.4.2/spring-data-rest-parent-4.4.2.pom
2025-01-28 20:06:18,854 [Worker-29: Import Getting Started Content] INFO  o.e.m.c.i.e.AbstractTransferListenerAdapter - Downloading https://repo.maven.apache.org/maven2/org/springframework/data/spring-data-rest-core/4.4.2/spring-data-rest-core-4.4.2.pom
2025-01-28 20:06:18,862 [Worker-29: Import Getting Started Content] INFO  o.e.m.c.i.e.AbstractTransferListenerAdapter - Downloaded https://repo.maven.apache.org/maven2/org/springframework/data/spring-data-rest-core/4.4.2/spring-data-rest-core-4.4.2.pom
2025-01-28 20:06:18,917 [Worker-29: Import Getting Started Content] INFO  o.e.m.c.i.e.AbstractTransferListenerAdapter - Downloading https://repo.maven.apache.org/maven2/org/springframework/hateoas/spring-hateoas/2.4.1/spring-hateoas-2.4.1.pom
2025-01-28 20:06:18,931 [Worker-29: Import Getting Started Content] INFO  o.e.m.c.i.e.AbstractTransferListenerAdapter - Downloaded https://repo.maven.apache.org/maven2/org/springframework/hateoas/spring-hateoas/2.4.1/spring-hateoas-2.4.1.pom
2025-01-28 20:06:19,003 [Worker-29: Import Getting Started Content] INFO  o.e.m.c.i.e.AbstractTransferListenerAdapter - Downloading https://repo.maven.apache.org/maven2/org/springframework/plugin/spring-plugin-core/3.0.0/spring-plugin-core-3.0.0.pom
2025-01-28 20:06:19,013 [Worker-29: Import Getting Started Content] INFO  o.e.m.c.i.e.AbstractTransferListenerAdapter - Downloaded https://repo.maven.apache.org/maven2/org/springframework/plugin/spring-plugin-core/3.0.0/spring-plugin-core-3.0.0.pom
2025-01-28 20:06:19,078 [Worker-29: Import Getting Started Content] INFO  o.e.m.c.i.e.AbstractTransferListenerAdapter - Downloading https://repo.maven.apache.org/maven2/org/atteo/evo-inflector/1.3/evo-inflector-1.3.pom
2025-01-28 20:06:19,091 [Worker-29: Import Getting Started Content] INFO  o.e.m.c.i.e.AbstractTransferListenerAdapter - Downloaded https://repo.maven.apache.org/maven2/org/atteo/evo-inflector/1.3/evo-inflector-1.3.pom
2025-01-28 20:06:19,158 [Worker-29: Import Getting Started Content] INFO  o.e.m.c.i.e.AbstractTransferListenerAdapter - Downloading https://repo.maven.apache.org/maven2/org/atteo/parent/1.19/parent-1.19.pom
2025-01-28 20:06:19,166 [Worker-29: Import Getting Started Content] INFO  o.e.m.c.i.e.AbstractTransferListenerAdapter - Downloaded https://repo.maven.apache.org/maven2/org/atteo/parent/1.19/parent-1.19.pom
2025-01-28 20:06:19,235 [Worker-29: Import Getting Started Content] INFO  o.e.m.c.i.e.AbstractTransferListenerAdapter - Downloading https://repo.maven.apache.org/maven2/org/springframework/boot/spring-boot-devtools/3.4.2/spring-boot-devtools-3.4.2.pom
2025-01-28 20:06:19,244 [Worker-29: Import Getting Started Content] INFO  o.e.m.c.i.e.AbstractTransferListenerAdapter - Downloaded https://repo.maven.apache.org/maven2/org/springframework/boot/spring-boot-devtools/3.4.2/spring-boot-devtools-3.4.2.pom
2025-01-28 20:06:19,301 [Worker-29: Import Getting Started Content] INFO  o.e.m.c.i.e.AbstractTransferListenerAdapter - Downloading https://repo.maven.apache.org/maven2/org/postgresql/postgresql/42.7.5/postgresql-42.7.5.pom
2025-01-28 20:06:19,330 [Worker-29: Import Getting Started Content] INFO  o.e.m.c.i.e.AbstractTransferListenerAdapter - Downloaded https://repo.maven.apache.org/maven2/org/postgresql/postgresql/42.7.5/postgresql-42.7.5.pom
2025-01-28 20:06:19,395 [Worker-29: Import Getting Started Content] INFO  o.e.m.c.i.e.AbstractTransferListenerAdapter - Downloading https://repo.maven.apache.org/maven2/org/checkerframework/checker-qual/3.48.3/checker-qual-3.48.3.pom
2025-01-28 20:06:19,409 [Worker-29: Import Getting Started Content] INFO  o.e.m.c.i.e.AbstractTransferListenerAdapter - Downloaded https://repo.maven.apache.org/maven2/org/checkerframework/checker-qual/3.48.3/checker-qual-3.48.3.pom
2025-01-28 20:06:19,484 [Worker-29: Import Getting Started Content] INFO  o.e.m.c.i.e.AbstractTransferListenerAdapter - Downloading https://repo.maven.apache.org/maven2/org/springframework/boot/spring-boot-starter-test/3.4.2/spring-boot-starter-test-3.4.2.pom
2025-01-28 20:06:19,520 [Worker-29: Import Getting Started Content] INFO  o.e.m.c.i.e.AbstractTransferListenerAdapter - Downloaded https://repo.maven.apache.org/maven2/org/springframework/boot/spring-boot-starter-test/3.4.2/spring-boot-starter-test-3.4.2.pom
2025-01-28 20:06:19,611 [Worker-29: Import Getting Started Content] INFO  o.e.m.c.i.e.AbstractTransferListenerAdapter - Downloading https://repo.maven.apache.org/maven2/org/springframework/boot/spring-boot-test/3.4.2/spring-boot-test-3.4.2.pom
2025-01-28 20:06:19,625 [Worker-29: Import Getting Started Content] INFO  o.e.m.c.i.e.AbstractTransferListenerAdapter - Downloaded https://repo.maven.apache.org/maven2/org/springframework/boot/spring-boot-test/3.4.2/spring-boot-test-3.4.2.pom
2025-01-28 20:06:19,692 [Worker-29: Import Getting Started Content] INFO  o.e.m.c.i.e.AbstractTransferListenerAdapter - Downloading https://repo.maven.apache.org/maven2/org/springframework/spring-test/6.2.2/spring-test-6.2.2.pom
2025-01-28 20:06:19,702 [Worker-29: Import Getting Started Content] INFO  o.e.m.c.i.e.AbstractTransferListenerAdapter - Downloaded https://repo.maven.apache.org/maven2/org/springframework/spring-test/6.2.2/spring-test-6.2.2.pom
2025-01-28 20:06:19,760 [Worker-29: Import Getting Started Content] INFO  o.e.m.c.i.e.AbstractTransferListenerAdapter - Downloading https://repo.maven.apache.org/maven2/org/springframework/boot/spring-boot-test-autoconfigure/3.4.2/spring-boot-test-autoconfigure-3.4.2.pom
2025-01-28 20:06:19,763 [Worker-29: Import Getting Started Content] INFO  o.e.m.c.i.e.AbstractTransferListenerAdapter - Downloaded https://repo.maven.apache.org/maven2/org/springframework/boot/spring-boot-test-autoconfigure/3.4.2/spring-boot-test-autoconfigure-3.4.2.pom
2025-01-28 20:06:19,875 [Worker-29: Import Getting Started Content] INFO  o.e.m.c.i.e.AbstractTransferListenerAdapter - Downloading https://repo.maven.apache.org/maven2/org/springframework/boot/spring-boot-starter-data-jpa/3.4.2/spring-boot-starter-data-jpa-3.4.2.jar
2025-01-28 20:06:19,900 [Worker-29: Import Getting Started Content] INFO  o.e.m.c.i.e.AbstractTransferListenerAdapter - Downloaded https://repo.maven.apache.org/maven2/org/springframework/boot/spring-boot-starter-data-jpa/3.4.2/spring-boot-starter-data-jpa-3.4.2.jar
2025-01-28 20:06:19,954 [BasicRepositoryConnector-repo.maven.apache.org-0-0] INFO  o.e.m.c.i.e.AbstractTransferListenerAdapter - Downloading https://repo.maven.apache.org/maven2/org/springframework/boot/spring-boot-starter/3.4.2/spring-boot-starter-3.4.2.jar
2025-01-28 20:06:19,974 [BasicRepositoryConnector-repo.maven.apache.org-0-0] INFO  o.e.m.c.i.e.AbstractTransferListenerAdapter - Downloaded https://repo.maven.apache.org/maven2/org/springframework/boot/spring-boot-starter/3.4.2/spring-boot-starter-3.4.2.jar
2025-01-28 20:06:20,056 [BasicRepositoryConnector-repo.maven.apache.org-0-0] INFO  o.e.m.c.i.e.AbstractTransferListenerAdapter - Downloading https://repo.maven.apache.org/maven2/org/springframework/spring-jdbc/6.2.2/spring-jdbc-6.2.2.jar
2025-01-28 20:06:20,202 [BasicRepositoryConnector-repo.maven.apache.org-0-3] INFO  o.e.m.c.i.e.AbstractTransferListenerAdapter - Downloading https://repo.maven.apache.org/maven2/ch/qos/logback/logback-core/1.5.16/logback-core-1.5.16.jar
2025-01-28 20:06:20,206 [BasicRepositoryConnector-repo.maven.apache.org-0-1] INFO  o.e.m.c.i.e.AbstractTransferListenerAdapter - Downloading https://repo.maven.apache.org/maven2/org/springframework/boot/spring-boot-starter-logging/3.4.2/spring-boot-starter-logging-3.4.2.jar
2025-01-28 20:06:20,206 [BasicRepositoryConnector-repo.maven.apache.org-0-2] INFO  o.e.m.c.i.e.AbstractTransferListenerAdapter - Downloading https://repo.maven.apache.org/maven2/ch/qos/logback/logback-classic/1.5.16/logback-classic-1.5.16.jar
2025-01-28 20:06:20,206 [BasicRepositoryConnector-repo.maven.apache.org-0-4] INFO  o.e.m.c.i.e.AbstractTransferListenerAdapter - Downloading https://repo.maven.apache.org/maven2/org/springframework/boot/spring-boot-starter-jdbc/3.4.2/spring-boot-starter-jdbc-3.4.2.jar
2025-01-28 20:06:20,214 [BasicRepositoryConnector-repo.maven.apache.org-0-1] INFO  o.e.m.c.i.e.AbstractTransferListenerAdapter - Downloaded https://repo.maven.apache.org/maven2/org/springframework/boot/spring-boot-starter-logging/3.4.2/spring-boot-starter-logging-3.4.2.jar
2025-01-28 20:06:20,214 [BasicRepositoryConnector-repo.maven.apache.org-0-4] INFO  o.e.m.c.i.e.AbstractTransferListenerAdapter - Downloaded https://repo.maven.apache.org/maven2/org/springframework/boot/spring-boot-starter-jdbc/3.4.2/spring-boot-starter-jdbc-3.4.2.jar
2025-01-28 20:06:20,282 [BasicRepositoryConnector-repo.maven.apache.org-0-0] INFO  o.e.m.c.i.e.AbstractTransferListenerAdapter - Downloaded https://repo.maven.apache.org/maven2/org/springframework/spring-jdbc/6.2.2/spring-jdbc-6.2.2.jar
2025-01-28 20:06:20,325 [BasicRepositoryConnector-repo.maven.apache.org-0-4] INFO  o.e.m.c.i.e.AbstractTransferListenerAdapter - Downloading https://repo.maven.apache.org/maven2/org/springframework/data/spring-data-jpa/3.4.2/spring-data-jpa-3.4.2.jar
2025-01-28 20:06:20,366 [BasicRepositoryConnector-repo.maven.apache.org-0-1] INFO  o.e.m.c.i.e.AbstractTransferListenerAdapter - Downloading https://repo.maven.apache.org/maven2/org/hibernate/orm/hibernate-core/6.6.5.Final/hibernate-core-6.6.5.Final.jar
2025-01-28 20:06:20,437 [BasicRepositoryConnector-repo.maven.apache.org-0-0] INFO  o.e.m.c.i.e.AbstractTransferListenerAdapter - Downloading https://repo.maven.apache.org/maven2/org/springframework/data/spring-data-commons/3.4.2/spring-data-commons-3.4.2.jar
2025-01-28 20:06:21,528 [BasicRepositoryConnector-repo.maven.apache.org-0-3] INFO  o.e.m.c.i.e.AbstractTransferListenerAdapter - Downloaded https://repo.maven.apache.org/maven2/ch/qos/logback/logback-core/1.5.16/logback-core-1.5.16.jar
2025-01-28 20:06:21,587 [BasicRepositoryConnector-repo.maven.apache.org-0-0] INFO  o.e.m.c.i.e.AbstractTransferListenerAdapter - Downloaded https://repo.maven.apache.org/maven2/org/springframework/data/spring-data-commons/3.4.2/spring-data-commons-3.4.2.jar
2025-01-28 20:06:21,605 [BasicRepositoryConnector-repo.maven.apache.org-0-3] INFO  o.e.m.c.i.e.AbstractTransferListenerAdapter - Downloading https://repo.maven.apache.org/maven2/org/springframework/spring-orm/6.2.2/spring-orm-6.2.2.jar
2025-01-28 20:06:21,612 [BasicRepositoryConnector-repo.maven.apache.org-0-2] INFO  o.e.m.c.i.e.AbstractTransferListenerAdapter - Downloaded https://repo.maven.apache.org/maven2/ch/qos/logback/logback-classic/1.5.16/logback-classic-1.5.16.jar
2025-01-28 20:06:21,681 [BasicRepositoryConnector-repo.maven.apache.org-0-0] INFO  o.e.m.c.i.e.AbstractTransferListenerAdapter - Downloading https://repo.maven.apache.org/maven2/org/springframework/spring-context/6.2.2/spring-context-6.2.2.jar
2025-01-28 20:06:21,695 [BasicRepositoryConnector-repo.maven.apache.org-0-2] INFO  o.e.m.c.i.e.AbstractTransferListenerAdapter - Downloading https://repo.maven.apache.org/maven2/org/springframework/spring-aop/6.2.2/spring-aop-6.2.2.jar
2025-01-28 20:06:21,865 [BasicRepositoryConnector-repo.maven.apache.org-0-3] INFO  o.e.m.c.i.e.AbstractTransferListenerAdapter - Downloaded https://repo.maven.apache.org/maven2/org/springframework/spring-orm/6.2.2/spring-orm-6.2.2.jar
2025-01-28 20:06:22,037 [BasicRepositoryConnector-repo.maven.apache.org-0-3] INFO  o.e.m.c.i.e.AbstractTransferListenerAdapter - Downloading https://repo.maven.apache.org/maven2/org/springframework/spring-tx/6.2.2/spring-tx-6.2.2.jar
2025-01-28 20:06:22,318 [BasicRepositoryConnector-repo.maven.apache.org-0-0] INFO  o.e.m.c.i.e.AbstractTransferListenerAdapter - Downloaded https://repo.maven.apache.org/maven2/org/springframework/spring-context/6.2.2/spring-context-6.2.2.jar
2025-01-28 20:06:22,394 [BasicRepositoryConnector-repo.maven.apache.org-0-3] INFO  o.e.m.c.i.e.AbstractTransferListenerAdapter - Downloaded https://repo.maven.apache.org/maven2/org/springframework/spring-tx/6.2.2/spring-tx-6.2.2.jar
2025-01-28 20:06:22,457 [BasicRepositoryConnector-repo.maven.apache.org-0-0] INFO  o.e.m.c.i.e.AbstractTransferListenerAdapter - Downloading https://repo.maven.apache.org/maven2/org/springframework/spring-beans/6.2.2/spring-beans-6.2.2.jar
2025-01-28 20:06:22,522 [BasicRepositoryConnector-repo.maven.apache.org-0-3] INFO  o.e.m.c.i.e.AbstractTransferListenerAdapter - Downloading https://repo.maven.apache.org/maven2/org/springframework/spring-aspects/6.2.2/spring-aspects-6.2.2.jar
2025-01-28 20:06:22,562 [BasicRepositoryConnector-repo.maven.apache.org-0-3] INFO  o.e.m.c.i.e.AbstractTransferListenerAdapter - Downloaded https://repo.maven.apache.org/maven2/org/springframework/spring-aspects/6.2.2/spring-aspects-6.2.2.jar
2025-01-28 20:06:22,604 [BasicRepositoryConnector-repo.maven.apache.org-0-2] INFO  o.e.m.c.i.e.AbstractTransferListenerAdapter - Downloaded https://repo.maven.apache.org/maven2/org/springframework/spring-aop/6.2.2/spring-aop-6.2.2.jar
2025-01-28 20:06:22,852 [BasicRepositoryConnector-repo.maven.apache.org-0-3] INFO  o.e.m.c.i.e.AbstractTransferListenerAdapter - Downloading https://repo.maven.apache.org/maven2/org/springframework/boot/spring-boot-starter-data-rest/3.4.2/spring-boot-starter-data-rest-3.4.2.jar
2025-01-28 20:06:22,864 [BasicRepositoryConnector-repo.maven.apache.org-0-3] INFO  o.e.m.c.i.e.AbstractTransferListenerAdapter - Downloaded https://repo.maven.apache.org/maven2/org/springframework/boot/spring-boot-starter-data-rest/3.4.2/spring-boot-starter-data-rest-3.4.2.jar
2025-01-28 20:06:22,891 [BasicRepositoryConnector-repo.maven.apache.org-0-2] INFO  o.e.m.c.i.e.AbstractTransferListenerAdapter - Downloading https://repo.maven.apache.org/maven2/org/springframework/data/spring-data-rest-webmvc/4.4.2/spring-data-rest-webmvc-4.4.2.jar
2025-01-28 20:06:22,895 [BasicRepositoryConnector-repo.maven.apache.org-0-0] INFO  o.e.m.c.i.e.AbstractTransferListenerAdapter - Downloaded https://repo.maven.apache.org/maven2/org/springframework/spring-beans/6.2.2/spring-beans-6.2.2.jar
2025-01-28 20:06:22,962 [BasicRepositoryConnector-repo.maven.apache.org-0-3] INFO  o.e.m.c.i.e.AbstractTransferListenerAdapter - Downloading https://repo.maven.apache.org/maven2/org/springframework/data/spring-data-rest-core/4.4.2/spring-data-rest-core-4.4.2.jar
2025-01-28 20:06:23,010 [BasicRepositoryConnector-repo.maven.apache.org-0-0] INFO  o.e.m.c.i.e.AbstractTransferListenerAdapter - Downloading https://repo.maven.apache.org/maven2/org/springframework/hateoas/spring-hateoas/2.4.1/spring-hateoas-2.4.1.jar
2025-01-28 20:06:23,089 [BasicRepositoryConnector-repo.maven.apache.org-0-3] INFO  o.e.m.c.i.e.AbstractTransferListenerAdapter - Downloaded https://repo.maven.apache.org/maven2/org/springframework/data/spring-data-rest-core/4.4.2/spring-data-rest-core-4.4.2.jar
2025-01-28 20:06:23,417 [BasicRepositoryConnector-repo.maven.apache.org-0-4] INFO  o.e.m.c.i.e.AbstractTransferListenerAdapter - Downloaded https://repo.maven.apache.org/maven2/org/springframework/data/spring-data-jpa/3.4.2/spring-data-jpa-3.4.2.jar
2025-01-28 20:06:23,419 [BasicRepositoryConnector-repo.maven.apache.org-0-3] INFO  o.e.m.c.i.e.AbstractTransferListenerAdapter - Downloading https://repo.maven.apache.org/maven2/org/springframework/plugin/spring-plugin-core/3.0.0/spring-plugin-core-3.0.0.jar
2025-01-28 20:06:23,421 [BasicRepositoryConnector-repo.maven.apache.org-0-0] INFO  o.e.m.c.i.e.AbstractTransferListenerAdapter - Downloaded https://repo.maven.apache.org/maven2/org/springframework/hateoas/spring-hateoas/2.4.1/spring-hateoas-2.4.1.jar
2025-01-28 20:06:23,533 [BasicRepositoryConnector-repo.maven.apache.org-0-0] INFO  o.e.m.c.i.e.AbstractTransferListenerAdapter - Downloading https://repo.maven.apache.org/maven2/org/springframework/boot/spring-boot-starter-web/3.4.2/spring-boot-starter-web-3.4.2.jar
2025-01-28 20:06:23,537 [BasicRepositoryConnector-repo.maven.apache.org-0-4] INFO  o.e.m.c.i.e.AbstractTransferListenerAdapter - Downloading https://repo.maven.apache.org/maven2/org/atteo/evo-inflector/1.3/evo-inflector-1.3.jar
2025-01-28 20:06:23,542 [BasicRepositoryConnector-repo.maven.apache.org-0-0] INFO  o.e.m.c.i.e.AbstractTransferListenerAdapter - Downloaded https://repo.maven.apache.org/maven2/org/springframework/boot/spring-boot-starter-web/3.4.2/spring-boot-starter-web-3.4.2.jar
2025-01-28 20:06:23,542 [BasicRepositoryConnector-repo.maven.apache.org-0-3] INFO  o.e.m.c.i.e.AbstractTransferListenerAdapter - Downloaded https://repo.maven.apache.org/maven2/org/springframework/plugin/spring-plugin-core/3.0.0/spring-plugin-core-3.0.0.jar
2025-01-28 20:06:23,544 [BasicRepositoryConnector-repo.maven.apache.org-0-4] INFO  o.e.m.c.i.e.AbstractTransferListenerAdapter - Downloaded https://repo.maven.apache.org/maven2/org/atteo/evo-inflector/1.3/evo-inflector-1.3.jar
2025-01-28 20:06:23,545 [BasicRepositoryConnector-repo.maven.apache.org-0-2] INFO  o.e.m.c.i.e.AbstractTransferListenerAdapter - Downloaded https://repo.maven.apache.org/maven2/org/springframework/data/spring-data-rest-webmvc/4.4.2/spring-data-rest-webmvc-4.4.2.jar
2025-01-28 20:06:23,598 [BasicRepositoryConnector-repo.maven.apache.org-0-2] INFO  o.e.m.c.i.e.AbstractTransferListenerAdapter - Downloading https://repo.maven.apache.org/maven2/io/micrometer/micrometer-observation/1.14.3/micrometer-observation-1.14.3.jar
2025-01-28 20:06:23,610 [BasicRepositoryConnector-repo.maven.apache.org-0-4] INFO  o.e.m.c.i.e.AbstractTransferListenerAdapter - Downloading https://repo.maven.apache.org/maven2/org/springframework/spring-web/6.2.2/spring-web-6.2.2.jar
2025-01-28 20:06:23,614 [BasicRepositoryConnector-repo.maven.apache.org-0-0] INFO  o.e.m.c.i.e.AbstractTransferListenerAdapter - Downloading https://repo.maven.apache.org/maven2/org/springframework/boot/spring-boot-starter-json/3.4.2/spring-boot-starter-json-3.4.2.jar
2025-01-28 20:06:23,619 [BasicRepositoryConnector-repo.maven.apache.org-0-0] INFO  o.e.m.c.i.e.AbstractTransferListenerAdapter - Downloaded https://repo.maven.apache.org/maven2/org/springframework/boot/spring-boot-starter-json/3.4.2/spring-boot-starter-json-3.4.2.jar
2025-01-28 20:06:23,647 [BasicRepositoryConnector-repo.maven.apache.org-0-3] INFO  o.e.m.c.i.e.AbstractTransferListenerAdapter - Downloading https://repo.maven.apache.org/maven2/org/springframework/boot/spring-boot-starter-tomcat/3.4.2/spring-boot-starter-tomcat-3.4.2.jar
2025-01-28 20:06:23,658 [BasicRepositoryConnector-repo.maven.apache.org-0-3] INFO  o.e.m.c.i.e.AbstractTransferListenerAdapter - Downloaded https://repo.maven.apache.org/maven2/org/springframework/boot/spring-boot-starter-tomcat/3.4.2/spring-boot-starter-tomcat-3.4.2.jar
2025-01-28 20:06:23,685 [BasicRepositoryConnector-repo.maven.apache.org-0-2] INFO  o.e.m.c.i.e.AbstractTransferListenerAdapter - Downloaded https://repo.maven.apache.org/maven2/io/micrometer/micrometer-observation/1.14.3/micrometer-observation-1.14.3.jar
2025-01-28 20:06:23,702 [BasicRepositoryConnector-repo.maven.apache.org-0-0] INFO  o.e.m.c.i.e.AbstractTransferListenerAdapter - Downloading https://repo.maven.apache.org/maven2/io/micrometer/micrometer-commons/1.14.3/micrometer-commons-1.14.3.jar
2025-01-28 20:06:23,779 [BasicRepositoryConnector-repo.maven.apache.org-0-3] INFO  o.e.m.c.i.e.AbstractTransferListenerAdapter - Downloading https://repo.maven.apache.org/maven2/org/springframework/spring-webmvc/6.2.2/spring-webmvc-6.2.2.jar
2025-01-28 20:06:23,784 [BasicRepositoryConnector-repo.maven.apache.org-0-0] INFO  o.e.m.c.i.e.AbstractTransferListenerAdapter - Downloaded https://repo.maven.apache.org/maven2/io/micrometer/micrometer-commons/1.14.3/micrometer-commons-1.14.3.jar
2025-01-28 20:06:23,840 [BasicRepositoryConnector-repo.maven.apache.org-0-2] INFO  o.e.m.c.i.e.AbstractTransferListenerAdapter - Downloading https://repo.maven.apache.org/maven2/org/springframework/spring-expression/6.2.2/spring-expression-6.2.2.jar
2025-01-28 20:06:24,039 [BasicRepositoryConnector-repo.maven.apache.org-0-0] INFO  o.e.m.c.i.e.AbstractTransferListenerAdapter - Downloading https://repo.maven.apache.org/maven2/org/springframework/boot/spring-boot-devtools/3.4.2/spring-boot-devtools-3.4.2.jar
2025-01-28 20:06:24,192 [BasicRepositoryConnector-repo.maven.apache.org-0-2] INFO  o.e.m.c.i.e.AbstractTransferListenerAdapter - Downloaded https://repo.maven.apache.org/maven2/org/springframework/spring-expression/6.2.2/spring-expression-6.2.2.jar
2025-01-28 20:06:24,203 [BasicRepositoryConnector-repo.maven.apache.org-0-0] INFO  o.e.m.c.i.e.AbstractTransferListenerAdapter - Downloaded https://repo.maven.apache.org/maven2/org/springframework/boot/spring-boot-devtools/3.4.2/spring-boot-devtools-3.4.2.jar
2025-01-28 20:06:24,403 [BasicRepositoryConnector-repo.maven.apache.org-0-2] INFO  o.e.m.c.i.e.AbstractTransferListenerAdapter - Downloading https://repo.maven.apache.org/maven2/org/springframework/boot/spring-boot/3.4.2/spring-boot-3.4.2.jar
2025-01-28 20:06:24,426 [BasicRepositoryConnector-repo.maven.apache.org-0-0] INFO  o.e.m.c.i.e.AbstractTransferListenerAdapter - Downloading https://repo.maven.apache.org/maven2/org/springframework/boot/spring-boot-autoconfigure/3.4.2/spring-boot-autoconfigure-3.4.2.jar
2025-01-28 20:06:24,622 [BasicRepositoryConnector-repo.maven.apache.org-0-4] INFO  o.e.m.c.i.e.AbstractTransferListenerAdapter - Downloaded https://repo.maven.apache.org/maven2/org/springframework/spring-web/6.2.2/spring-web-6.2.2.jar
2025-01-28 20:06:24,802 [BasicRepositoryConnector-repo.maven.apache.org-0-4] INFO  o.e.m.c.i.e.AbstractTransferListenerAdapter - Downloading https://repo.maven.apache.org/maven2/org/postgresql/postgresql/42.7.5/postgresql-42.7.5.jar
2025-01-28 20:06:25,791 [BasicRepositoryConnector-repo.maven.apache.org-0-4] INFO  o.e.m.c.i.e.AbstractTransferListenerAdapter - Downloaded https://repo.maven.apache.org/maven2/org/postgresql/postgresql/42.7.5/postgresql-42.7.5.jar
2025-01-28 20:06:26,098 [BasicRepositoryConnector-repo.maven.apache.org-0-3] INFO  o.e.m.c.i.e.AbstractTransferListenerAdapter - Downloaded https://repo.maven.apache.org/maven2/org/springframework/spring-webmvc/6.2.2/spring-webmvc-6.2.2.jar
2025-01-28 20:06:26,116 [BasicRepositoryConnector-repo.maven.apache.org-0-4] INFO  o.e.m.c.i.e.AbstractTransferListenerAdapter - Downloading https://repo.maven.apache.org/maven2/org/checkerframework/checker-qual/3.48.3/checker-qual-3.48.3.jar
2025-01-28 20:06:26,290 [BasicRepositoryConnector-repo.maven.apache.org-0-4] INFO  o.e.m.c.i.e.AbstractTransferListenerAdapter - Downloaded https://repo.maven.apache.org/maven2/org/checkerframework/checker-qual/3.48.3/checker-qual-3.48.3.jar
2025-01-28 20:06:26,290 [BasicRepositoryConnector-repo.maven.apache.org-0-3] INFO  o.e.m.c.i.e.AbstractTransferListenerAdapter - Downloading https://repo.maven.apache.org/maven2/org/springframework/boot/spring-boot-starter-test/3.4.2/spring-boot-starter-test-3.4.2.jar
2025-01-28 20:06:26,295 [BasicRepositoryConnector-repo.maven.apache.org-0-3] INFO  o.e.m.c.i.e.AbstractTransferListenerAdapter - Downloaded https://repo.maven.apache.org/maven2/org/springframework/boot/spring-boot-starter-test/3.4.2/spring-boot-starter-test-3.4.2.jar
2025-01-28 20:06:26,744 [BasicRepositoryConnector-repo.maven.apache.org-0-2] INFO  o.e.m.c.i.e.AbstractTransferListenerAdapter - Downloaded https://repo.maven.apache.org/maven2/org/springframework/boot/spring-boot/3.4.2/spring-boot-3.4.2.jar
2025-01-28 20:06:26,949 [BasicRepositoryConnector-repo.maven.apache.org-0-4] INFO  o.e.m.c.i.e.AbstractTransferListenerAdapter - Downloading https://repo.maven.apache.org/maven2/org/springframework/boot/spring-boot-test/3.4.2/spring-boot-test-3.4.2.jar
2025-01-28 20:06:26,950 [BasicRepositoryConnector-repo.maven.apache.org-0-3] INFO  o.e.m.c.i.e.AbstractTransferListenerAdapter - Downloading https://repo.maven.apache.org/maven2/org/springframework/boot/spring-boot-test-autoconfigure/3.4.2/spring-boot-test-autoconfigure-3.4.2.jar
2025-01-28 20:06:27,577 [BasicRepositoryConnector-repo.maven.apache.org-0-2] INFO  o.e.m.c.i.e.AbstractTransferListenerAdapter - Downloading https://repo.maven.apache.org/maven2/org/springframework/spring-core/6.2.2/spring-core-6.2.2.jar
2025-01-28 20:06:27,733 [BasicRepositoryConnector-repo.maven.apache.org-0-4] INFO  o.e.m.c.i.e.AbstractTransferListenerAdapter - Downloaded https://repo.maven.apache.org/maven2/org/springframework/boot/spring-boot-test/3.4.2/spring-boot-test-3.4.2.jar
2025-01-28 20:06:27,736 [BasicRepositoryConnector-repo.maven.apache.org-0-3] INFO  o.e.m.c.i.e.AbstractTransferListenerAdapter - Downloaded https://repo.maven.apache.org/maven2/org/springframework/boot/spring-boot-test-autoconfigure/3.4.2/spring-boot-test-autoconfigure-3.4.2.jar
2025-01-28 20:06:27,897 [BasicRepositoryConnector-repo.maven.apache.org-0-3] INFO  o.e.m.c.i.e.AbstractTransferListenerAdapter - Downloading https://repo.maven.apache.org/maven2/org/springframework/spring-test/6.2.2/spring-test-6.2.2.jar
2025-01-28 20:06:27,898 [BasicRepositoryConnector-repo.maven.apache.org-0-4] INFO  o.e.m.c.i.e.AbstractTransferListenerAdapter - Downloading https://repo.maven.apache.org/maven2/org/springframework/spring-jcl/6.2.2/spring-jcl-6.2.2.jar
2025-01-28 20:06:27,941 [BasicRepositoryConnector-repo.maven.apache.org-0-4] INFO  o.e.m.c.i.e.AbstractTransferListenerAdapter - Downloaded https://repo.maven.apache.org/maven2/org/springframework/spring-jcl/6.2.2/spring-jcl-6.2.2.jar
2025-01-28 20:06:28,181 [BasicRepositoryConnector-repo.maven.apache.org-0-0] INFO  o.e.m.c.i.e.AbstractTransferListenerAdapter - Downloaded https://repo.maven.apache.org/maven2/org/springframework/boot/spring-boot-autoconfigure/3.4.2/spring-boot-autoconfigure-3.4.2.jar
2025-01-28 20:06:28,561 [BasicRepositoryConnector-repo.maven.apache.org-0-3] INFO  o.e.m.c.i.e.AbstractTransferListenerAdapter - Downloaded https://repo.maven.apache.org/maven2/org/springframework/spring-test/6.2.2/spring-test-6.2.2.jar
2025-01-28 20:06:28,585 [BasicRepositoryConnector-repo.maven.apache.org-0-2] INFO  o.e.m.c.i.e.AbstractTransferListenerAdapter - Downloaded https://repo.maven.apache.org/maven2/org/springframework/spring-core/6.2.2/spring-core-6.2.2.jar
2025-01-28 20:06:33,371 [BasicRepositoryConnector-repo.maven.apache.org-0-1] INFO  o.e.m.c.i.e.AbstractTransferListenerAdapter - Downloaded https://repo.maven.apache.org/maven2/org/hibernate/orm/hibernate-core/6.6.5.Final/hibernate-core-6.6.5.Final.jar
2025-01-28 20:06:33,442 [Worker-29: Import Getting Started Content] INFO  o.e.m.c.i.l.LifecycleMappingFactory - Using org.eclipse.m2e.jdt.JarLifecycleMapping lifecycle mapping for MavenProject: com.jose:ejemplo1:0.0.1-SNAPSHOT @ C:\STS\springProjects\ejemplo1\pom.xml.
2025-01-28 20:06:33,593 [Worker-29: Import Getting Started Content] INFO  o.e.m.c.i.l.LifecycleMappingFactory - Using org.eclipse.m2e.jdt.JarLifecycleMapping lifecycle mapping for MavenProject: com.jose.springboot.backend:mvc:1 @ C:\STS\springProjects\practica06\pom.xml.
2025-01-28 20:06:33,688 [Worker-29: Import Getting Started Content] INFO  o.e.m.c.i.l.LifecycleMappingFactory - Using org.eclipse.m2e.jdt.JarLifecycleMapping lifecycle mapping for MavenProject: com.fran.springboot.backend:mvc:1 @ C:\STS\springProjects\SpringMvcSecurity\pom.xml.
2025-01-28 20:06:33,761 [Worker-29: Import Getting Started Content] INFO  o.e.m.c.i.l.LifecycleMappingFactory - Using org.eclipse.m2e.jdt.JarLifecycleMapping lifecycle mapping for MavenProject: com.fran.springboot.backend:mvc:1 @ C:\Users\Jose Pinilla\Downloads\SpringMvcDto (1)\SpringMvc\pom.xml.
2025-01-28 20:06:34,805 [Worker-29: Import Getting Started Content] INFO  o.e.m.j.i.AbstractJavaProjectConfigurator - Adding source folder /springboot-backend-eventos/src/main/java
2025-01-28 20:06:34,806 [Worker-29: Import Getting Started Content] INFO  o.e.m.j.i.AbstractJavaProjectConfigurator - Adding resource folder /springboot-backend-eventos/src/main/resources
2025-01-28 20:06:34,808 [Worker-29: Import Getting Started Content] INFO  o.e.m.j.i.AbstractJavaProjectConfigurator - Adding resource folder /springboot-backend-eventos/src/main/resources
2025-01-28 20:06:34,811 [Worker-29: Import Getting Started Content] INFO  o.e.m.j.i.AbstractJavaProjectConfigurator - Adding source folder /springboot-backend-eventos/src/test/java
2025-01-28 20:06:34,811 [Worker-29: Import Getting Started Content] INFO  o.e.m.j.i.AbstractJavaProjectConfigurator - Adding resource folder /springboot-backend-eventos/src/test/resources
2025-01-28 20:06:35,605 [Worker-34: Download sources and javadoc] INFO  o.e.m.c.i.e.AbstractTransferListenerAdapter - Downloading https://repo.maven.apache.org/maven2/org/springframework/boot/spring-boot-starter-data-jpa/3.4.2/spring-boot-starter-data-jpa-3.4.2-sources.jar
2025-01-28 20:06:35,615 [Worker-34: Download sources and javadoc] INFO  o.e.m.c.i.e.AbstractTransferListenerAdapter - Downloaded https://repo.maven.apache.org/maven2/org/springframework/boot/spring-boot-starter-data-jpa/3.4.2/spring-boot-starter-data-jpa-3.4.2-sources.jar
2025-01-28 20:06:35,622 [Worker-34: Download sources and javadoc] INFO  o.e.m.j.internal.DownloadSourcesJob - Downloaded sources for org.springframework.boot:spring-boot-starter-data-jpa:3.4.2
2025-01-28 20:06:35,824 [Worker-34: Download sources and javadoc] INFO  o.e.m.c.i.e.AbstractTransferListenerAdapter - Downloading https://repo.maven.apache.org/maven2/org/springframework/boot/spring-boot-starter/3.4.2/spring-boot-starter-3.4.2-sources.jar
2025-01-28 20:06:35,849 [Worker-34: Download sources and javadoc] INFO  o.e.m.c.i.e.AbstractTransferListenerAdapter - Downloaded https://repo.maven.apache.org/maven2/org/springframework/boot/spring-boot-starter/3.4.2/spring-boot-starter-3.4.2-sources.jar
2025-01-28 20:06:35,852 [Worker-34: Download sources and javadoc] INFO  o.e.m.j.internal.DownloadSourcesJob - Downloaded sources for org.springframework.boot:spring-boot-starter:3.4.2
2025-01-28 20:06:36,075 [Worker-34: Download sources and javadoc] INFO  o.e.m.c.i.e.AbstractTransferListenerAdapter - Downloading https://repo.maven.apache.org/maven2/org/springframework/boot/spring-boot-starter-logging/3.4.2/spring-boot-starter-logging-3.4.2-sources.jar
2025-01-28 20:06:36,083 [Worker-34: Download sources and javadoc] INFO  o.e.m.c.i.e.AbstractTransferListenerAdapter - Downloaded https://repo.maven.apache.org/maven2/org/springframework/boot/spring-boot-starter-logging/3.4.2/spring-boot-starter-logging-3.4.2-sources.jar
2025-01-28 20:06:36,086 [Worker-34: Download sources and javadoc] INFO  o.e.m.j.internal.DownloadSourcesJob - Downloaded sources for org.springframework.boot:spring-boot-starter-logging:3.4.2
2025-01-28 20:06:36,285 [Worker-34: Download sources and javadoc] INFO  o.e.m.c.i.e.AbstractTransferListenerAdapter - Downloading https://repo.maven.apache.org/maven2/ch/qos/logback/logback-classic/1.5.16/logback-classic-1.5.16-sources.jar
2025-01-28 20:06:36,491 [Worker-34: Download sources and javadoc] INFO  o.e.m.c.i.e.AbstractTransferListenerAdapter - Downloaded https://repo.maven.apache.org/maven2/ch/qos/logback/logback-classic/1.5.16/logback-classic-1.5.16-sources.jar
2025-01-28 20:06:36,495 [Worker-34: Download sources and javadoc] INFO  o.e.m.j.internal.DownloadSourcesJob - Downloaded sources for ch.qos.logback:logback-classic:1.5.16
2025-01-28 20:06:36,724 [Worker-34: Download sources and javadoc] INFO  o.e.m.c.i.e.AbstractTransferListenerAdapter - Downloading https://repo.maven.apache.org/maven2/ch/qos/logback/logback-core/1.5.16/logback-core-1.5.16-sources.jar
2025-01-28 20:06:36,736 [Worker-29: Import Getting Started Content] INFO  o.e.m.c.i.p.ProjectConfigurationManager - Imported and configured 1 project(s) in 24 sec
2025-01-28 20:06:36,743 [Worker-29: Import Getting Started Content] INFO  o.e.m.c.i.p.ProjectConfigurationManager - Update started
2025-01-28 20:06:37,037 [Worker-34: Download sources and javadoc] INFO  o.e.m.c.i.e.AbstractTransferListenerAdapter - Downloaded https://repo.maven.apache.org/maven2/ch/qos/logback/logback-core/1.5.16/logback-core-1.5.16-sources.jar
2025-01-28 20:06:37,040 [Worker-34: Download sources and javadoc] INFO  o.e.m.j.internal.DownloadSourcesJob - Downloaded sources for ch.qos.logback:logback-core:1.5.16
2025-01-28 20:06:37,611 [Worker-29: Import Getting Started Content] INFO  o.e.m.c.i.l.LifecycleMappingFactory - Using org.eclipse.m2e.jdt.JarLifecycleMapping lifecycle mapping for MavenProject: com.jose.springboot.backend:eventos:1 @ C:\STS\springProjects\springboot-backend-eventos\pom.xml.
2025-01-28 20:06:37,796 [Worker-34: Download sources and javadoc] INFO  o.e.m.c.i.e.AbstractTransferListenerAdapter - Downloading https://repo.maven.apache.org/maven2/org/springframework/boot/spring-boot-starter-jdbc/3.4.2/spring-boot-starter-jdbc-3.4.2-sources.jar
2025-01-28 20:06:37,799 [Worker-34: Download sources and javadoc] INFO  o.e.m.c.i.e.AbstractTransferListenerAdapter - Downloaded https://repo.maven.apache.org/maven2/org/springframework/boot/spring-boot-starter-jdbc/3.4.2/spring-boot-starter-jdbc-3.4.2-sources.jar
2025-01-28 20:06:37,802 [Worker-34: Download sources and javadoc] INFO  o.e.m.j.internal.DownloadSourcesJob - Downloaded sources for org.springframework.boot:spring-boot-starter-jdbc:3.4.2
2025-01-28 20:06:38,045 [Worker-34: Download sources and javadoc] INFO  o.e.m.c.i.e.AbstractTransferListenerAdapter - Downloading https://repo.maven.apache.org/maven2/org/springframework/spring-jdbc/6.2.2/spring-jdbc-6.2.2-sources.jar
2025-01-28 20:06:38,270 [Worker-29: Import Getting Started Content] INFO  o.e.m.j.i.AbstractJavaProjectConfigurator - Adding source folder /springboot-backend-eventos/src/main/java
2025-01-28 20:06:38,270 [Worker-29: Import Getting Started Content] INFO  o.e.m.j.i.AbstractJavaProjectConfigurator - Adding resource folder /springboot-backend-eventos/src/main/resources
2025-01-28 20:06:38,271 [Worker-29: Import Getting Started Content] INFO  o.e.m.j.i.AbstractJavaProjectConfigurator - Adding resource folder /springboot-backend-eventos/src/main/resources
2025-01-28 20:06:38,271 [Worker-29: Import Getting Started Content] INFO  o.e.m.j.i.AbstractJavaProjectConfigurator - Adding source folder /springboot-backend-eventos/src/test/java
2025-01-28 20:06:38,271 [Worker-29: Import Getting Started Content] INFO  o.e.m.j.i.AbstractJavaProjectConfigurator - Adding resource folder /springboot-backend-eventos/src/test/resources
2025-01-28 20:06:38,373 [Worker-34: Download sources and javadoc] INFO  o.e.m.c.i.e.AbstractTransferListenerAdapter - Downloaded https://repo.maven.apache.org/maven2/org/springframework/spring-jdbc/6.2.2/spring-jdbc-6.2.2-sources.jar
2025-01-28 20:06:38,378 [Worker-34: Download sources and javadoc] INFO  o.e.m.j.internal.DownloadSourcesJob - Downloaded sources for org.springframework:spring-jdbc:6.2.2
2025-01-28 20:06:38,596 [Worker-34: Download sources and javadoc] INFO  o.e.m.c.i.e.AbstractTransferListenerAdapter - Downloading https://repo.maven.apache.org/maven2/org/hibernate/orm/hibernate-core/6.6.5.Final/hibernate-core-6.6.5.Final-sources.jar
2025-01-28 20:06:40,623 [Worker-29: Import Getting Started Content] INFO  o.e.m.c.i.p.ProjectConfigurationManager - Update completed for 1 poms: local refresh takes 0,00 sec, refresh facades takes 1,00 sec, update config takes 0,00 sec 
2025-01-28 20:06:41,602 [Worker-34: Download sources and javadoc] INFO  o.e.m.c.i.e.AbstractTransferListenerAdapter - Downloaded https://repo.maven.apache.org/maven2/org/hibernate/orm/hibernate-core/6.6.5.Final/hibernate-core-6.6.5.Final-sources.jar
2025-01-28 20:06:41,611 [Worker-34: Download sources and javadoc] INFO  o.e.m.j.internal.DownloadSourcesJob - Downloaded sources for org.hibernate.orm:hibernate-core:6.6.5.Final
2025-01-28 20:06:41,903 [Worker-34: Download sources and javadoc] INFO  o.e.m.c.i.e.AbstractTransferListenerAdapter - Downloading https://repo.maven.apache.org/maven2/org/springframework/data/spring-data-jpa/3.4.2/spring-data-jpa-3.4.2-sources.jar
2025-01-28 20:06:42,301 [Worker-34: Download sources and javadoc] INFO  o.e.m.c.i.e.AbstractTransferListenerAdapter - Downloaded https://repo.maven.apache.org/maven2/org/springframework/data/spring-data-jpa/3.4.2/spring-data-jpa-3.4.2-sources.jar
2025-01-28 20:06:42,324 [Worker-34: Download sources and javadoc] INFO  o.e.m.j.internal.DownloadSourcesJob - Downloaded sources for org.springframework.data:spring-data-jpa:3.4.2
2025-01-28 20:06:42,565 [Worker-34: Download sources and javadoc] INFO  o.e.m.c.i.e.AbstractTransferListenerAdapter - Downloading https://repo.maven.apache.org/maven2/org/springframework/data/spring-data-commons/3.4.2/spring-data-commons-3.4.2-sources.jar
2025-01-28 20:06:43,229 [Worker-34: Download sources and javadoc] INFO  o.e.m.c.i.e.AbstractTransferListenerAdapter - Downloaded https://repo.maven.apache.org/maven2/org/springframework/data/spring-data-commons/3.4.2/spring-data-commons-3.4.2-sources.jar
2025-01-28 20:06:43,238 [Worker-34: Download sources and javadoc] INFO  o.e.m.j.internal.DownloadSourcesJob - Downloaded sources for org.springframework.data:spring-data-commons:3.4.2
2025-01-28 20:06:43,494 [Worker-34: Download sources and javadoc] INFO  o.e.m.c.i.e.AbstractTransferListenerAdapter - Downloading https://repo.maven.apache.org/maven2/org/springframework/spring-orm/6.2.2/spring-orm-6.2.2-sources.jar
2025-01-28 20:06:43,732 [Worker-34: Download sources and javadoc] INFO  o.e.m.c.i.e.AbstractTransferListenerAdapter - Downloaded https://repo.maven.apache.org/maven2/org/springframework/spring-orm/6.2.2/spring-orm-6.2.2-sources.jar
2025-01-28 20:06:43,738 [Worker-34: Download sources and javadoc] INFO  o.e.m.j.internal.DownloadSourcesJob - Downloaded sources for org.springframework:spring-orm:6.2.2
2025-01-28 20:06:44,030 [Worker-34: Download sources and javadoc] INFO  o.e.m.c.i.e.AbstractTransferListenerAdapter - Downloading https://repo.maven.apache.org/maven2/org/springframework/spring-context/6.2.2/spring-context-6.2.2-sources.jar
2025-01-28 20:06:45,365 [Worker-34: Download sources and javadoc] INFO  o.e.m.c.i.e.AbstractTransferListenerAdapter - Downloaded https://repo.maven.apache.org/maven2/org/springframework/spring-context/6.2.2/spring-context-6.2.2-sources.jar
2025-01-28 20:06:45,372 [Worker-34: Download sources and javadoc] INFO  o.e.m.j.internal.DownloadSourcesJob - Downloaded sources for org.springframework:spring-context:6.2.2
2025-01-28 20:06:45,596 [Worker-34: Download sources and javadoc] INFO  o.e.m.c.i.e.AbstractTransferListenerAdapter - Downloading https://repo.maven.apache.org/maven2/org/springframework/spring-aop/6.2.2/spring-aop-6.2.2-sources.jar
2025-01-28 20:06:45,943 [Worker-34: Download sources and javadoc] INFO  o.e.m.c.i.e.AbstractTransferListenerAdapter - Downloaded https://repo.maven.apache.org/maven2/org/springframework/spring-aop/6.2.2/spring-aop-6.2.2-sources.jar
2025-01-28 20:06:45,958 [Worker-34: Download sources and javadoc] INFO  o.e.m.j.internal.DownloadSourcesJob - Downloaded sources for org.springframework:spring-aop:6.2.2
2025-01-28 20:06:46,193 [Worker-34: Download sources and javadoc] INFO  o.e.m.c.i.e.AbstractTransferListenerAdapter - Downloading https://repo.maven.apache.org/maven2/org/springframework/spring-tx/6.2.2/spring-tx-6.2.2-sources.jar
2025-01-28 20:06:46,454 [Worker-34: Download sources and javadoc] INFO  o.e.m.c.i.e.AbstractTransferListenerAdapter - Downloaded https://repo.maven.apache.org/maven2/org/springframework/spring-tx/6.2.2/spring-tx-6.2.2-sources.jar
2025-01-28 20:06:46,461 [Worker-34: Download sources and javadoc] INFO  o.e.m.j.internal.DownloadSourcesJob - Downloaded sources for org.springframework:spring-tx:6.2.2
2025-01-28 20:06:46,673 [Worker-34: Download sources and javadoc] INFO  o.e.m.c.i.e.AbstractTransferListenerAdapter - Downloading https://repo.maven.apache.org/maven2/org/springframework/spring-beans/6.2.2/spring-beans-6.2.2-sources.jar
2025-01-28 20:06:47,203 [Worker-34: Download sources and javadoc] INFO  o.e.m.c.i.e.AbstractTransferListenerAdapter - Downloaded https://repo.maven.apache.org/maven2/org/springframework/spring-beans/6.2.2/spring-beans-6.2.2-sources.jar
2025-01-28 20:06:47,220 [Worker-34: Download sources and javadoc] INFO  o.e.m.j.internal.DownloadSourcesJob - Downloaded sources for org.springframework:spring-beans:6.2.2
2025-01-28 20:06:47,524 [Worker-34: Download sources and javadoc] INFO  o.e.m.c.i.e.AbstractTransferListenerAdapter - Downloading https://repo.maven.apache.org/maven2/org/springframework/spring-aspects/6.2.2/spring-aspects-6.2.2-sources.jar
2025-01-28 20:06:47,572 [Worker-34: Download sources and javadoc] INFO  o.e.m.c.i.e.AbstractTransferListenerAdapter - Downloaded https://repo.maven.apache.org/maven2/org/springframework/spring-aspects/6.2.2/spring-aspects-6.2.2-sources.jar
2025-01-28 20:06:47,581 [Worker-34: Download sources and javadoc] INFO  o.e.m.j.internal.DownloadSourcesJob - Downloaded sources for org.springframework:spring-aspects:6.2.2
2025-01-28 20:06:47,768 [Worker-34: Download sources and javadoc] INFO  o.e.m.c.i.e.AbstractTransferListenerAdapter - Downloading https://repo.maven.apache.org/maven2/org/springframework/boot/spring-boot-starter-data-rest/3.4.2/spring-boot-starter-data-rest-3.4.2-sources.jar
2025-01-28 20:06:47,796 [Worker-34: Download sources and javadoc] INFO  o.e.m.c.i.e.AbstractTransferListenerAdapter - Downloaded https://repo.maven.apache.org/maven2/org/springframework/boot/spring-boot-starter-data-rest/3.4.2/spring-boot-starter-data-rest-3.4.2-sources.jar
2025-01-28 20:06:47,804 [Worker-34: Download sources and javadoc] INFO  o.e.m.j.internal.DownloadSourcesJob - Downloaded sources for org.springframework.boot:spring-boot-starter-data-rest:3.4.2
2025-01-28 20:06:48,124 [Worker-34: Download sources and javadoc] INFO  o.e.m.c.i.e.AbstractTransferListenerAdapter - Downloading https://repo.maven.apache.org/maven2/org/springframework/data/spring-data-rest-webmvc/4.4.2/spring-data-rest-webmvc-4.4.2-sources.jar
2025-01-28 20:06:48,386 [Worker-34: Download sources and javadoc] INFO  o.e.m.c.i.e.AbstractTransferListenerAdapter - Downloaded https://repo.maven.apache.org/maven2/org/springframework/data/spring-data-rest-webmvc/4.4.2/spring-data-rest-webmvc-4.4.2-sources.jar
2025-01-28 20:06:48,392 [Worker-34: Download sources and javadoc] INFO  o.e.m.j.internal.DownloadSourcesJob - Downloaded sources for org.springframework.data:spring-data-rest-webmvc:4.4.2
2025-01-28 20:06:48,656 [Worker-34: Download sources and javadoc] INFO  o.e.m.c.i.e.AbstractTransferListenerAdapter - Downloading https://repo.maven.apache.org/maven2/org/springframework/data/spring-data-rest-core/4.4.2/spring-data-rest-core-4.4.2-sources.jar
2025-01-28 20:06:49,159 [Worker-34: Download sources and javadoc] INFO  o.e.m.c.i.e.AbstractTransferListenerAdapter - Downloaded https://repo.maven.apache.org/maven2/org/springframework/data/spring-data-rest-core/4.4.2/spring-data-rest-core-4.4.2-sources.jar
2025-01-28 20:06:49,181 [Worker-34: Download sources and javadoc] INFO  o.e.m.j.internal.DownloadSourcesJob - Downloaded sources for org.springframework.data:spring-data-rest-core:4.4.2
2025-01-28 20:06:49,395 [Worker-34: Download sources and javadoc] INFO  o.e.m.c.i.e.AbstractTransferListenerAdapter - Downloading https://repo.maven.apache.org/maven2/org/springframework/hateoas/spring-hateoas/2.4.1/spring-hateoas-2.4.1-sources.jar
2025-01-28 20:06:49,702 [Worker-34: Download sources and javadoc] INFO  o.e.m.c.i.e.AbstractTransferListenerAdapter - Downloaded https://repo.maven.apache.org/maven2/org/springframework/hateoas/spring-hateoas/2.4.1/spring-hateoas-2.4.1-sources.jar
2025-01-28 20:06:49,719 [Worker-34: Download sources and javadoc] INFO  o.e.m.j.internal.DownloadSourcesJob - Downloaded sources for org.springframework.hateoas:spring-hateoas:2.4.1
2025-01-28 20:06:49,996 [Worker-34: Download sources and javadoc] INFO  o.e.m.c.i.e.AbstractTransferListenerAdapter - Downloading https://repo.maven.apache.org/maven2/org/springframework/plugin/spring-plugin-core/3.0.0/spring-plugin-core-3.0.0-sources.jar
2025-01-28 20:06:50,256 [Worker-34: Download sources and javadoc] INFO  o.e.m.c.i.e.AbstractTransferListenerAdapter - Downloaded https://repo.maven.apache.org/maven2/org/springframework/plugin/spring-plugin-core/3.0.0/spring-plugin-core-3.0.0-sources.jar
2025-01-28 20:06:50,273 [Worker-34: Download sources and javadoc] INFO  o.e.m.j.internal.DownloadSourcesJob - Downloaded sources for org.springframework.plugin:spring-plugin-core:3.0.0
2025-01-28 20:06:50,555 [Worker-34: Download sources and javadoc] INFO  o.e.m.c.i.e.AbstractTransferListenerAdapter - Downloading https://repo.maven.apache.org/maven2/org/atteo/evo-inflector/1.3/evo-inflector-1.3-sources.jar
2025-01-28 20:06:50,572 [Worker-34: Download sources and javadoc] INFO  o.e.m.c.i.e.AbstractTransferListenerAdapter - Downloaded https://repo.maven.apache.org/maven2/org/atteo/evo-inflector/1.3/evo-inflector-1.3-sources.jar
2025-01-28 20:06:50,580 [Worker-34: Download sources and javadoc] INFO  o.e.m.j.internal.DownloadSourcesJob - Downloaded sources for org.atteo:evo-inflector:1.3
2025-01-28 20:06:50,845 [Worker-34: Download sources and javadoc] INFO  o.e.m.c.i.e.AbstractTransferListenerAdapter - Downloading https://repo.maven.apache.org/maven2/org/springframework/boot/spring-boot-starter-web/3.4.2/spring-boot-starter-web-3.4.2-sources.jar
2025-01-28 20:06:50,866 [Worker-34: Download sources and javadoc] INFO  o.e.m.c.i.e.AbstractTransferListenerAdapter - Downloaded https://repo.maven.apache.org/maven2/org/springframework/boot/spring-boot-starter-web/3.4.2/spring-boot-starter-web-3.4.2-sources.jar
2025-01-28 20:06:50,878 [Worker-34: Download sources and javadoc] INFO  o.e.m.j.internal.DownloadSourcesJob - Downloaded sources for org.springframework.boot:spring-boot-starter-web:3.4.2
2025-01-28 20:06:51,089 [Worker-34: Download sources and javadoc] INFO  o.e.m.c.i.e.AbstractTransferListenerAdapter - Downloading https://repo.maven.apache.org/maven2/org/springframework/boot/spring-boot-starter-json/3.4.2/spring-boot-starter-json-3.4.2-sources.jar
2025-01-28 20:06:51,122 [Worker-34: Download sources and javadoc] INFO  o.e.m.c.i.e.AbstractTransferListenerAdapter - Downloaded https://repo.maven.apache.org/maven2/org/springframework/boot/spring-boot-starter-json/3.4.2/spring-boot-starter-json-3.4.2-sources.jar
2025-01-28 20:06:51,143 [Worker-34: Download sources and javadoc] INFO  o.e.m.j.internal.DownloadSourcesJob - Downloaded sources for org.springframework.boot:spring-boot-starter-json:3.4.2
2025-01-28 20:06:51,453 [Worker-34: Download sources and javadoc] INFO  o.e.m.c.i.e.AbstractTransferListenerAdapter - Downloading https://repo.maven.apache.org/maven2/org/springframework/boot/spring-boot-starter-tomcat/3.4.2/spring-boot-starter-tomcat-3.4.2-sources.jar
2025-01-28 20:06:51,502 [Worker-34: Download sources and javadoc] INFO  o.e.m.c.i.e.AbstractTransferListenerAdapter - Downloaded https://repo.maven.apache.org/maven2/org/springframework/boot/spring-boot-starter-tomcat/3.4.2/spring-boot-starter-tomcat-3.4.2-sources.jar
2025-01-28 20:06:51,510 [Worker-34: Download sources and javadoc] INFO  o.e.m.j.internal.DownloadSourcesJob - Downloaded sources for org.springframework.boot:spring-boot-starter-tomcat:3.4.2
2025-01-28 20:06:51,717 [Worker-34: Download sources and javadoc] INFO  o.e.m.c.i.e.AbstractTransferListenerAdapter - Downloading https://repo.maven.apache.org/maven2/org/springframework/spring-web/6.2.2/spring-web-6.2.2-sources.jar
2025-01-28 20:06:52,394 [Worker-34: Download sources and javadoc] INFO  o.e.m.c.i.e.AbstractTransferListenerAdapter - Downloaded https://repo.maven.apache.org/maven2/org/springframework/spring-web/6.2.2/spring-web-6.2.2-sources.jar
2025-01-28 20:06:52,411 [Worker-34: Download sources and javadoc] INFO  o.e.m.j.internal.DownloadSourcesJob - Downloaded sources for org.springframework:spring-web:6.2.2
2025-01-28 20:06:52,727 [Worker-34: Download sources and javadoc] INFO  o.e.m.c.i.e.AbstractTransferListenerAdapter - Downloading https://repo.maven.apache.org/maven2/io/micrometer/micrometer-observation/1.14.3/micrometer-observation-1.14.3-sources.jar
2025-01-28 20:06:52,882 [Worker-34: Download sources and javadoc] INFO  o.e.m.c.i.e.AbstractTransferListenerAdapter - Downloaded https://repo.maven.apache.org/maven2/io/micrometer/micrometer-observation/1.14.3/micrometer-observation-1.14.3-sources.jar
2025-01-28 20:06:52,894 [Worker-34: Download sources and javadoc] INFO  o.e.m.j.internal.DownloadSourcesJob - Downloaded sources for io.micrometer:micrometer-observation:1.14.3
2025-01-28 20:06:53,116 [Worker-34: Download sources and javadoc] INFO  o.e.m.c.i.e.AbstractTransferListenerAdapter - Downloading https://repo.maven.apache.org/maven2/io/micrometer/micrometer-commons/1.14.3/micrometer-commons-1.14.3-sources.jar
2025-01-28 20:06:53,202 [Worker-34: Download sources and javadoc] INFO  o.e.m.c.i.e.AbstractTransferListenerAdapter - Downloaded https://repo.maven.apache.org/maven2/io/micrometer/micrometer-commons/1.14.3/micrometer-commons-1.14.3-sources.jar
2025-01-28 20:06:53,207 [Worker-34: Download sources and javadoc] INFO  o.e.m.j.internal.DownloadSourcesJob - Downloaded sources for io.micrometer:micrometer-commons:1.14.3
2025-01-28 20:06:53,433 [Worker-34: Download sources and javadoc] INFO  o.e.m.c.i.e.AbstractTransferListenerAdapter - Downloading https://repo.maven.apache.org/maven2/org/springframework/spring-webmvc/6.2.2/spring-webmvc-6.2.2-sources.jar
2025-01-28 20:06:53,850 [Worker-34: Download sources and javadoc] INFO  o.e.m.c.i.e.AbstractTransferListenerAdapter - Downloaded https://repo.maven.apache.org/maven2/org/springframework/spring-webmvc/6.2.2/spring-webmvc-6.2.2-sources.jar
2025-01-28 20:06:53,963 [Worker-34: Download sources and javadoc] INFO  o.e.m.j.internal.DownloadSourcesJob - Downloaded sources for org.springframework:spring-webmvc:6.2.2
2025-01-28 20:06:54,324 [Worker-34: Download sources and javadoc] INFO  o.e.m.c.i.e.AbstractTransferListenerAdapter - Downloading https://repo.maven.apache.org/maven2/org/springframework/spring-expression/6.2.2/spring-expression-6.2.2-sources.jar
2025-01-28 20:06:54,517 [Worker-34: Download sources and javadoc] INFO  o.e.m.c.i.e.AbstractTransferListenerAdapter - Downloaded https://repo.maven.apache.org/maven2/org/springframework/spring-expression/6.2.2/spring-expression-6.2.2-sources.jar
2025-01-28 20:06:54,532 [Worker-34: Download sources and javadoc] INFO  o.e.m.j.internal.DownloadSourcesJob - Downloaded sources for org.springframework:spring-expression:6.2.2
2025-01-28 20:06:54,757 [Worker-34: Download sources and javadoc] INFO  o.e.m.c.i.e.AbstractTransferListenerAdapter - Downloading https://repo.maven.apache.org/maven2/org/springframework/boot/spring-boot-devtools/3.4.2/spring-boot-devtools-3.4.2-sources.jar
2025-01-28 20:06:54,951 [Worker-34: Download sources and javadoc] INFO  o.e.m.c.i.e.AbstractTransferListenerAdapter - Downloaded https://repo.maven.apache.org/maven2/org/springframework/boot/spring-boot-devtools/3.4.2/spring-boot-devtools-3.4.2-sources.jar
2025-01-28 20:06:54,956 [Worker-34: Download sources and javadoc] INFO  o.e.m.j.internal.DownloadSourcesJob - Downloaded sources for org.springframework.boot:spring-boot-devtools:3.4.2
2025-01-28 20:06:55,196 [Worker-34: Download sources and javadoc] INFO  o.e.m.c.i.e.AbstractTransferListenerAdapter - Downloading https://repo.maven.apache.org/maven2/org/springframework/boot/spring-boot/3.4.2/spring-boot-3.4.2-sources.jar
2025-01-28 20:06:55,753 [Worker-34: Download sources and javadoc] INFO  o.e.m.c.i.e.AbstractTransferListenerAdapter - Downloaded https://repo.maven.apache.org/maven2/org/springframework/boot/spring-boot/3.4.2/spring-boot-3.4.2-sources.jar
2025-01-28 20:06:55,766 [Worker-34: Download sources and javadoc] INFO  o.e.m.j.internal.DownloadSourcesJob - Downloaded sources for org.springframework.boot:spring-boot:3.4.2
2025-01-28 20:06:56,005 [Worker-34: Download sources and javadoc] INFO  o.e.m.c.i.e.AbstractTransferListenerAdapter - Downloading https://repo.maven.apache.org/maven2/org/springframework/boot/spring-boot-autoconfigure/3.4.2/spring-boot-autoconfigure-3.4.2-sources.jar
2025-01-28 20:06:56,609 [Worker-34: Download sources and javadoc] INFO  o.e.m.c.i.e.AbstractTransferListenerAdapter - Downloaded https://repo.maven.apache.org/maven2/org/springframework/boot/spring-boot-autoconfigure/3.4.2/spring-boot-autoconfigure-3.4.2-sources.jar
2025-01-28 20:06:56,640 [Worker-34: Download sources and javadoc] INFO  o.e.m.j.internal.DownloadSourcesJob - Downloaded sources for org.springframework.boot:spring-boot-autoconfigure:3.4.2
2025-01-28 20:06:56,923 [Worker-34: Download sources and javadoc] INFO  o.e.m.c.i.e.AbstractTransferListenerAdapter - Downloading https://repo.maven.apache.org/maven2/org/postgresql/postgresql/42.7.5/postgresql-42.7.5-sources.jar
2025-01-28 20:06:57,530 [Worker-34: Download sources and javadoc] INFO  o.e.m.c.i.e.AbstractTransferListenerAdapter - Downloaded https://repo.maven.apache.org/maven2/org/postgresql/postgresql/42.7.5/postgresql-42.7.5-sources.jar
2025-01-28 20:06:57,540 [Worker-34: Download sources and javadoc] INFO  o.e.m.j.internal.DownloadSourcesJob - Downloaded sources for org.postgresql:postgresql:42.7.5
2025-01-28 20:06:57,831 [Worker-34: Download sources and javadoc] INFO  o.e.m.c.i.e.AbstractTransferListenerAdapter - Downloading https://repo.maven.apache.org/maven2/org/checkerframework/checker-qual/3.48.3/checker-qual-3.48.3-sources.jar
2025-01-28 20:06:58,047 [Worker-34: Download sources and javadoc] INFO  o.e.m.c.i.e.AbstractTransferListenerAdapter - Downloaded https://repo.maven.apache.org/maven2/org/checkerframework/checker-qual/3.48.3/checker-qual-3.48.3-sources.jar
2025-01-28 20:06:58,068 [Worker-34: Download sources and javadoc] INFO  o.e.m.j.internal.DownloadSourcesJob - Downloaded sources for org.checkerframework:checker-qual:3.48.3
2025-01-28 20:06:58,395 [Worker-34: Download sources and javadoc] INFO  o.e.m.c.i.e.AbstractTransferListenerAdapter - Downloading https://repo.maven.apache.org/maven2/org/springframework/boot/spring-boot-starter-test/3.4.2/spring-boot-starter-test-3.4.2-sources.jar
2025-01-28 20:06:58,450 [Worker-34: Download sources and javadoc] INFO  o.e.m.c.i.e.AbstractTransferListenerAdapter - Downloaded https://repo.maven.apache.org/maven2/org/springframework/boot/spring-boot-starter-test/3.4.2/spring-boot-starter-test-3.4.2-sources.jar
2025-01-28 20:06:58,460 [Worker-34: Download sources and javadoc] INFO  o.e.m.j.internal.DownloadSourcesJob - Downloaded sources for org.springframework.boot:spring-boot-starter-test:3.4.2
2025-01-28 20:06:58,673 [Worker-34: Download sources and javadoc] INFO  o.e.m.c.i.e.AbstractTransferListenerAdapter - Downloading https://repo.maven.apache.org/maven2/org/springframework/boot/spring-boot-test/3.4.2/spring-boot-test-3.4.2-sources.jar
2025-01-28 20:06:58,804 [Worker-29: Building] INFO  o.a.m.s.f.DefaultMavenResourcesFiltering - Copying 1 resource from src\main\resources to target\classes
2025-01-28 20:06:58,845 [Worker-29: Building] INFO  o.a.m.s.f.DefaultMavenResourcesFiltering - Copying 0 resource from src\main\resources to target\classes
2025-01-28 20:06:58,866 [Worker-34: Download sources and javadoc] INFO  o.e.m.c.i.e.AbstractTransferListenerAdapter - Downloaded https://repo.maven.apache.org/maven2/org/springframework/boot/spring-boot-test/3.4.2/spring-boot-test-3.4.2-sources.jar
2025-01-28 20:06:58,873 [Worker-29: Building] INFO  o.a.m.s.f.DefaultMavenResourcesFiltering - Copying 0 resource from src\test\resources to target\test-classes
2025-01-28 20:06:58,874 [Worker-34: Download sources and javadoc] INFO  o.e.m.j.internal.DownloadSourcesJob - Downloaded sources for org.springframework.boot:spring-boot-test:3.4.2
2025-01-28 20:06:59,111 [Worker-34: Download sources and javadoc] INFO  o.e.m.c.i.e.AbstractTransferListenerAdapter - Downloading https://repo.maven.apache.org/maven2/org/springframework/boot/spring-boot-test-autoconfigure/3.4.2/spring-boot-test-autoconfigure-3.4.2-sources.jar
2025-01-28 20:06:59,341 [Worker-34: Download sources and javadoc] INFO  o.e.m.c.i.e.AbstractTransferListenerAdapter - Downloaded https://repo.maven.apache.org/maven2/org/springframework/boot/spring-boot-test-autoconfigure/3.4.2/spring-boot-test-autoconfigure-3.4.2-sources.jar
2025-01-28 20:06:59,364 [Worker-34: Download sources and javadoc] INFO  o.e.m.j.internal.DownloadSourcesJob - Downloaded sources for org.springframework.boot:spring-boot-test-autoconfigure:3.4.2
2025-01-28 20:06:59,611 [Worker-34: Download sources and javadoc] INFO  o.e.m.c.i.e.AbstractTransferListenerAdapter - Downloading https://repo.maven.apache.org/maven2/org/springframework/spring-core/6.2.2/spring-core-6.2.2-sources.jar
2025-01-28 20:07:00,724 [Worker-34: Download sources and javadoc] INFO  o.e.m.c.i.e.AbstractTransferListenerAdapter - Downloaded https://repo.maven.apache.org/maven2/org/springframework/spring-core/6.2.2/spring-core-6.2.2-sources.jar
2025-01-28 20:07:00,727 [Worker-34: Download sources and javadoc] INFO  o.e.m.j.internal.DownloadSourcesJob - Downloaded sources for org.springframework:spring-core:6.2.2
2025-01-28 20:07:00,965 [Worker-34: Download sources and javadoc] INFO  o.e.m.c.i.e.AbstractTransferListenerAdapter - Downloading https://repo.maven.apache.org/maven2/org/springframework/spring-jcl/6.2.2/spring-jcl-6.2.2-sources.jar
2025-01-28 20:07:00,968 [Worker-34: Download sources and javadoc] INFO  o.e.m.c.i.e.AbstractTransferListenerAdapter - Downloaded https://repo.maven.apache.org/maven2/org/springframework/spring-jcl/6.2.2/spring-jcl-6.2.2-sources.jar
2025-01-28 20:07:00,971 [Worker-34: Download sources and javadoc] INFO  o.e.m.j.internal.DownloadSourcesJob - Downloaded sources for org.springframework:spring-jcl:6.2.2
2025-01-28 20:07:01,195 [Worker-34: Download sources and javadoc] INFO  o.e.m.c.i.e.AbstractTransferListenerAdapter - Downloading https://repo.maven.apache.org/maven2/org/springframework/spring-test/6.2.2/spring-test-6.2.2-sources.jar
2025-01-28 20:07:01,572 [Worker-34: Download sources and javadoc] INFO  o.e.m.c.i.e.AbstractTransferListenerAdapter - Downloaded https://repo.maven.apache.org/maven2/org/springframework/spring-test/6.2.2/spring-test-6.2.2-sources.jar
2025-01-28 20:07:01,576 [Worker-34: Download sources and javadoc] INFO  o.e.m.j.internal.DownloadSourcesJob - Downloaded sources for org.springframework:spring-test:6.2.2
2025-01-28 20:15:59,381 [Worker-41: Building] INFO  o.a.m.s.f.DefaultMavenResourcesFiltering - Copying 1 resource from src\main\resources to target\classes
2025-01-28 20:15:59,403 [Worker-41: Building] INFO  o.a.m.s.f.DefaultMavenResourcesFiltering - Copying 0 resource from src\main\resources to target\classes
2025-01-28 20:15:59,409 [Worker-41: Building] INFO  o.a.m.s.f.DefaultMavenResourcesFiltering - Copying 0 resource from src\test\resources to target\test-classes
2025-01-28 20:16:14,829 [Worker-41: Building] INFO  o.a.m.s.f.DefaultMavenResourcesFiltering - Copying 1 resource from src\main\resources to target\classes
2025-01-28 20:16:14,834 [Worker-41: Building] INFO  o.a.m.s.f.DefaultMavenResourcesFiltering - Copying 0 resource from src\main\resources to target\classes
2025-01-28 20:16:14,836 [Worker-41: Building] INFO  o.a.m.s.f.DefaultMavenResourcesFiltering - Copying 0 resource from src\test\resources to target\test-classes
2025-01-28 20:18:14,962 [main] INFO  org.hibernate.cfg.Environment - Hibernate 3.5.6-Final
2025-01-28 20:18:14,978 [main] INFO  org.hibernate.cfg.Environment - hibernate.properties not found
2025-01-28 20:18:14,980 [main] INFO  org.hibernate.cfg.Environment - Bytecode provider name : javassist
2025-01-28 20:18:14,986 [main] INFO  org.hibernate.cfg.Environment - using JDK 1.4 java.sql.Timestamp handling
2025-01-28 20:18:45,708 [Worker-42: Building] INFO  o.a.m.s.f.DefaultMavenResourcesFiltering - Copying 1 resource from src\main\resources to target\classes
2025-01-28 20:18:45,715 [Worker-42: Building] INFO  o.a.m.s.f.DefaultMavenResourcesFiltering - Copying 0 resource from src\main\resources to target\classes
2025-01-28 20:18:45,718 [Worker-42: Building] INFO  o.a.m.s.f.DefaultMavenResourcesFiltering - Copying 0 resource from src\test\resources to target\test-classes
2025-01-28 20:19:23,920 [Worker-43: Building] INFO  o.a.m.s.f.DefaultMavenResourcesFiltering - Copying 1 resource from src\main\resources to target\classes
2025-01-28 20:19:23,933 [Worker-43: Building] INFO  o.a.m.s.f.DefaultMavenResourcesFiltering - Copying 0 resource from src\main\resources to target\classes
2025-01-28 20:19:23,943 [Worker-43: Building] INFO  o.a.m.s.f.DefaultMavenResourcesFiltering - Copying 0 resource from src\test\resources to target\test-classes
2025-01-28 20:21:04,286 [main] WARN  o.h.util.xpl.DTDEntityResolver - recognized obsolete hibernate namespace http://hibernate.sourceforge.net/. Use namespace http://www.hibernate.org/dtd/ instead. Refer to Hibernate 3.6 Migration Guide!
2025-01-28 20:21:04,299 [main] INFO  org.hibernate.cfg.Configuration - configuring from XML document
2025-01-28 20:21:04,300 [main] INFO  org.hibernate.cfg.Configuration - Configured SessionFactory: null
2025-01-28 20:21:12,816 [main] WARN  o.h.util.xpl.DTDEntityResolver - recognized obsolete hibernate namespace http://hibernate.sourceforge.net/. Use namespace http://www.hibernate.org/dtd/ instead. Refer to Hibernate 3.6 Migration Guide!
2025-01-28 20:21:12,817 [main] INFO  org.hibernate.cfg.Configuration - configuring from XML document
2025-01-28 20:21:12,817 [main] INFO  org.hibernate.cfg.Configuration - Configured SessionFactory: null
2025-01-28 20:21:20,258 [main] INFO  o.hibernate.cfg.annotations.Version - Hibernate Annotations 3.5.6-Final
2025-01-28 20:21:20,277 [main] WARN  o.h.util.xpl.DTDEntityResolver - recognized obsolete hibernate namespace http://hibernate.sourceforge.net/. Use namespace http://www.hibernate.org/dtd/ instead. Refer to Hibernate 3.6 Migration Guide!
2025-01-28 20:21:20,278 [main] INFO  org.hibernate.cfg.Configuration - configuring from XML document
2025-01-28 20:21:20,279 [main] INFO  org.hibernate.cfg.Configuration - Configured SessionFactory: null
2025-01-28 20:21:20,296 [main] INFO  o.h.cfg.AnnotationConfiguration - Hibernate Validator not found: ignoring
2025-01-28 20:21:30,085 [main] WARN  o.h.util.xpl.DTDEntityResolver - recognized obsolete hibernate namespace http://hibernate.sourceforge.net/. Use namespace http://www.hibernate.org/dtd/ instead. Refer to Hibernate 3.6 Migration Guide!
2025-01-28 20:21:30,087 [main] INFO  org.hibernate.cfg.Configuration - configuring from XML document
2025-01-28 20:21:30,087 [main] INFO  org.hibernate.cfg.Configuration - Configured SessionFactory: null
2025-01-28 20:21:30,088 [main] INFO  o.h.cfg.AnnotationConfiguration - Hibernate Validator not found: ignoring
2025-01-28 20:21:30,106 [main] WARN  o.h.util.xpl.DTDEntityResolver - recognized obsolete hibernate namespace http://hibernate.sourceforge.net/. Use namespace http://www.hibernate.org/dtd/ instead. Refer to Hibernate 3.6 Migration Guide!
2025-01-28 20:21:30,108 [main] INFO  org.hibernate.cfg.Configuration - configuring from XML document
2025-01-28 20:21:30,108 [main] INFO  org.hibernate.cfg.Configuration - Configured SessionFactory: null
2025-01-28 20:21:30,109 [main] INFO  o.h.cfg.AnnotationConfiguration - Hibernate Validator not found: ignoring
2025-01-28 20:21:30,126 [main] WARN  o.h.util.xpl.DTDEntityResolver - recognized obsolete hibernate namespace http://hibernate.sourceforge.net/. Use namespace http://www.hibernate.org/dtd/ instead. Refer to Hibernate 3.6 Migration Guide!
2025-01-28 20:21:30,127 [main] INFO  org.hibernate.cfg.Configuration - configuring from XML document
2025-01-28 20:21:30,128 [main] INFO  org.hibernate.cfg.Configuration - Configured SessionFactory: null
2025-01-28 20:21:30,128 [main] INFO  o.h.cfg.AnnotationConfiguration - Hibernate Validator not found: ignoring
2025-01-28 20:21:30,247 [main] WARN  o.h.util.xpl.DTDEntityResolver - recognized obsolete hibernate namespace http://hibernate.sourceforge.net/. Use namespace http://www.hibernate.org/dtd/ instead. Refer to Hibernate 3.6 Migration Guide!
2025-01-28 20:21:30,250 [main] INFO  org.hibernate.cfg.Configuration - configuring from XML document
2025-01-28 20:21:30,250 [main] INFO  org.hibernate.cfg.Configuration - Configured SessionFactory: null
2025-01-28 20:21:30,250 [main] INFO  o.h.cfg.AnnotationConfiguration - Hibernate Validator not found: ignoring
2025-01-28 20:21:33,690 [main] WARN  o.h.util.xpl.DTDEntityResolver - recognized obsolete hibernate namespace http://hibernate.sourceforge.net/. Use namespace http://www.hibernate.org/dtd/ instead. Refer to Hibernate 3.6 Migration Guide!
2025-01-28 20:21:33,692 [main] INFO  org.hibernate.cfg.Configuration - configuring from XML document
2025-01-28 20:21:33,692 [main] INFO  org.hibernate.cfg.Configuration - Configured SessionFactory: null
2025-01-28 20:21:33,692 [main] INFO  o.h.cfg.AnnotationConfiguration - Hibernate Validator not found: ignoring
2025-01-28 20:28:34,940 [Worker-49: Launching eventos_code] WARN  o.h.util.xpl.DTDEntityResolver - recognized obsolete hibernate namespace http://hibernate.sourceforge.net/. Use namespace http://www.hibernate.org/dtd/ instead. Refer to Hibernate 3.6 Migration Guide!
2025-01-28 20:28:36,016 [Worker-51: Building] INFO  o.a.m.s.f.DefaultMavenResourcesFiltering - Copying 1 resource from src\main\resources to target\classes
2025-01-28 20:28:36,023 [Worker-51: Building] INFO  o.a.m.s.f.DefaultMavenResourcesFiltering - Copying 0 resource from src\main\resources to target\classes
2025-01-28 20:28:36,026 [Worker-51: Building] INFO  o.a.m.s.f.DefaultMavenResourcesFiltering - Copying 0 resource from src\test\resources to target\test-classes
2025-01-28 20:30:35,576 [Worker-53: Building] INFO  o.a.m.s.f.DefaultMavenResourcesFiltering - Copying 1 resource from src\main\resources to target\classes
2025-01-28 20:30:35,580 [Worker-53: Building] INFO  o.a.m.s.f.DefaultMavenResourcesFiltering - Copying 0 resource from src\main\resources to target\classes
2025-01-28 20:30:35,582 [Worker-53: Building] INFO  o.a.m.s.f.DefaultMavenResourcesFiltering - Copying 0 resource from src\test\resources to target\test-classes
2025-01-28 20:32:29,931 [Worker-53: Building] INFO  o.a.m.s.f.DefaultMavenResourcesFiltering - Copying 1 resource from src\main\resources to target\classes
2025-01-28 20:32:29,936 [Worker-53: Building] INFO  o.a.m.s.f.DefaultMavenResourcesFiltering - Copying 0 resource from src\main\resources to target\classes
2025-01-28 20:32:29,938 [Worker-53: Building] INFO  o.a.m.s.f.DefaultMavenResourcesFiltering - Copying 0 resource from src\test\resources to target\test-classes
2025-01-28 20:33:18,828 [Worker-50: Building] INFO  o.a.m.s.f.DefaultMavenResourcesFiltering - Copying 1 resource from src\main\resources to target\classes
2025-01-28 20:33:18,831 [Worker-50: Building] INFO  o.a.m.s.f.DefaultMavenResourcesFiltering - Copying 0 resource from src\main\resources to target\classes
2025-01-28 20:33:18,833 [Worker-50: Building] INFO  o.a.m.s.f.DefaultMavenResourcesFiltering - Copying 0 resource from src\test\resources to target\test-classes
2025-01-28 20:34:01,695 [Worker-44: Building] INFO  o.a.m.s.f.DefaultMavenResourcesFiltering - Copying 1 resource from src\main\resources to target\classes
2025-01-28 20:34:01,699 [Worker-44: Building] INFO  o.a.m.s.f.DefaultMavenResourcesFiltering - Copying 0 resource from src\main\resources to target\classes
2025-01-28 20:34:01,700 [Worker-44: Building] INFO  o.a.m.s.f.DefaultMavenResourcesFiltering - Copying 0 resource from src\test\resources to target\test-classes
2025-01-28 20:34:21,814 [Worker-52: Building] INFO  o.a.m.s.f.DefaultMavenResourcesFiltering - Copying 1 resource from src\main\resources to target\classes
2025-01-28 20:34:21,817 [Worker-52: Building] INFO  o.a.m.s.f.DefaultMavenResourcesFiltering - Copying 0 resource from src\main\resources to target\classes
2025-01-28 20:34:21,818 [Worker-52: Building] INFO  o.a.m.s.f.DefaultMavenResourcesFiltering - Copying 0 resource from src\test\resources to target\test-classes
2025-01-28 20:35:53,952 [Worker-51: Building] INFO  o.a.m.s.f.DefaultMavenResourcesFiltering - Copying 1 resource from src\main\resources to target\classes
2025-01-28 20:35:53,955 [Worker-51: Building] INFO  o.a.m.s.f.DefaultMavenResourcesFiltering - Copying 0 resource from src\main\resources to target\classes
2025-01-28 20:35:53,956 [Worker-51: Building] INFO  o.a.m.s.f.DefaultMavenResourcesFiltering - Copying 0 resource from src\test\resources to target\test-classes
2025-01-28 20:36:47,869 [Worker-50: Building] INFO  o.a.m.s.f.DefaultMavenResourcesFiltering - Copying 1 resource from src\main\resources to target\classes
2025-01-28 20:36:47,872 [Worker-50: Building] INFO  o.a.m.s.f.DefaultMavenResourcesFiltering - Copying 0 resource from src\main\resources to target\classes
2025-01-28 20:36:47,874 [Worker-50: Building] INFO  o.a.m.s.f.DefaultMavenResourcesFiltering - Copying 0 resource from src\test\resources to target\test-classes
2025-01-28 20:37:35,490 [Worker-54: Building] INFO  o.a.m.s.f.DefaultMavenResourcesFiltering - Copying 1 resource from src\main\resources to target\classes
2025-01-28 20:37:35,493 [Worker-54: Building] INFO  o.a.m.s.f.DefaultMavenResourcesFiltering - Copying 0 resource from src\main\resources to target\classes
2025-01-28 20:37:35,495 [Worker-54: Building] INFO  o.a.m.s.f.DefaultMavenResourcesFiltering - Copying 0 resource from src\test\resources to target\test-classes
2025-01-28 20:37:44,921 [Worker-54: Building] INFO  o.a.m.s.f.DefaultMavenResourcesFiltering - Copying 1 resource from src\main\resources to target\classes
2025-01-28 20:37:44,924 [Worker-54: Building] INFO  o.a.m.s.f.DefaultMavenResourcesFiltering - Copying 0 resource from src\main\resources to target\classes
2025-01-28 20:37:44,925 [Worker-54: Building] INFO  o.a.m.s.f.DefaultMavenResourcesFiltering - Copying 0 resource from src\test\resources to target\test-classes
2025-01-28 20:40:27,932 [Worker-49: Building] INFO  o.a.m.s.f.DefaultMavenResourcesFiltering - Copying 1 resource from src\main\resources to target\classes
2025-01-28 20:40:27,937 [Worker-49: Building] INFO  o.a.m.s.f.DefaultMavenResourcesFiltering - Copying 0 resource from src\main\resources to target\classes
2025-01-28 20:40:27,939 [Worker-49: Building] INFO  o.a.m.s.f.DefaultMavenResourcesFiltering - Copying 0 resource from src\test\resources to target\test-classes
2025-01-28 20:40:43,546 [Worker-51: Building] INFO  o.a.m.s.f.DefaultMavenResourcesFiltering - Copying 1 resource from src\main\resources to target\classes
2025-01-28 20:40:43,551 [Worker-51: Building] INFO  o.a.m.s.f.DefaultMavenResourcesFiltering - Copying 0 resource from src\main\resources to target\classes
2025-01-28 20:40:43,553 [Worker-51: Building] INFO  o.a.m.s.f.DefaultMavenResourcesFiltering - Copying 0 resource from src\test\resources to target\test-classes
2025-01-28 20:45:44,555 [Worker-54: Building] INFO  o.a.m.s.f.DefaultMavenResourcesFiltering - Copying 1 resource from src\main\resources to target\classes
2025-01-28 20:45:44,560 [Worker-54: Building] INFO  o.a.m.s.f.DefaultMavenResourcesFiltering - Copying 0 resource from src\main\resources to target\classes
2025-01-28 20:45:44,562 [Worker-54: Building] INFO  o.a.m.s.f.DefaultMavenResourcesFiltering - Copying 0 resource from src\test\resources to target\test-classes
2025-01-28 20:48:15,851 [Worker-60: Building] INFO  o.a.m.s.f.DefaultMavenResourcesFiltering - Copying 1 resource from src\main\resources to target\classes
2025-01-28 20:48:15,856 [Worker-60: Building] INFO  o.a.m.s.f.DefaultMavenResourcesFiltering - Copying 0 resource from src\main\resources to target\classes
2025-01-28 20:48:15,857 [Worker-60: Building] INFO  o.a.m.s.f.DefaultMavenResourcesFiltering - Copying 0 resource from src\test\resources to target\test-classes
2025-01-28 20:48:53,470 [Worker-61: Building] INFO  o.a.m.s.f.DefaultMavenResourcesFiltering - Copying 1 resource from src\main\resources to target\classes
2025-01-28 20:48:53,474 [Worker-61: Building] INFO  o.a.m.s.f.DefaultMavenResourcesFiltering - Copying 0 resource from src\main\resources to target\classes
2025-01-28 20:48:53,476 [Worker-61: Building] INFO  o.a.m.s.f.DefaultMavenResourcesFiltering - Copying 0 resource from src\test\resources to target\test-classes
2025-01-28 20:51:02,820 [Worker-52: Building] INFO  o.a.m.s.f.DefaultMavenResourcesFiltering - Copying 1 resource from src\main\resources to target\classes
2025-01-28 20:51:02,825 [Worker-52: Building] INFO  o.a.m.s.f.DefaultMavenResourcesFiltering - Copying 0 resource from src\main\resources to target\classes
2025-01-28 20:51:02,827 [Worker-52: Building] INFO  o.a.m.s.f.DefaultMavenResourcesFiltering - Copying 0 resource from src\test\resources to target\test-classes
2025-01-29 15:11:09,775 [Worker-6: Loading available Gradle versions] INFO  o.e.b.c.i.u.g.PublishedGradleVersions - Gradle version information cache is out-of-date. Trying to update.
2025-01-29 15:32:10,332 [Worker-39: Building] INFO  o.a.m.s.f.DefaultMavenResourcesFiltering - Copying 1 resource from src\main\resources to target\classes
2025-01-29 15:32:10,374 [Worker-39: Building] INFO  o.a.m.s.f.DefaultMavenResourcesFiltering - Copying 0 resource from src\main\resources to target\classes
2025-01-29 15:32:10,380 [Worker-39: Building] INFO  o.a.m.s.f.DefaultMavenResourcesFiltering - Copying 0 resource from src\test\resources to target\test-classes
2025-01-29 15:37:08,464 [Worker-44: Building] INFO  o.a.m.s.f.DefaultMavenResourcesFiltering - Copying 1 resource from src\main\resources to target\classes
2025-01-29 15:37:08,468 [Worker-44: Building] INFO  o.a.m.s.f.DefaultMavenResourcesFiltering - Copying 0 resource from src\main\resources to target\classes
2025-01-29 15:37:08,470 [Worker-44: Building] INFO  o.a.m.s.f.DefaultMavenResourcesFiltering - Copying 0 resource from src\test\resources to target\test-classes
2025-01-29 15:37:53,354 [Worker-44: Building] INFO  o.a.m.s.f.DefaultMavenResourcesFiltering - Copying 1 resource from src\main\resources to target\classes
2025-01-29 15:37:53,358 [Worker-44: Building] INFO  o.a.m.s.f.DefaultMavenResourcesFiltering - Copying 0 resource from src\main\resources to target\classes
2025-01-29 15:37:53,360 [Worker-44: Building] INFO  o.a.m.s.f.DefaultMavenResourcesFiltering - Copying 0 resource from src\test\resources to target\test-classes
2025-01-29 15:39:30,414 [Worker-46: Building] INFO  o.a.m.s.f.DefaultMavenResourcesFiltering - Copying 1 resource from src\main\resources to target\classes
2025-01-29 15:39:30,421 [Worker-46: Building] INFO  o.a.m.s.f.DefaultMavenResourcesFiltering - Copying 0 resource from src\main\resources to target\classes
2025-01-29 15:39:30,424 [Worker-46: Building] INFO  o.a.m.s.f.DefaultMavenResourcesFiltering - Copying 0 resource from src\test\resources to target\test-classes
2025-01-29 16:33:57,222 [Worker-58: Building] INFO  o.a.m.s.f.DefaultMavenResourcesFiltering - Copying 1 resource from src\main\resources to target\classes
2025-01-29 16:33:57,227 [Worker-58: Building] INFO  o.a.m.s.f.DefaultMavenResourcesFiltering - Copying 0 resource from src\main\resources to target\classes
2025-01-29 16:33:57,230 [Worker-58: Building] INFO  o.a.m.s.f.DefaultMavenResourcesFiltering - Copying 0 resource from src\test\resources to target\test-classes
2025-01-29 16:41:12,923 [Worker-60: Building] INFO  o.a.m.s.f.DefaultMavenResourcesFiltering - Copying 1 resource from src\main\resources to target\classes
2025-01-29 16:41:12,927 [Worker-60: Building] INFO  o.a.m.s.f.DefaultMavenResourcesFiltering - Copying 0 resource from src\main\resources to target\classes
2025-01-29 16:41:12,930 [Worker-60: Building] INFO  o.a.m.s.f.DefaultMavenResourcesFiltering - Copying 0 resource from src\test\resources to target\test-classes
2025-01-29 16:46:42,047 [Worker-69: Building] INFO  o.a.m.s.f.DefaultMavenResourcesFiltering - Copying 1 resource from src\main\resources to target\classes
2025-01-29 16:46:42,053 [Worker-69: Building] INFO  o.a.m.s.f.DefaultMavenResourcesFiltering - Copying 0 resource from src\main\resources to target\classes
2025-01-29 16:46:42,055 [Worker-69: Building] INFO  o.a.m.s.f.DefaultMavenResourcesFiltering - Copying 0 resource from src\test\resources to target\test-classes
2025-01-29 16:48:20,574 [Worker-60: Building] INFO  o.a.m.s.f.DefaultMavenResourcesFiltering - Copying 1 resource from src\main\resources to target\classes
2025-01-29 16:48:20,578 [Worker-60: Building] INFO  o.a.m.s.f.DefaultMavenResourcesFiltering - Copying 0 resource from src\main\resources to target\classes
2025-01-29 16:48:20,581 [Worker-60: Building] INFO  o.a.m.s.f.DefaultMavenResourcesFiltering - Copying 0 resource from src\test\resources to target\test-classes
2025-01-30 11:37:38,963 [Worker-4: Loading available Gradle versions] INFO  o.e.b.c.i.u.g.PublishedGradleVersions - Gradle version information cache is up-to-date. Trying to read.
2025-01-30 12:36:11,696 [Worker-106: Building] INFO  o.a.m.s.f.DefaultMavenResourcesFiltering - Copying 1 resource from src\main\resources to target\classes
2025-01-30 12:36:11,766 [Worker-106: Building] INFO  o.a.m.s.f.DefaultMavenResourcesFiltering - Copying 0 resource from src\main\resources to target\classes
2025-01-30 12:36:11,783 [Worker-106: Building] INFO  o.a.m.s.f.DefaultMavenResourcesFiltering - Copying 0 resource from src\test\resources to target\test-classes
2025-01-30 12:42:21,599 [Worker-111: Building] INFO  o.a.m.s.f.DefaultMavenResourcesFiltering - Copying 1 resource from src\main\resources to target\classes
2025-01-30 12:42:21,620 [Worker-111: Building] INFO  o.a.m.s.f.DefaultMavenResourcesFiltering - Copying 0 resource from src\main\resources to target\classes
2025-01-30 12:42:21,629 [Worker-111: Building] INFO  o.a.m.s.f.DefaultMavenResourcesFiltering - Copying 0 resource from src\test\resources to target\test-classes
2025-01-30 14:36:49,075 [Worker-4: Loading available Gradle versions] INFO  o.e.b.c.i.u.g.PublishedGradleVersions - Gradle version information cache is up-to-date. Trying to read.
2025-01-30 14:53:56,830 [Worker-30: Building] INFO  o.a.m.s.f.DefaultMavenResourcesFiltering - Copying 1 resource from src\main\resources to target\classes
2025-01-30 14:53:56,849 [Worker-30: Building] INFO  o.a.m.s.f.DefaultMavenResourcesFiltering - Copying 0 resource from src\main\resources to target\classes
2025-01-30 14:53:56,853 [Worker-30: Building] INFO  o.a.m.s.f.DefaultMavenResourcesFiltering - Copying 0 resource from src\test\resources to target\test-classes
2025-01-31 10:21:19,210 [Worker-4: Loading available Gradle versions] INFO  o.e.b.c.i.u.g.PublishedGradleVersions - Gradle version information cache is out-of-date. Trying to update.
2025-01-31 10:28:38,499 [Worker-28: Building] INFO  o.a.m.s.f.DefaultMavenResourcesFiltering - Copying 1 resource from src\main\resources to target\classes
2025-01-31 10:28:38,517 [Worker-28: Building] INFO  o.a.m.s.f.DefaultMavenResourcesFiltering - Copying 0 resource from src\main\resources to target\classes
2025-01-31 10:28:38,521 [Worker-28: Building] INFO  o.a.m.s.f.DefaultMavenResourcesFiltering - Copying 0 resource from src\test\resources to target\test-classes
2025-01-31 10:28:58,710 [Worker-32: Building] INFO  o.a.m.s.f.DefaultMavenResourcesFiltering - Copying 1 resource from src\main\resources to target\classes
2025-01-31 10:28:58,715 [Worker-32: Building] INFO  o.a.m.s.f.DefaultMavenResourcesFiltering - Copying 0 resource from src\main\resources to target\classes
2025-01-31 10:28:58,720 [Worker-32: Building] INFO  o.a.m.s.f.DefaultMavenResourcesFiltering - Copying 0 resource from src\test\resources to target\test-classes
2025-01-31 10:29:20,511 [Worker-30: Building] INFO  o.a.m.s.f.DefaultMavenResourcesFiltering - Copying 1 resource from src\main\resources to target\classes
2025-01-31 10:29:20,516 [Worker-30: Building] INFO  o.a.m.s.f.DefaultMavenResourcesFiltering - Copying 0 resource from src\main\resources to target\classes
2025-01-31 10:29:20,521 [Worker-30: Building] INFO  o.a.m.s.f.DefaultMavenResourcesFiltering - Copying 0 resource from src\test\resources to target\test-classes
2025-01-31 10:29:34,447 [Worker-27: Building] INFO  o.a.m.s.f.DefaultMavenResourcesFiltering - Copying 1 resource from src\main\resources to target\classes
2025-01-31 10:29:34,451 [Worker-27: Building] INFO  o.a.m.s.f.DefaultMavenResourcesFiltering - Copying 0 resource from src\main\resources to target\classes
2025-01-31 10:29:34,453 [Worker-27: Building] INFO  o.a.m.s.f.DefaultMavenResourcesFiltering - Copying 0 resource from src\test\resources to target\test-classes
2025-01-31 10:29:48,861 [Worker-29: Building] INFO  o.a.m.s.f.DefaultMavenResourcesFiltering - Copying 1 resource from src\main\resources to target\classes
2025-01-31 10:29:48,872 [Worker-29: Building] INFO  o.a.m.s.f.DefaultMavenResourcesFiltering - Copying 0 resource from src\main\resources to target\classes
2025-01-31 10:29:48,879 [Worker-29: Building] INFO  o.a.m.s.f.DefaultMavenResourcesFiltering - Copying 0 resource from src\test\resources to target\test-classes
2025-01-31 10:46:32,433 [Worker-32: Building] INFO  o.a.m.s.f.DefaultMavenResourcesFiltering - Copying 1 resource from src\main\resources to target\classes
2025-01-31 10:46:32,444 [Worker-32: Building] INFO  o.a.m.s.f.DefaultMavenResourcesFiltering - Copying 0 resource from src\main\resources to target\classes
2025-01-31 10:46:32,448 [Worker-32: Building] INFO  o.a.m.s.f.DefaultMavenResourcesFiltering - Copying 0 resource from src\test\resources to target\test-classes
2025-01-31 10:46:47,673 [Worker-36: Building] INFO  o.a.m.s.f.DefaultMavenResourcesFiltering - Copying 1 resource from src\main\resources to target\classes
2025-01-31 10:46:47,677 [Worker-36: Building] INFO  o.a.m.s.f.DefaultMavenResourcesFiltering - Copying 0 resource from src\main\resources to target\classes
2025-01-31 10:46:47,678 [Worker-36: Building] INFO  o.a.m.s.f.DefaultMavenResourcesFiltering - Copying 0 resource from src\test\resources to target\test-classes
2025-01-31 10:49:48,279 [Worker-40: Building] INFO  o.a.m.s.f.DefaultMavenResourcesFiltering - Copying 1 resource from src\main\resources to target\classes
2025-01-31 10:49:48,284 [Worker-40: Building] INFO  o.a.m.s.f.DefaultMavenResourcesFiltering - Copying 0 resource from src\main\resources to target\classes
2025-01-31 10:49:48,289 [Worker-40: Building] INFO  o.a.m.s.f.DefaultMavenResourcesFiltering - Copying 0 resource from src\test\resources to target\test-classes
2025-01-31 15:10:14,959 [Worker-7: Loading available Gradle versions] INFO  o.e.b.c.i.u.g.PublishedGradleVersions - Gradle version information cache is up-to-date. Trying to read.
2025-01-31 17:20:51,381 [Worker-7: Loading available Gradle versions] INFO  o.e.b.c.i.u.g.PublishedGradleVersions - Gradle version information cache is up-to-date. Trying to read.
2025-01-31 17:31:18,005 [Worker-39: Building] INFO  o.a.m.s.f.DefaultMavenResourcesFiltering - Copying 1 resource from src\main\resources to target\classes
2025-01-31 17:31:18,064 [Worker-39: Building] INFO  o.a.m.s.f.DefaultMavenResourcesFiltering - Copying 6 resources from src\main\resources to target\classes
2025-01-31 17:31:18,079 [Worker-39: Building] INFO  o.a.m.s.f.DefaultMavenResourcesFiltering - Copying 0 resource from src\test\resources to target\test-classes
2025-01-31 17:31:20,112 [Worker-43: Building] INFO  o.a.m.s.f.DefaultMavenResourcesFiltering - Copying 1 resource from src\main\resources to target\classes
2025-01-31 17:31:20,131 [Worker-43: Building] INFO  o.a.m.s.f.DefaultMavenResourcesFiltering - Copying 6 resources from src\main\resources to target\classes
2025-01-31 17:31:20,144 [Worker-43: Building] INFO  o.a.m.s.f.DefaultMavenResourcesFiltering - Copying 0 resource from src\test\resources to target\test-classes
2025-01-31 17:31:20,459 [Worker-43: Building] INFO  o.a.m.s.f.DefaultMavenResourcesFiltering - skip non existing resourceDirectory C:\STS\springProjects\biblioteca1\src\main\resources
2025-01-31 17:31:20,463 [Worker-43: Building] INFO  o.a.m.s.f.DefaultMavenResourcesFiltering - skip non existing resourceDirectory C:\STS\springProjects\biblioteca1\src\test\resources
2025-01-31 17:31:21,186 [Worker-43: Building] INFO  o.a.m.s.f.DefaultMavenResourcesFiltering - skip non existing resourceDirectory C:\STS\springProjects\bibliotecah2\src\main\resources
2025-01-31 17:31:21,189 [Worker-43: Building] INFO  o.a.m.s.f.DefaultMavenResourcesFiltering - skip non existing resourceDirectory C:\STS\springProjects\bibliotecah2\src\test\resources
2025-01-31 17:31:21,994 [Worker-43: Building] INFO  o.a.m.s.f.DefaultMavenResourcesFiltering - Copying 1 resource from src\main\resources to target\classes
2025-01-31 17:31:22,018 [Worker-43: Building] INFO  o.a.m.s.f.DefaultMavenResourcesFiltering - Copying 1 resource from src\main\resources to target\classes
2025-01-31 17:31:22,023 [Worker-43: Building] INFO  o.a.m.s.f.DefaultMavenResourcesFiltering - Copying 0 resource from src\test\resources to target\test-classes
2025-01-31 17:31:22,307 [Worker-43: Building] INFO  o.a.m.s.f.DefaultMavenResourcesFiltering - skip non existing resourceDirectory C:\STS\springProjects\hibernateanotaciones1\src\main\resources
2025-01-31 17:31:22,312 [Worker-43: Building] INFO  o.a.m.s.f.DefaultMavenResourcesFiltering - skip non existing resourceDirectory C:\STS\springProjects\hibernateanotaciones1\src\test\resources
2025-01-31 17:31:22,477 [Worker-43: Building] INFO  o.a.m.s.f.DefaultMavenResourcesFiltering - skip non existing resourceDirectory C:\STS\springProjects\hibernateanotaciones2\src\main\resources
2025-01-31 17:31:22,479 [Worker-43: Building] INFO  o.a.m.s.f.DefaultMavenResourcesFiltering - skip non existing resourceDirectory C:\STS\springProjects\hibernateanotaciones2\src\test\resources
2025-01-31 17:31:22,815 [Worker-43: Building] INFO  o.a.m.s.f.DefaultMavenResourcesFiltering - skip non existing resourceDirectory C:\STS\springProjects\hibernateanotaciones3\src\main\resources
2025-01-31 17:31:22,819 [Worker-43: Building] INFO  o.a.m.s.f.DefaultMavenResourcesFiltering - skip non existing resourceDirectory C:\STS\springProjects\hibernateanotaciones3\src\test\resources
2025-01-31 17:31:23,027 [Worker-43: Building] INFO  o.a.m.s.f.DefaultMavenResourcesFiltering - skip non existing resourceDirectory C:\STS\springProjects\practica04\src\main\resources
2025-01-31 17:31:23,029 [Worker-43: Building] INFO  o.a.m.s.f.DefaultMavenResourcesFiltering - skip non existing resourceDirectory C:\STS\springProjects\practica04\src\test\resources
2025-01-31 17:31:23,146 [Worker-43: Building] INFO  o.a.m.s.f.DefaultMavenResourcesFiltering - Copying 1 resource from src\main\resources to target\classes
2025-01-31 17:31:23,158 [Worker-43: Building] INFO  o.a.m.s.f.DefaultMavenResourcesFiltering - Copying 0 resource from src\main\resources to target\classes
2025-01-31 17:31:23,161 [Worker-43: Building] INFO  o.a.m.s.f.DefaultMavenResourcesFiltering - Copying 0 resource from src\test\resources to target\test-classes
2025-01-31 17:31:24,021 [Worker-43: Building] INFO  o.a.m.s.f.DefaultMavenResourcesFiltering - Copying 1 resource from src\main\resources to target\classes
2025-01-31 17:31:24,069 [Worker-43: Building] INFO  o.a.m.s.f.DefaultMavenResourcesFiltering - Copying 0 resource from src\main\resources to target\classes
2025-01-31 17:31:24,073 [Worker-43: Building] INFO  o.a.m.s.f.DefaultMavenResourcesFiltering - Copying 0 resource from src\test\resources to target\test-classes
2025-01-31 17:31:31,349 [Worker-3: Building] INFO  o.a.m.s.f.DefaultMavenResourcesFiltering - Copying 1 resource from src\main\resources to target\classes
2025-01-31 17:31:31,354 [Worker-3: Building] INFO  o.a.m.s.f.DefaultMavenResourcesFiltering - Copying 0 resource from src\main\resources to target\classes
2025-01-31 17:31:31,357 [Worker-3: Building] INFO  o.a.m.s.f.DefaultMavenResourcesFiltering - Copying 0 resource from src\test\resources to target\test-classes
2025-01-31 17:31:58,712 [Worker-45: Building] INFO  o.a.m.s.f.DefaultMavenResourcesFiltering - Copying 1 resource from src\main\resources to target\classes
2025-01-31 17:31:58,716 [Worker-45: Building] INFO  o.a.m.s.f.DefaultMavenResourcesFiltering - Copying 0 resource from src\main\resources to target\classes
2025-01-31 17:31:58,718 [Worker-45: Building] INFO  o.a.m.s.f.DefaultMavenResourcesFiltering - Copying 0 resource from src\test\resources to target\test-classes
2025-01-31 17:32:07,147 [Worker-41: Building] INFO  o.a.m.s.f.DefaultMavenResourcesFiltering - Copying 1 resource from src\main\resources to target\classes
2025-01-31 17:32:07,150 [Worker-41: Building] INFO  o.a.m.s.f.DefaultMavenResourcesFiltering - Copying 0 resource from src\main\resources to target\classes
2025-01-31 17:32:07,153 [Worker-41: Building] INFO  o.a.m.s.f.DefaultMavenResourcesFiltering - Copying 0 resource from src\test\resources to target\test-classes
2025-01-31 17:32:35,544 [Worker-43: Building] INFO  o.a.m.s.f.DefaultMavenResourcesFiltering - Copying 1 resource from src\main\resources to target\classes
2025-01-31 17:32:35,548 [Worker-43: Building] INFO  o.a.m.s.f.DefaultMavenResourcesFiltering - Copying 0 resource from src\main\resources to target\classes
2025-01-31 17:32:35,550 [Worker-43: Building] INFO  o.a.m.s.f.DefaultMavenResourcesFiltering - Copying 0 resource from src\test\resources to target\test-classes
2025-01-31 17:32:58,096 [Worker-43: Building] INFO  o.a.m.s.f.DefaultMavenResourcesFiltering - Copying 1 resource from src\main\resources to target\classes
2025-01-31 17:32:58,099 [Worker-43: Building] INFO  o.a.m.s.f.DefaultMavenResourcesFiltering - Copying 0 resource from src\main\resources to target\classes
2025-01-31 17:32:58,101 [Worker-43: Building] INFO  o.a.m.s.f.DefaultMavenResourcesFiltering - Copying 0 resource from src\test\resources to target\test-classes
2025-01-31 17:33:20,102 [Worker-47: Building] INFO  o.a.m.s.f.DefaultMavenResourcesFiltering - Copying 1 resource from src\main\resources to target\classes
2025-01-31 17:33:20,105 [Worker-47: Building] INFO  o.a.m.s.f.DefaultMavenResourcesFiltering - Copying 0 resource from src\main\resources to target\classes
2025-01-31 17:33:20,106 [Worker-47: Building] INFO  o.a.m.s.f.DefaultMavenResourcesFiltering - Copying 0 resource from src\test\resources to target\test-classes
2025-01-31 17:33:37,952 [Worker-44: Building] INFO  o.a.m.s.f.DefaultMavenResourcesFiltering - Copying 1 resource from src\main\resources to target\classes
2025-01-31 17:33:37,955 [Worker-44: Building] INFO  o.a.m.s.f.DefaultMavenResourcesFiltering - Copying 0 resource from src\main\resources to target\classes
2025-01-31 17:33:37,957 [Worker-44: Building] INFO  o.a.m.s.f.DefaultMavenResourcesFiltering - Copying 0 resource from src\test\resources to target\test-classes
2025-01-31 17:35:38,995 [Worker-49: Building] INFO  o.a.m.s.f.DefaultMavenResourcesFiltering - Copying 1 resource from src\main\resources to target\classes
2025-01-31 17:35:38,998 [Worker-49: Building] INFO  o.a.m.s.f.DefaultMavenResourcesFiltering - Copying 0 resource from src\main\resources to target\classes
2025-01-31 17:35:39,000 [Worker-49: Building] INFO  o.a.m.s.f.DefaultMavenResourcesFiltering - Copying 0 resource from src\test\resources to target\test-classes
2025-01-31 17:36:00,016 [Worker-48: Building] INFO  o.a.m.s.f.DefaultMavenResourcesFiltering - Copying 1 resource from src\main\resources to target\classes
2025-01-31 17:36:00,019 [Worker-48: Building] INFO  o.a.m.s.f.DefaultMavenResourcesFiltering - Copying 0 resource from src\main\resources to target\classes
2025-01-31 17:36:00,021 [Worker-48: Building] INFO  o.a.m.s.f.DefaultMavenResourcesFiltering - Copying 0 resource from src\test\resources to target\test-classes
2025-01-31 17:36:32,923 [Worker-49: Building] INFO  o.a.m.s.f.DefaultMavenResourcesFiltering - Copying 1 resource from src\main\resources to target\classes
2025-01-31 17:36:32,926 [Worker-49: Building] INFO  o.a.m.s.f.DefaultMavenResourcesFiltering - Copying 0 resource from src\main\resources to target\classes
2025-01-31 17:36:32,927 [Worker-49: Building] INFO  o.a.m.s.f.DefaultMavenResourcesFiltering - Copying 0 resource from src\test\resources to target\test-classes
2025-01-31 17:36:41,765 [Worker-50: Building] INFO  o.a.m.s.f.DefaultMavenResourcesFiltering - Copying 1 resource from src\main\resources to target\classes
2025-01-31 17:36:41,769 [Worker-50: Building] INFO  o.a.m.s.f.DefaultMavenResourcesFiltering - Copying 0 resource from src\main\resources to target\classes
2025-01-31 17:36:41,770 [Worker-50: Building] INFO  o.a.m.s.f.DefaultMavenResourcesFiltering - Copying 0 resource from src\test\resources to target\test-classes
2025-01-31 17:37:09,479 [Worker-51: Building] INFO  o.a.m.s.f.DefaultMavenResourcesFiltering - Copying 1 resource from src\main\resources to target\classes
2025-01-31 17:37:09,482 [Worker-51: Building] INFO  o.a.m.s.f.DefaultMavenResourcesFiltering - Copying 0 resource from src\main\resources to target\classes
2025-01-31 17:37:09,484 [Worker-51: Building] INFO  o.a.m.s.f.DefaultMavenResourcesFiltering - Copying 0 resource from src\test\resources to target\test-classes
2025-01-31 17:37:59,871 [Worker-53: Building] INFO  o.a.m.s.f.DefaultMavenResourcesFiltering - Copying 1 resource from src\main\resources to target\classes
2025-01-31 17:37:59,875 [Worker-53: Building] INFO  o.a.m.s.f.DefaultMavenResourcesFiltering - Copying 0 resource from src\main\resources to target\classes
2025-01-31 17:37:59,877 [Worker-53: Building] INFO  o.a.m.s.f.DefaultMavenResourcesFiltering - Copying 0 resource from src\test\resources to target\test-classes
2025-01-31 17:38:49,962 [Worker-53: Building] INFO  o.a.m.s.f.DefaultMavenResourcesFiltering - Copying 1 resource from src\main\resources to target\classes
2025-01-31 17:38:49,965 [Worker-53: Building] INFO  o.a.m.s.f.DefaultMavenResourcesFiltering - Copying 0 resource from src\main\resources to target\classes
2025-01-31 17:38:49,966 [Worker-53: Building] INFO  o.a.m.s.f.DefaultMavenResourcesFiltering - Copying 0 resource from src\test\resources to target\test-classes
2025-01-31 17:39:04,820 [Worker-49: Building] INFO  o.a.m.s.f.DefaultMavenResourcesFiltering - Copying 1 resource from src\main\resources to target\classes
2025-01-31 17:39:04,823 [Worker-49: Building] INFO  o.a.m.s.f.DefaultMavenResourcesFiltering - Copying 0 resource from src\main\resources to target\classes
2025-01-31 17:39:04,824 [Worker-49: Building] INFO  o.a.m.s.f.DefaultMavenResourcesFiltering - Copying 0 resource from src\test\resources to target\test-classes
2025-01-31 17:44:12,267 [Worker-3: Building] INFO  o.a.m.s.f.DefaultMavenResourcesFiltering - Copying 1 resource from src\main\resources to target\classes
2025-01-31 17:44:12,272 [Worker-3: Building] INFO  o.a.m.s.f.DefaultMavenResourcesFiltering - Copying 0 resource from src\main\resources to target\classes
2025-01-31 17:44:12,274 [Worker-3: Building] INFO  o.a.m.s.f.DefaultMavenResourcesFiltering - Copying 0 resource from src\test\resources to target\test-classes
2025-01-31 17:44:37,744 [Worker-41: Building] INFO  o.a.m.s.f.DefaultMavenResourcesFiltering - Copying 1 resource from src\main\resources to target\classes
2025-01-31 17:44:37,747 [Worker-41: Building] INFO  o.a.m.s.f.DefaultMavenResourcesFiltering - Copying 0 resource from src\main\resources to target\classes
2025-01-31 17:44:37,748 [Worker-41: Building] INFO  o.a.m.s.f.DefaultMavenResourcesFiltering - Copying 0 resource from src\test\resources to target\test-classes
2025-01-31 17:44:50,267 [Worker-48: Building] INFO  o.a.m.s.f.DefaultMavenResourcesFiltering - Copying 1 resource from src\main\resources to target\classes
2025-01-31 17:44:50,270 [Worker-48: Building] INFO  o.a.m.s.f.DefaultMavenResourcesFiltering - Copying 0 resource from src\main\resources to target\classes
2025-01-31 17:44:50,272 [Worker-48: Building] INFO  o.a.m.s.f.DefaultMavenResourcesFiltering - Copying 0 resource from src\test\resources to target\test-classes
2025-01-31 17:45:13,534 [Worker-41: Building] INFO  o.a.m.s.f.DefaultMavenResourcesFiltering - Copying 1 resource from src\main\resources to target\classes
2025-01-31 17:45:13,537 [Worker-41: Building] INFO  o.a.m.s.f.DefaultMavenResourcesFiltering - Copying 0 resource from src\main\resources to target\classes
2025-01-31 17:45:13,538 [Worker-41: Building] INFO  o.a.m.s.f.DefaultMavenResourcesFiltering - Copying 0 resource from src\test\resources to target\test-classes
2025-01-31 17:45:23,393 [Worker-51: Building] INFO  o.a.m.s.f.DefaultMavenResourcesFiltering - Copying 1 resource from src\main\resources to target\classes
2025-01-31 17:45:23,396 [Worker-51: Building] INFO  o.a.m.s.f.DefaultMavenResourcesFiltering - Copying 0 resource from src\main\resources to target\classes
2025-01-31 17:45:23,398 [Worker-51: Building] INFO  o.a.m.s.f.DefaultMavenResourcesFiltering - Copying 0 resource from src\test\resources to target\test-classes
2025-01-31 17:46:47,818 [Worker-41: Building] INFO  o.a.m.s.f.DefaultMavenResourcesFiltering - Copying 1 resource from src\main\resources to target\classes
2025-01-31 17:46:47,821 [Worker-41: Building] INFO  o.a.m.s.f.DefaultMavenResourcesFiltering - Copying 0 resource from src\main\resources to target\classes
2025-01-31 17:46:47,824 [Worker-41: Building] INFO  o.a.m.s.f.DefaultMavenResourcesFiltering - Copying 0 resource from src\test\resources to target\test-classes
2025-01-31 17:47:34,911 [Worker-48: Building] INFO  o.a.m.s.f.DefaultMavenResourcesFiltering - Copying 1 resource from src\main\resources to target\classes
2025-01-31 17:47:34,914 [Worker-48: Building] INFO  o.a.m.s.f.DefaultMavenResourcesFiltering - Copying 0 resource from src\main\resources to target\classes
2025-01-31 17:47:34,915 [Worker-48: Building] INFO  o.a.m.s.f.DefaultMavenResourcesFiltering - Copying 0 resource from src\test\resources to target\test-classes
2025-01-31 17:52:29,418 [Worker-59: Building] INFO  o.a.m.s.f.DefaultMavenResourcesFiltering - Copying 1 resource from src\main\resources to target\classes
2025-01-31 17:52:29,424 [Worker-59: Building] INFO  o.a.m.s.f.DefaultMavenResourcesFiltering - Copying 0 resource from src\main\resources to target\classes
2025-01-31 17:52:29,425 [Worker-59: Building] INFO  o.a.m.s.f.DefaultMavenResourcesFiltering - Copying 0 resource from src\test\resources to target\test-classes
2025-01-31 17:55:15,152 [Worker-58: Building] INFO  o.a.m.s.f.DefaultMavenResourcesFiltering - Copying 1 resource from src\main\resources to target\classes
2025-01-31 17:55:15,157 [Worker-58: Building] INFO  o.a.m.s.f.DefaultMavenResourcesFiltering - Copying 0 resource from src\main\resources to target\classes
2025-01-31 17:55:15,159 [Worker-58: Building] INFO  o.a.m.s.f.DefaultMavenResourcesFiltering - Copying 0 resource from src\test\resources to target\test-classes
2025-01-31 19:08:51,748 [Worker-77: Building] INFO  o.a.m.s.f.DefaultMavenResourcesFiltering - Copying 1 resource from src\main\resources to target\classes
2025-01-31 19:08:51,754 [Worker-77: Building] INFO  o.a.m.s.f.DefaultMavenResourcesFiltering - Copying 0 resource from src\main\resources to target\classes
2025-01-31 19:08:51,756 [Worker-77: Building] INFO  o.a.m.s.f.DefaultMavenResourcesFiltering - Copying 0 resource from src\test\resources to target\test-classes
2025-01-31 19:12:01,381 [Worker-78: Building] INFO  o.a.m.s.f.DefaultMavenResourcesFiltering - Copying 1 resource from src\main\resources to target\classes
2025-01-31 19:12:01,389 [Worker-78: Building] INFO  o.a.m.s.f.DefaultMavenResourcesFiltering - Copying 0 resource from src\main\resources to target\classes
2025-01-31 19:12:01,391 [Worker-78: Building] INFO  o.a.m.s.f.DefaultMavenResourcesFiltering - Copying 0 resource from src\test\resources to target\test-classes
2025-01-31 19:12:23,432 [Worker-78: Building] INFO  o.a.m.s.f.DefaultMavenResourcesFiltering - Copying 1 resource from src\main\resources to target\classes
2025-01-31 19:12:23,436 [Worker-78: Building] INFO  o.a.m.s.f.DefaultMavenResourcesFiltering - Copying 0 resource from src\main\resources to target\classes
2025-01-31 19:12:23,438 [Worker-78: Building] INFO  o.a.m.s.f.DefaultMavenResourcesFiltering - Copying 0 resource from src\test\resources to target\test-classes
2025-01-31 19:13:26,547 [Worker-78: Building] INFO  o.a.m.s.f.DefaultMavenResourcesFiltering - Copying 1 resource from src\main\resources to target\classes
2025-01-31 19:13:26,549 [Worker-78: Building] INFO  o.a.m.s.f.DefaultMavenResourcesFiltering - Copying 0 resource from src\main\resources to target\classes
2025-01-31 19:13:26,551 [Worker-78: Building] INFO  o.a.m.s.f.DefaultMavenResourcesFiltering - Copying 0 resource from src\test\resources to target\test-classes
2025-01-31 19:16:08,839 [Worker-82: Building] INFO  o.a.m.s.f.DefaultMavenResourcesFiltering - Copying 1 resource from src\main\resources to target\classes
2025-01-31 19:16:08,842 [Worker-82: Building] INFO  o.a.m.s.f.DefaultMavenResourcesFiltering - Copying 0 resource from src\main\resources to target\classes
2025-01-31 19:16:08,843 [Worker-82: Building] INFO  o.a.m.s.f.DefaultMavenResourcesFiltering - Copying 0 resource from src\test\resources to target\test-classes
2025-01-31 19:16:34,178 [Worker-79: Building] INFO  o.a.m.s.f.DefaultMavenResourcesFiltering - Copying 1 resource from src\main\resources to target\classes
2025-01-31 19:16:34,181 [Worker-79: Building] INFO  o.a.m.s.f.DefaultMavenResourcesFiltering - Copying 0 resource from src\main\resources to target\classes
2025-01-31 19:16:34,183 [Worker-79: Building] INFO  o.a.m.s.f.DefaultMavenResourcesFiltering - Copying 0 resource from src\test\resources to target\test-classes
2025-01-31 19:21:33,816 [Worker-85: Building] INFO  o.a.m.s.f.DefaultMavenResourcesFiltering - Copying 1 resource from src\main\resources to target\classes
2025-01-31 19:21:33,823 [Worker-85: Building] INFO  o.a.m.s.f.DefaultMavenResourcesFiltering - Copying 0 resource from src\main\resources to target\classes
2025-01-31 19:21:33,825 [Worker-85: Building] INFO  o.a.m.s.f.DefaultMavenResourcesFiltering - Copying 0 resource from src\test\resources to target\test-classes
2025-01-31 19:33:21,204 [Worker-85: Building] INFO  o.a.m.s.f.DefaultMavenResourcesFiltering - Copying 1 resource from src\main\resources to target\classes
2025-01-31 19:33:21,209 [Worker-85: Building] INFO  o.a.m.s.f.DefaultMavenResourcesFiltering - Copying 0 resource from src\main\resources to target\classes
2025-01-31 19:33:21,211 [Worker-85: Building] INFO  o.a.m.s.f.DefaultMavenResourcesFiltering - Copying 0 resource from src\test\resources to target\test-classes
2025-01-31 19:33:30,847 [Worker-92: Building] INFO  o.a.m.s.f.DefaultMavenResourcesFiltering - Copying 1 resource from src\main\resources to target\classes
2025-01-31 19:33:30,852 [Worker-92: Building] INFO  o.a.m.s.f.DefaultMavenResourcesFiltering - Copying 0 resource from src\main\resources to target\classes
2025-01-31 19:33:30,853 [Worker-92: Building] INFO  o.a.m.s.f.DefaultMavenResourcesFiltering - Copying 0 resource from src\test\resources to target\test-classes
2025-02-02 11:00:02,562 [Worker-7: Loading available Gradle versions] INFO  o.e.b.c.i.u.g.PublishedGradleVersions - Gradle version information cache is out-of-date. Trying to update.
2025-02-02 11:02:42,402 [Worker-46: Building] INFO  o.a.m.s.f.DefaultMavenResourcesFiltering - Copying 1 resource from src\main\resources to target\classes
2025-02-02 11:02:42,495 [Worker-46: Building] INFO  o.a.m.s.f.DefaultMavenResourcesFiltering - Copying 0 resource from src\main\resources to target\classes
2025-02-02 11:02:42,512 [Worker-46: Building] INFO  o.a.m.s.f.DefaultMavenResourcesFiltering - Copying 0 resource from src\test\resources to target\test-classes
2025-02-02 11:03:36,905 [Worker-31: Building] INFO  o.a.m.s.f.DefaultMavenResourcesFiltering - Copying 1 resource from src\main\resources to target\classes
2025-02-02 11:03:36,937 [Worker-31: Building] INFO  o.a.m.s.f.DefaultMavenResourcesFiltering - Copying 0 resource from src\main\resources to target\classes
2025-02-02 11:03:36,955 [Worker-31: Building] INFO  o.a.m.s.f.DefaultMavenResourcesFiltering - Copying 0 resource from src\test\resources to target\test-classes
2025-02-02 11:04:03,189 [Worker-14: Building] INFO  o.a.m.s.f.DefaultMavenResourcesFiltering - Copying 1 resource from src\main\resources to target\classes
2025-02-02 11:04:03,201 [Worker-14: Building] INFO  o.a.m.s.f.DefaultMavenResourcesFiltering - Copying 0 resource from src\main\resources to target\classes
2025-02-02 11:04:03,209 [Worker-14: Building] INFO  o.a.m.s.f.DefaultMavenResourcesFiltering - Copying 0 resource from src\test\resources to target\test-classes
2025-02-02 11:04:43,669 [Worker-37: Building] INFO  o.a.m.s.f.DefaultMavenResourcesFiltering - Copying 1 resource from src\main\resources to target\classes
2025-02-02 11:04:43,691 [Worker-37: Building] INFO  o.a.m.s.f.DefaultMavenResourcesFiltering - Copying 0 resource from src\main\resources to target\classes
2025-02-02 11:04:43,703 [Worker-37: Building] INFO  o.a.m.s.f.DefaultMavenResourcesFiltering - Copying 0 resource from src\test\resources to target\test-classes
2025-02-02 11:05:01,049 [Worker-46: Building] INFO  o.a.m.s.f.DefaultMavenResourcesFiltering - Copying 1 resource from src\main\resources to target\classes
2025-02-02 11:05:01,055 [Worker-46: Building] INFO  o.a.m.s.f.DefaultMavenResourcesFiltering - Copying 0 resource from src\main\resources to target\classes
2025-02-02 11:05:01,060 [Worker-46: Building] INFO  o.a.m.s.f.DefaultMavenResourcesFiltering - Copying 0 resource from src\test\resources to target\test-classes
2025-02-02 11:05:10,961 [Worker-4: Building] INFO  o.a.m.s.f.DefaultMavenResourcesFiltering - Copying 1 resource from src\main\resources to target\classes
2025-02-02 11:05:10,967 [Worker-4: Building] INFO  o.a.m.s.f.DefaultMavenResourcesFiltering - Copying 0 resource from src\main\resources to target\classes
2025-02-02 11:05:10,972 [Worker-4: Building] INFO  o.a.m.s.f.DefaultMavenResourcesFiltering - Copying 0 resource from src\test\resources to target\test-classes
2025-02-02 11:05:23,450 [Worker-24: Building] INFO  o.a.m.s.f.DefaultMavenResourcesFiltering - Copying 1 resource from src\main\resources to target\classes
2025-02-02 11:05:23,471 [Worker-24: Building] INFO  o.a.m.s.f.DefaultMavenResourcesFiltering - Copying 0 resource from src\main\resources to target\classes
2025-02-02 11:05:23,480 [Worker-24: Building] INFO  o.a.m.s.f.DefaultMavenResourcesFiltering - Copying 0 resource from src\test\resources to target\test-classes
2025-02-02 11:05:47,829 [Worker-12: Building] INFO  o.a.m.s.f.DefaultMavenResourcesFiltering - Copying 1 resource from src\main\resources to target\classes
2025-02-02 11:05:47,834 [Worker-12: Building] INFO  o.a.m.s.f.DefaultMavenResourcesFiltering - Copying 0 resource from src\main\resources to target\classes
2025-02-02 11:05:47,838 [Worker-12: Building] INFO  o.a.m.s.f.DefaultMavenResourcesFiltering - Copying 0 resource from src\test\resources to target\test-classes
2025-02-02 11:05:53,753 [Worker-3: Building] INFO  o.a.m.s.f.DefaultMavenResourcesFiltering - Copying 1 resource from src\main\resources to target\classes
2025-02-02 11:05:53,757 [Worker-3: Building] INFO  o.a.m.s.f.DefaultMavenResourcesFiltering - Copying 0 resource from src\main\resources to target\classes
2025-02-02 11:05:53,761 [Worker-3: Building] INFO  o.a.m.s.f.DefaultMavenResourcesFiltering - Copying 0 resource from src\test\resources to target\test-classes
2025-02-02 11:06:06,326 [Worker-32: Building] INFO  o.a.m.s.f.DefaultMavenResourcesFiltering - Copying 1 resource from src\main\resources to target\classes
2025-02-02 11:06:06,359 [Worker-32: Building] INFO  o.a.m.s.f.DefaultMavenResourcesFiltering - Copying 0 resource from src\main\resources to target\classes
2025-02-02 11:06:06,374 [Worker-32: Building] INFO  o.a.m.s.f.DefaultMavenResourcesFiltering - Copying 0 resource from src\test\resources to target\test-classes
2025-02-02 11:06:17,655 [Worker-44: Building] INFO  o.a.m.s.f.DefaultMavenResourcesFiltering - Copying 1 resource from src\main\resources to target\classes
2025-02-02 11:06:17,661 [Worker-44: Building] INFO  o.a.m.s.f.DefaultMavenResourcesFiltering - Copying 0 resource from src\main\resources to target\classes
2025-02-02 11:06:17,665 [Worker-44: Building] INFO  o.a.m.s.f.DefaultMavenResourcesFiltering - Copying 0 resource from src\test\resources to target\test-classes
2025-02-02 11:06:22,362 [Worker-34: Building] INFO  o.a.m.s.f.DefaultMavenResourcesFiltering - Copying 1 resource from src\main\resources to target\classes
2025-02-02 11:06:22,366 [Worker-34: Building] INFO  o.a.m.s.f.DefaultMavenResourcesFiltering - Copying 0 resource from src\main\resources to target\classes
2025-02-02 11:06:22,370 [Worker-34: Building] INFO  o.a.m.s.f.DefaultMavenResourcesFiltering - Copying 0 resource from src\test\resources to target\test-classes
2025-02-02 11:06:27,751 [Worker-21: Building] INFO  o.a.m.s.f.DefaultMavenResourcesFiltering - Copying 1 resource from src\main\resources to target\classes
2025-02-02 11:06:27,756 [Worker-21: Building] INFO  o.a.m.s.f.DefaultMavenResourcesFiltering - Copying 0 resource from src\main\resources to target\classes
2025-02-02 11:06:27,759 [Worker-21: Building] INFO  o.a.m.s.f.DefaultMavenResourcesFiltering - Copying 0 resource from src\test\resources to target\test-classes
2025-02-02 11:06:42,340 [Worker-43: Building] INFO  o.a.m.s.f.DefaultMavenResourcesFiltering - Copying 1 resource from src\main\resources to target\classes
2025-02-02 11:06:42,344 [Worker-43: Building] INFO  o.a.m.s.f.DefaultMavenResourcesFiltering - Copying 0 resource from src\main\resources to target\classes
2025-02-02 11:06:42,348 [Worker-43: Building] INFO  o.a.m.s.f.DefaultMavenResourcesFiltering - Copying 0 resource from src\test\resources to target\test-classes
2025-02-02 11:06:48,621 [Worker-7: Building] INFO  o.a.m.s.f.DefaultMavenResourcesFiltering - Copying 1 resource from src\main\resources to target\classes
2025-02-02 11:06:48,628 [Worker-7: Building] INFO  o.a.m.s.f.DefaultMavenResourcesFiltering - Copying 0 resource from src\main\resources to target\classes
2025-02-02 11:06:48,632 [Worker-7: Building] INFO  o.a.m.s.f.DefaultMavenResourcesFiltering - Copying 0 resource from src\test\resources to target\test-classes
2025-02-02 11:07:04,069 [Worker-42: Building] INFO  o.a.m.s.f.DefaultMavenResourcesFiltering - Copying 1 resource from src\main\resources to target\classes
2025-02-02 11:07:04,077 [Worker-42: Building] INFO  o.a.m.s.f.DefaultMavenResourcesFiltering - Copying 0 resource from src\main\resources to target\classes
2025-02-02 11:07:04,082 [Worker-42: Building] INFO  o.a.m.s.f.DefaultMavenResourcesFiltering - Copying 0 resource from src\test\resources to target\test-classes
2025-02-02 11:07:11,925 [Worker-25: Building] INFO  o.a.m.s.f.DefaultMavenResourcesFiltering - Copying 1 resource from src\main\resources to target\classes
2025-02-02 11:07:11,935 [Worker-25: Building] INFO  o.a.m.s.f.DefaultMavenResourcesFiltering - Copying 0 resource from src\main\resources to target\classes
2025-02-02 11:07:11,943 [Worker-25: Building] INFO  o.a.m.s.f.DefaultMavenResourcesFiltering - Copying 0 resource from src\test\resources to target\test-classes
2025-02-02 11:07:19,268 [Worker-33: Building] INFO  o.a.m.s.f.DefaultMavenResourcesFiltering - Copying 1 resource from src\main\resources to target\classes
2025-02-02 11:07:19,281 [Worker-33: Building] INFO  o.a.m.s.f.DefaultMavenResourcesFiltering - Copying 0 resource from src\main\resources to target\classes
2025-02-02 11:07:19,290 [Worker-33: Building] INFO  o.a.m.s.f.DefaultMavenResourcesFiltering - Copying 0 resource from src\test\resources to target\test-classes
2025-02-02 11:07:31,050 [Worker-16: Building] INFO  o.a.m.s.f.DefaultMavenResourcesFiltering - Copying 1 resource from src\main\resources to target\classes
2025-02-02 11:07:31,068 [Worker-16: Building] INFO  o.a.m.s.f.DefaultMavenResourcesFiltering - Copying 0 resource from src\main\resources to target\classes
2025-02-02 11:07:31,074 [Worker-16: Building] INFO  o.a.m.s.f.DefaultMavenResourcesFiltering - Copying 0 resource from src\test\resources to target\test-classes
2025-02-02 11:07:34,269 [Worker-35: Building] INFO  o.a.m.s.f.DefaultMavenResourcesFiltering - Copying 1 resource from src\main\resources to target\classes
2025-02-02 11:07:34,278 [Worker-35: Building] INFO  o.a.m.s.f.DefaultMavenResourcesFiltering - Copying 0 resource from src\main\resources to target\classes
2025-02-02 11:07:34,285 [Worker-35: Building] INFO  o.a.m.s.f.DefaultMavenResourcesFiltering - Copying 0 resource from src\test\resources to target\test-classes
2025-02-05 15:24:54,395 [Worker-4: Loading available Gradle versions] INFO  o.e.b.c.i.u.g.PublishedGradleVersions - Gradle version information cache is out-of-date. Trying to update.
2025-02-05 16:21:17,934 [Worker-6: Loading available Gradle versions] INFO  o.e.b.c.i.u.g.PublishedGradleVersions - Gradle version information cache is up-to-date. Trying to read.
2025-02-05 16:33:34,933 [Worker-46: Launching practica06 - Practica06Application] INFO  o.a.m.s.f.DefaultMavenResourcesFiltering - Copying 1 resource from src\main\resources to target\classes
2025-02-05 16:33:35,378 [Worker-46: Launching practica06 - Practica06Application] INFO  o.a.m.s.f.DefaultMavenResourcesFiltering - Copying 0 resource from src\main\resources to target\classes
2025-02-05 16:33:35,402 [Worker-46: Launching practica06 - Practica06Application] INFO  o.a.m.s.f.DefaultMavenResourcesFiltering - Copying 0 resource from src\test\resources to target\test-classes
2025-02-05 16:33:42,326 [Worker-115: Building] INFO  o.a.m.s.f.DefaultMavenResourcesFiltering - Copying 1 resource from src\main\resources to target\classes
2025-02-05 16:33:42,587 [Worker-115: Building] INFO  o.a.m.s.f.DefaultMavenResourcesFiltering - Copying 6 resources from src\main\resources to target\classes
2025-02-05 16:33:42,650 [Worker-115: Building] INFO  o.a.m.s.f.DefaultMavenResourcesFiltering - Copying 0 resource from src\test\resources to target\test-classes
2025-02-05 16:33:47,047 [Worker-115: Building] INFO  o.a.m.s.f.DefaultMavenResourcesFiltering - Copying 1 resource from src\main\resources to target\classes
2025-02-05 16:33:47,680 [Worker-115: Building] INFO  o.a.m.s.f.DefaultMavenResourcesFiltering - Copying 6 resources from src\main\resources to target\classes
2025-02-05 16:33:47,737 [Worker-115: Building] INFO  o.a.m.s.f.DefaultMavenResourcesFiltering - Copying 0 resource from src\test\resources to target\test-classes
2025-02-05 16:33:49,546 [Worker-115: Building] INFO  o.a.m.s.f.DefaultMavenResourcesFiltering - skip non existing resourceDirectory C:\STS\springProjects\biblioteca1\src\main\resources
2025-02-05 16:33:49,571 [Worker-115: Building] INFO  o.a.m.s.f.DefaultMavenResourcesFiltering - skip non existing resourceDirectory C:\STS\springProjects\biblioteca1\src\test\resources
2025-02-05 16:33:57,515 [Worker-115: Building] INFO  o.a.m.s.f.DefaultMavenResourcesFiltering - skip non existing resourceDirectory C:\STS\springProjects\bibliotecah2\src\main\resources
2025-02-05 16:33:57,540 [Worker-115: Building] INFO  o.a.m.s.f.DefaultMavenResourcesFiltering - skip non existing resourceDirectory C:\STS\springProjects\bibliotecah2\src\test\resources
2025-02-05 16:34:00,961 [Worker-115: Building] INFO  o.a.m.s.f.DefaultMavenResourcesFiltering - Copying 1 resource from src\main\resources to target\classes
2025-02-05 16:34:01,909 [Worker-115: Building] INFO  o.a.m.s.f.DefaultMavenResourcesFiltering - Copying 1 resource from src\main\resources to target\classes
2025-02-05 16:34:01,933 [Worker-115: Building] INFO  o.a.m.s.f.DefaultMavenResourcesFiltering - Copying 0 resource from src\test\resources to target\test-classes
2025-02-05 16:34:03,649 [Worker-115: Building] INFO  o.a.m.s.f.DefaultMavenResourcesFiltering - skip non existing resourceDirectory C:\STS\springProjects\hibernateanotaciones1\src\main\resources
2025-02-05 16:34:03,672 [Worker-115: Building] INFO  o.a.m.s.f.DefaultMavenResourcesFiltering - skip non existing resourceDirectory C:\STS\springProjects\hibernateanotaciones1\src\test\resources
2025-02-05 16:34:04,140 [Worker-115: Building] INFO  o.a.m.s.f.DefaultMavenResourcesFiltering - skip non existing resourceDirectory C:\STS\springProjects\hibernateanotaciones2\src\main\resources
2025-02-05 16:34:04,143 [Worker-115: Building] INFO  o.a.m.s.f.DefaultMavenResourcesFiltering - skip non existing resourceDirectory C:\STS\springProjects\hibernateanotaciones2\src\test\resources
2025-02-05 16:34:06,093 [Worker-115: Building] INFO  o.a.m.s.f.DefaultMavenResourcesFiltering - skip non existing resourceDirectory C:\STS\springProjects\hibernateanotaciones3\src\main\resources
2025-02-05 16:34:06,105 [Worker-115: Building] INFO  o.a.m.s.f.DefaultMavenResourcesFiltering - skip non existing resourceDirectory C:\STS\springProjects\hibernateanotaciones3\src\test\resources
2025-02-05 16:34:10,153 [Worker-115: Building] INFO  o.a.m.s.f.DefaultMavenResourcesFiltering - Copying 1 resource from src\main\resources to target\classes
2025-02-05 16:34:10,639 [Worker-115: Building] INFO  o.a.m.s.f.DefaultMavenResourcesFiltering - Copying 0 resource from src\main\resources to target\classes
2025-02-05 16:34:10,675 [Worker-115: Building] INFO  o.a.m.s.f.DefaultMavenResourcesFiltering - Copying 0 resource from src\test\resources to target\test-classes
